-- MySQL dump 10.13  Distrib 5.7.17, for Win64 (x86_64)
--
-- Host: 10.162.10.100    Database: inventario_digitex
-- ------------------------------------------------------
-- Server version	5.7.17-log

/*!40101 SET @OLD_CHARACTER_SET_CLIENT=@@CHARACTER_SET_CLIENT */;
/*!40101 SET @OLD_CHARACTER_SET_RESULTS=@@CHARACTER_SET_RESULTS */;
/*!40101 SET @OLD_COLLATION_CONNECTION=@@COLLATION_CONNECTION */;
/*!40101 SET NAMES utf8 */;
/*!40103 SET @OLD_TIME_ZONE=@@TIME_ZONE */;
/*!40103 SET TIME_ZONE='+00:00' */;
/*!40014 SET @OLD_UNIQUE_CHECKS=@@UNIQUE_CHECKS, UNIQUE_CHECKS=0 */;
/*!40014 SET @OLD_FOREIGN_KEY_CHECKS=@@FOREIGN_KEY_CHECKS, FOREIGN_KEY_CHECKS=0 */;
/*!40101 SET @OLD_SQL_MODE=@@SQL_MODE, SQL_MODE='NO_AUTO_VALUE_ON_ZERO' */;
/*!40111 SET @OLD_SQL_NOTES=@@SQL_NOTES, SQL_NOTES=0 */;

--
-- Table structure for table `articulos`
--

DROP TABLE IF EXISTS `articulos`;
/*!40101 SET @saved_cs_client     = @@character_set_client */;
/*!40101 SET character_set_client = utf8 */;
CREATE TABLE `articulos` (
  `id_articulos` int(11) NOT NULL AUTO_INCREMENT,
  `activo` varchar(45) NOT NULL,
  `serial_art` varchar(45) NOT NULL,
  `plaqueta_art` varchar(11) NOT NULL,
  `fecha_creacion` date NOT NULL,
  `fk_items` int(11) NOT NULL,
  `fk_puesto` int(11) NOT NULL,
  `fk_campaign` int(11) NOT NULL,
  `fk_bodega` int(11) NOT NULL,
  `fk_sede` int(11) NOT NULL,
  `fk_tipo` int(11) NOT NULL,
  PRIMARY KEY (`id_articulos`),
  UNIQUE KEY `plaqueta_art_UNIQUE` (`plaqueta_art`),
  UNIQUE KEY `serial_art_UNIQUE` (`serial_art`),
  KEY `id_items_idx` (`fk_items`),
  KEY `id_campaña_idx` (`fk_campaign`),
  KEY `id_bodega_idx` (`fk_bodega`),
  KEY `id_sede_idx` (`fk_sede`),
  KEY `fk_tipo_idx` (`fk_tipo`),
  KEY `fk_puesto_art_idx` (`fk_puesto`),
  CONSTRAINT `fk_bodega_art` FOREIGN KEY (`fk_bodega`) REFERENCES `bodegas` (`id_bodega`) ON DELETE NO ACTION ON UPDATE NO ACTION,
  CONSTRAINT `fk_campaña_art` FOREIGN KEY (`fk_campaign`) REFERENCES `campaign` (`id_campaign`) ON DELETE NO ACTION ON UPDATE NO ACTION,
  CONSTRAINT `fk_items_art` FOREIGN KEY (`fk_items`) REFERENCES `items` (`id_item`) ON DELETE NO ACTION ON UPDATE NO ACTION,
  CONSTRAINT `fk_sede_art` FOREIGN KEY (`fk_sede`) REFERENCES `sedes` (`id_sede`) ON DELETE NO ACTION ON UPDATE NO ACTION
) ENGINE=InnoDB AUTO_INCREMENT=3018 DEFAULT CHARSET=utf8;
/*!40101 SET character_set_client = @saved_cs_client */;

--
-- Dumping data for table `articulos`
--

LOCK TABLES `articulos` WRITE;
/*!40000 ALTER TABLE `articulos` DISABLE KEYS */;
INSERT INTO `articulos` VALUES (1000,'1','MJEDVAC','024058','2017-07-12',9,1,13,7,1,1),(1001,'1','VNAC1W5','001850','2017-07-12',16,1,13,7,1,2),(1002,'1','MJEDPYP','012747','2017-07-12',9,1,13,7,1,1),(1003,'1','V1PR676','9010112','2017-07-12',16,2,13,7,1,2),(1004,'1','MJEDVMN','010224','2017-07-12',9,2,13,7,1,1),(1005,'1','CNC038NY31','002026','2017-07-12',23,3,13,7,1,2),(1006,'1','MJEDTWB','024312','2017-07-12',9,3,13,7,1,1),(1007,'1','V1PR688','010047','2017-07-12',16,4,15,7,1,2),(1008,'1','MJ02XN60','018158','2017-07-12',1,4,15,7,1,1),(1009,'1','V335814','018416','2017-07-12',17,5,15,7,1,2),(1010,'1','MJ018XSA','014992','2017-07-12',12,5,15,7,1,1),(1011,'1','V9-0070MN','014958','2017-07-12',20,6,15,7,1,2),(1012,'1','MJ018Y3Q','015707','2017-07-12',12,6,15,7,1,1),(1013,'1','V9-006ZYM','015701','2017-07-12',20,7,15,7,1,2),(1014,'1','MJ018XWV','024056','2017-07-12',12,7,15,7,1,1),(1015,'1','V1BMG13','010132','2017-07-12',16,8,12,7,1,2),(1016,'1','MJEDVBW','024802','2017-07-12',9,8,12,7,1,1),(1017,'1','VNALZVM','000773','2017-07-12',16,28,17,7,1,2),(1018,'1','MJEDVDP','019717','2017-07-12',9,28,17,7,1,1),(1019,'1','VNABZR5','000928','2017-07-12',19,29,17,7,1,2),(1020,'1','MJGMCPA','024025','2017-07-12',9,29,17,7,1,1),(1021,'1','VNAR40M','000811','2017-07-12',19,30,17,7,1,2),(1022,'1','MJGMCRA','024178','2017-07-12',9,30,17,7,1,1),(1023,'1','VNA4D88','001674','2017-07-12',19,31,17,7,1,2),(1024,'1','MJEDVEZ','024137','2017-07-12',9,31,17,7,1,1),(1025,'1','VNAC1W1','001865','2017-07-12',19,32,17,7,1,2),(1026,'1','MJEDVGF','017439','2017-07-12',9,32,17,7,1,1),(1027,'1','VNALZVB','001160','2017-07-12',19,33,17,7,1,2),(1028,'1','MJGMCRE','012768','2017-07-12',9,33,17,7,1,1),(1029,'1','V1ALK48','011134','2017-07-12',16,34,17,7,1,2),(1030,'1','MJEDYZC','024097','2017-07-12',9,34,17,7,1,1),(1031,'1','VNALZRZ','000892','2017-07-12',19,35,17,7,1,2),(1032,'1','99-MJEDPYF','9014736','2017-07-12',9,35,17,7,1,1),(1033,'1','CNC038NQ98','001991','2017-07-12',23,37,9,1,1,2),(1034,'1','MJEDVBG','014512','2017-07-12',9,37,9,1,1,1),(1035,'1','MJGMCPH','015775','2017-07-12',9,37,9,1,1,1),(1036,'1','V1BCN63','010317','2017-07-12',16,38,9,1,1,2),(1037,'1','MJEDTZH','017207','2017-07-12',9,38,9,1,1,1),(1038,'1','MJEDTTT','014743','2017-07-12',9,38,9,1,1,1),(1039,'1','V1BM653','010346','2017-07-12',16,39,1,1,1,2),(1040,'1','MJEDVLH','024242','2017-07-12',9,39,1,1,1,1),(1041,'1','10WZ39552424','004256','2017-07-12',13,39,1,1,1,3),(1042,'1','V1BMF95','024510','2017-07-12',16,40,1,1,1,2),(1043,'1','MJEDVCG','019773','2017-07-12',9,40,1,1,1,1),(1044,'1','10WZ39655170','004209','2017-07-12',13,40,1,1,1,3),(1045,'1','V1BMFJ3','010216','2017-07-12',16,41,1,1,1,2),(1046,'1','MJEDYYP','014744','2017-07-12',9,41,1,1,1,1),(1047,'1','10WZ33450472','003434','2017-07-12',13,41,1,1,1,3),(1048,'1','V1PR651','019991','2017-07-12',16,42,1,1,1,2),(1049,'1','MJZKF10','024310','2017-07-12',6,42,1,1,1,1),(1050,'1','15WZ522704VS','024351','2017-07-12',13,42,1,1,1,3),(1051,'1','CNT933636ZT','001678','2017-07-12',99,43,1,1,1,2),(1052,'1','MJEDPZN','024139','2017-07-12',9,43,1,1,1,1),(1053,'1','15WZ522704UN','024319','2017-07-12',13,43,1,1,1,3),(1054,'1','VNALZTZ','000770','2017-07-12',19,44,1,1,1,2),(1055,'1','MJERDNW','019796','2017-07-12',9,44,1,1,1,1),(1056,'1','08A722580571','003947','2017-07-12',13,44,1,1,1,3),(1057,'1','VNALZVF','001151','2017-07-12',19,45,1,1,1,2),(1058,'1','MJPWH14','024902','2017-07-12',6,45,1,1,1,1),(1059,'1','10WZ35552460','003869','2017-07-12',13,45,1,1,1,3),(1060,'1','VNABZRY','001777','2017-07-12',19,46,1,1,1,2),(1061,'1','MJGMCNL','014749','2017-07-12',9,46,1,1,1,1),(1062,'1','15WZ522703J4','024320','2017-07-12',13,46,1,1,1,3),(1063,'1','V1ALK17','010687','2017-07-12',16,47,1,1,1,2),(1064,'1','MJEDTWR','015768','2017-07-12',9,47,1,1,1,1),(1065,'1','VNA4D8K','002393','2017-07-12',19,48,1,1,1,2),(1066,'1','MJEDVDZ','019726','2017-07-12',9,48,1,1,1,1),(1067,'1','10WZ35553247','004236','2017-07-12',13,48,1,1,1,3),(1068,'1','VNABWM9','002056','2017-07-12',16,49,1,1,1,2),(1069,'1','MJEDPYG','024633','2017-07-12',9,49,1,1,1,1),(1070,'1','10WZ19551822','004232','2017-07-12',13,49,1,1,1,3),(1071,'1','VNABYM8','001258','2017-07-12',99,50,1,1,1,2),(1072,'1','MJERDPZ','024634','2017-07-12',9,50,1,1,1,1),(1073,'1','10WZ33450371','003986','2017-07-12',13,50,1,1,1,3),(1074,'1','V1ALK54','000916','2017-07-12',16,51,1,1,1,2),(1075,'1','MXL040190W','024256','2017-07-12',10,51,1,1,1,1),(1076,'1','15WZ52270475','024615','2017-07-12',13,51,1,1,1,3),(1077,'1','V255554','000234','2017-07-12',16,52,1,1,1,2),(1078,'1','MJBFWYZ','024236','2017-07-12',2,52,1,1,1,1),(1079,'1','10WZ19550539','003994','2017-07-12',4,52,1,1,1,1),(1080,'1','V1PR625','9024695','2017-07-12',16,53,1,1,1,2),(1081,'1','MJEDVFH','024695','2017-07-12',9,53,1,1,1,1),(1082,'1','10WZ35551646','003983','2017-07-12',13,53,1,1,1,3),(1083,'1','V1PR603','011144','2017-07-12',16,54,1,1,1,2),(1084,'1','MJEY048','024619','2017-07-12',99,54,1,1,1,1),(1085,'1','10WZ39655060','004241','2017-07-12',13,54,1,1,1,3),(1086,'1','VNALZTV','000776','2017-07-12',19,55,1,1,1,2),(1087,'1','MJEDVAD','019792','2017-07-12',9,55,1,1,1,1),(1088,'1','10WZ35551663','004319','2017-07-12',13,55,1,1,1,3),(1089,'1','V255689','000149','2017-07-12',16,56,1,1,1,2),(1090,'1','MXL0390XQG','024023','2017-07-12',10,56,1,1,1,1),(1091,'1','10WZ35552455','004203','2017-07-12',13,56,1,1,1,3),(1092,'1','V1PR611','024833','2017-07-12',16,57,1,1,1,2),(1093,'1','MJGMCNR','024623','2017-07-12',9,57,1,1,1,1),(1094,'1','10WZ40050061','003719','2017-07-12',13,57,1,1,1,3),(1095,'1','V1PR664','008790','2017-07-12',16,58,1,1,1,2),(1096,'1','MJEDZBD','019743','2017-07-12',9,58,1,1,1,1),(1097,'1','10WZ35050328','004271','2017-07-12',13,58,1,1,1,3),(1098,'1','V1BCP35','010634','2017-07-12',16,59,1,1,1,2),(1099,'1','MJEDDZN','024202','2017-07-12',9,59,1,1,1,1),(1100,'1','10WZ33450503','003927','2017-07-12',13,59,1,1,1,3),(1101,'1','V256701','000140','2017-07-12',16,60,1,1,1,2),(1102,'1','MJVDDK2','024917','2017-07-12',7,60,1,1,1,1),(1103,'1','10WZ35551899','004007','2017-07-12',13,60,1,1,1,3),(1104,'1','V255718','000196','2017-07-12',16,61,1,1,1,2),(1105,'1','MJEDTTL','024239','2017-07-12',99,61,1,1,1,1),(1106,'1','10WZ35553390','004287','2017-07-12',13,61,1,1,1,3),(1107,'1','V1PR706','010022','2017-07-12',16,62,1,1,1,2),(1108,'1','MJPWA79','024201','2017-07-12',6,62,1,1,1,1),(1109,'1','10WZ39655149','004238','2017-07-12',13,62,1,1,1,3),(1110,'1','V1PR652','010353','2017-07-12',16,63,1,1,1,2),(1111,'1','MJEDTYA','019980','2017-07-12',9,63,1,1,1,1),(1112,'1','10WZ35553453','004269','2017-07-12',13,63,1,1,1,3),(1113,'1','V1BMG09','010054','2017-07-12',16,64,1,1,1,2),(1114,'1','MJVDDA5','024966','2017-07-12',9,64,1,1,1,1),(1115,'1','14WZ380700G','024569','2017-07-12',13,64,1,1,1,3),(1116,'1','VNABZTG','001091','2017-07-12',19,65,1,1,1,2),(1117,'1','MJYE690','024677','2017-07-12',4,65,1,1,1,1),(1118,'1','10WZ35552402','004315','2017-07-12',13,65,1,1,1,3),(1119,'1','V1PR672','010239','2017-07-12',16,66,1,1,1,2),(1120,'1','MJEDPYT','012794','2017-07-12',9,66,1,1,1,1),(1121,'1','V1PR703','024936','2017-07-12',16,67,1,1,1,2),(1122,'1','MJ018XX3','014965','2017-07-12',12,67,1,1,1,1),(1123,'1','10WZ35551653','004281','2017-07-12',13,67,1,1,1,3),(1124,'1','V1PR712','010728','2017-07-12',16,68,1,1,1,2),(1125,'1','MJEDVNN','024937','2017-07-12',9,68,1,1,1,1),(1126,'1','10WZ39655167','004282','2017-07-12',13,68,1,1,1,3),(1127,'1','CNT93363WQ','001863','2017-07-12',23,69,1,1,1,2),(1128,'1','MJEDTTC','010286','2017-07-12',9,69,1,1,1,1),(1129,'1','10WZ522704UZ','024608','2017-07-12',13,69,1,1,1,3),(1130,'1','V9-0070XL','015784','2017-07-12',20,70,1,1,1,2),(1131,'1','MJYED073','019756','2017-07-12',4,70,1,1,1,1),(1132,'1','15WZ51670023','024574','2017-07-12',13,70,1,1,1,3),(1133,'1','VNA4D6K','001704','2017-07-12',19,71,1,1,1,2),(1134,'1','MJEDVAB','019755','2017-07-12',9,71,1,1,1,1),(1135,'1','10WZ39655211','003419','2017-07-12',13,71,1,1,1,3),(1136,'1','VNABXCF','001355','2017-07-12',16,72,1,1,1,2),(1137,'1','MJEDVBB','024970','2017-07-12',9,72,1,1,1,1),(1138,'1','10WZ39655115','004495','2017-07-12',13,72,1,1,1,3),(1139,'1','V255700','000212','2017-07-12',16,73,1,1,1,2),(1140,'1','MJGMCMK','014731','2017-07-12',9,73,1,1,1,1),(1141,'1','10WZ39655178','004214','2017-07-12',13,73,1,1,1,3),(1142,'1','V1BCM86','010038','2017-07-12',16,74,1,1,1,2),(1143,'1','MJEDPXG','024227','2017-07-12',9,74,1,1,1,1),(1144,'1','08A7225800475','003995','2017-07-12',14,74,1,1,1,3),(1145,'1','V1BMF84','010324','2017-07-12',16,75,1,1,1,2),(1146,'1','MJEDPXY','024515','2017-07-12',9,75,1,1,1,1),(1147,'1','10WZ15651482','004335','2017-07-12',13,75,1,1,1,3),(1148,'1','V1ALK52','010658','2017-07-12',16,76,1,1,1,2),(1149,'1','MJEDVFZ','014770','2017-07-12',9,76,1,1,1,1),(1150,'1','08A722580684','004223','2017-07-12',14,76,1,1,1,3),(1151,'1','V1PW224','010314','2017-07-12',16,77,1,1,1,2),(1152,'1','MJEDZ8P','012782','2017-07-12',9,77,1,1,1,1),(1153,'1','V255997','011136','2017-07-12',16,78,1,1,1,2),(1154,'1','MJEPDPE','019735','2017-07-12',9,78,1,1,1,1),(1155,'1','10WZ73555431','004310','2017-07-12',13,78,1,1,1,3),(1156,'1','V335854','000313','2017-07-12',15,79,1,1,1,2),(1157,'1','MJBFXAT','000177','2017-07-12',2,79,1,1,1,1),(1158,'1','V1BCP60','010347','2017-07-12',16,80,1,1,1,2),(1159,'1','MJEDZCD','017411','2017-07-12',9,80,1,1,1,1),(1160,'1','10WZ39655095','003392','2017-07-12',13,80,1,1,1,3),(1161,'1','V9-0070XK','015756','2017-07-12',20,81,1,1,1,2),(1162,'1','MJEDTWC','010754','2017-07-12',9,81,1,1,1,1),(1163,'1','V1PP819','010217','2017-07-12',16,82,1,1,1,2),(1164,'1','MJVDCN2','019774','2017-07-12',7,82,1,1,1,1),(1165,'1','V1PW217','010340','2017-07-12',16,83,1,1,1,2),(1166,'1','MJGMCPX','017469','2017-07-12',9,83,1,1,1,1),(1167,'1','V9-0070MH','015783','2017-07-12',20,84,1,1,1,2),(1168,'1','MJ018XWC','015736','2017-07-12',12,84,1,1,1,1),(1169,'1','VNABY7P','001795','2017-07-12',19,85,1,1,1,2),(1170,'1','MJPWA42','024787','2017-07-12',6,85,1,1,1,1),(1171,'1','VNABY80','000925','2017-07-12',19,86,1,1,1,2),(1172,'1','MJPWG60','024234','2017-07-12',6,86,1,1,1,1),(1173,'1','10WZ33652093','024240','2017-07-12',13,86,1,1,1,3),(1174,'1','V1BMG16','011237','2017-07-12',16,87,1,1,1,2),(1175,'1','MJEDVGC','010714','2017-07-12',9,87,1,1,1,1),(1176,'1','10WZ35552459','003912','2017-07-12',13,87,1,1,1,3),(1177,'1','V1BMF79','019761','2017-07-12',16,88,1,1,1,2),(1178,'1','MJEDPXW','010783','2017-07-12',9,88,1,1,1,1),(1179,'1','10WZ35551866','004277','2017-07-12',13,88,1,1,1,3),(1180,'1','V1BMF85','010339','2017-07-12',16,89,1,1,1,2),(1181,'1','MJYE889','019727','2017-07-12',4,89,1,1,1,1),(1182,'1','V1BCN67','014622','2017-07-12',16,90,1,1,1,2),(1183,'1','MJERDNF','024211','2017-07-12',9,90,1,1,1,1),(1184,'1','VNA4BXM','002357','2017-07-12',19,91,1,1,1,2),(1185,'1','MJYE692','010475','2017-07-12',4,91,1,1,1,1),(1186,'1','VNABYMK','000847','2017-07-12',19,92,1,1,1,2),(1187,'1','MJ02XMX6','020908','2017-07-12',12,92,1,1,1,1),(1188,'1','V1ZT561','010041','2017-07-12',16,93,1,1,1,2),(1189,'1','MJEDYZP','024231','2017-07-12',9,93,1,1,1,1),(1190,'1','V1ZT619','010181','2017-07-12',16,94,1,1,1,2),(1191,'1','MJEDTXP','024233','2017-07-12',9,94,1,1,1,1),(1192,'1','VNAC28M','000868','2017-07-12',19,95,1,1,1,2),(1193,'1','MJPWH81','002310','2017-07-12',6,95,1,1,1,1),(1194,'1','V255733','000210','2017-07-12',16,96,1,1,1,2),(1195,'1','MJBFXCP','014493','2017-07-12',2,96,1,1,1,1),(1196,'1','V1ZT593','024676','2017-07-12',16,97,1,1,1,2),(1197,'1','MJEDZAA','024501','2017-07-12',9,97,1,1,1,1),(1198,'1','VNABYND','000934','2017-07-12',19,98,1,1,1,2),(1199,'1','MJPV201','024216','2017-07-12',6,98,1,1,1,1),(1200,'1','VNABY8B','001291','2017-07-12',19,99,1,1,1,2),(1201,'1','MJPVZ60','024004','2017-07-12',6,99,1,1,1,1),(1202,'1','VNABYMV','000931','2017-07-12',19,100,1,1,1,2),(1203,'1','MJPWF35','000827','2017-07-12',6,100,1,1,1,1),(1204,'1','VNABWPT','001787','2017-07-12',19,101,1,1,1,2),(1205,'1','MJPWK66','024864','2017-07-12',6,101,1,1,1,1),(1206,'1','VNABY62','001797','2017-07-12',19,102,1,1,1,2),(1207,'1','MJZKG77','020615','2017-07-12',6,102,1,1,1,1),(1208,'1','V1PR673','017504','2017-07-12',16,103,1,1,1,2),(1209,'1','MJPWH37','019836','2017-07-12',6,103,1,1,1,1),(1210,'1','V1ZT425','010626','2017-07-12',16,104,1,1,1,2),(1211,'1','MJPVF21','019746','2017-07-12',6,104,1,1,1,1),(1212,'1','VNABWPX','001694','2017-07-12',19,105,1,1,1,2),(1213,'1','MJYED77','019745','2017-07-12',4,105,1,1,1,1),(1214,'1','VNABZRH','001231','2017-07-12',19,106,1,1,1,2),(1215,'1','MJEDPXC','017440','2017-07-12',9,106,1,1,1,1),(1216,'1','V255719','014964','2017-07-12',16,107,1,1,1,2),(1217,'1','MJEDVBR','024241','2017-07-12',9,107,1,1,1,1),(1218,'1','VNABYLN','000865','2017-07-12',19,108,1,1,1,2),(1219,'1','MJEDVLK','008829','2017-07-12',9,108,1,1,1,1),(1220,'1','15WZ522704V6','024614','2017-07-12',13,108,1,1,1,3),(1221,'1','CNC038PN5T','002022','2017-07-12',23,109,1,1,1,2),(1222,'1','MJ02XMYU','016465','2017-07-12',1,109,1,1,1,1),(1223,'1','15WZ522704ST','024323','2017-07-12',13,109,1,1,1,3),(1224,'1','V1BCP54','015767','2017-07-12',16,110,1,1,1,2),(1225,'1','MJGMCMG','024255','2017-07-12',9,110,1,1,1,1),(1226,'1','081636604217','014904','2017-07-12',14,110,1,1,1,3),(1227,'1','V1AWG61','024505','2017-07-12',16,111,1,1,1,2),(1228,'1','MJEDZBL','010766','2017-07-12',9,111,1,1,1,1),(1229,'1','VNABWPW','019999','2017-07-12',19,112,1,1,1,2),(1230,'1','MJEDTRW','010778','2017-07-12',9,112,1,1,1,1),(1231,'1','081620201540','014677','2017-07-12',14,112,1,1,1,3),(1232,'1','V1BMG40','010129','2017-07-12',16,113,1,1,1,2),(1233,'1','MJEDVCC','014556','2017-07-12',9,113,1,1,1,1),(1234,'1','081636604227','014925','2017-07-12',14,113,1,1,1,3),(1235,'1','V1BMF78','010791','2017-07-12',16,114,1,1,1,2),(1236,'1','MJEDTTN','010612','2017-07-12',9,114,1,1,1,1),(1237,'1','V225728','000174','2017-07-12',16,115,1,1,1,2),(1238,'1','MJEDVCH','019930','2017-07-12',6,115,1,1,1,1),(1239,'1','14WZ3807004M','024575','2017-07-12',13,115,1,1,1,3),(1240,'1','V1PR757','010100','2017-07-12',16,116,1,1,1,2),(1241,'1','MJGMCPM','024230','2017-07-12',9,116,1,1,1,1),(1242,'1','V1BCP59','010345','2017-07-12',16,117,1,1,1,2),(1243,'1','MJEDPYL','014558','2017-07-12',9,117,1,1,1,1),(1244,'1','081636604185','014802','2017-07-12',14,117,1,1,1,3),(1245,'1','V256022','008753','2017-07-12',16,118,1,1,1,2),(1246,'1','MJEDTWE','024065','2017-07-12',9,118,1,1,1,1),(1247,'1','081620301059','014935','2017-07-12',14,118,1,1,1,3),(1248,'1','VNABYMM','000952','2017-07-12',19,119,1,1,1,2),(1249,'1','MJEDVK8','019759','2017-07-12',9,119,1,1,1,1),(1250,'1','081636604219','014869','2017-07-12',14,119,1,1,1,3),(1251,'1','V1BMF93','010795','2017-07-12',16,120,1,1,1,2),(1252,'1','MJEDTRF','019754','2017-07-12',9,120,1,1,1,1),(1253,'1','14WZ3807006A','024571','2017-07-12',13,120,1,1,1,3),(1254,'1','V1BMB05','010358','2017-07-12',16,121,1,1,1,2),(1255,'1','MJ018XX7','015735','2017-07-12',12,121,1,1,1,1),(1256,'1','081636604209','014810','2017-07-12',14,121,1,1,1,3),(1257,'1','VNAB1N9N','001744','2017-07-12',19,122,1,1,1,2),(1258,'1','MJEDTRZ','014969','2017-07-12',9,122,1,1,1,1),(1259,'1','14WZ3807003Y','024570','2017-07-12',13,122,1,1,1,3),(1260,'1','VNA4D61','001397','2017-07-12',19,123,1,1,1,2),(1261,'1','MJPVK68','001605','2017-07-12',6,123,1,1,1,1),(1262,'1','14WZ3807003Z','024572','2017-07-12',13,123,1,1,1,3),(1263,'1','CNT96363D8','014954','2017-07-12',24,124,1,1,1,2),(1264,'1','MJ018YZF','015740','2017-07-12',12,124,1,1,1,1),(1265,'1','10WZ35351858','003689','2017-07-12',13,124,1,1,1,3),(1266,'1','VNABWP5','001680','2017-07-12',19,126,1,1,1,2),(1267,'1','MJEDVNC','024769','2017-07-12',9,126,1,1,1,1),(1268,'1','10WZ35553395','004239','2017-07-12',13,126,1,1,1,3),(1269,'1','V1ZT595','010035','2017-07-12',16,127,1,1,1,2),(1270,'1','MJYED45','019870','2017-07-12',4,127,1,1,1,1),(1271,'1','10WZ35551661','003997','2017-07-12',13,127,1,1,1,3),(1272,'1','V1ZT584','010351','2017-07-12',16,128,1,1,1,2),(1273,'1','MJYE885','024850','2017-07-12',4,128,1,1,1,1),(1274,'1','10WZ35552484','004311','2017-07-12',13,128,1,1,1,3),(1275,'1','V255699','000151','2017-07-12',16,129,1,1,1,2),(1276,'1','MJEDRDF','024225','2017-07-12',9,129,1,1,1,1),(1277,'1','10WZ22551975','003992','2017-07-12',13,129,1,1,1,3),(1278,'1','V1PR692','024527','2017-07-12',16,130,1,1,1,2),(1279,'1','MJEDVCW','024264','2017-07-12',9,130,1,1,1,1),(1280,'1','081636604179','011219','2017-07-12',14,130,1,1,1,3),(1281,'1','V1PC496','008701','2017-07-12',16,131,1,1,1,2),(1282,'1','MJEDPZL','017414','2017-07-12',9,131,1,1,1,1),(1283,'1','VNA4D84','001706','2017-07-12',19,132,1,1,1,2),(1284,'1','MJGMCMX','024210','2017-07-12',9,132,1,1,1,1),(1285,'1','10WZ35552433','003673','2017-07-12',13,132,1,1,1,3),(1286,'1','V1BMF91','010008','2017-07-12',16,133,1,1,1,2),(1287,'1','MJEDVNE','010775','2017-07-12',9,133,1,1,1,1),(1288,'1','10WZ35553388','004309','2017-07-12',13,133,1,1,1,3),(1289,'1','V12T562','010130','2017-07-12',16,134,1,1,1,2),(1290,'1','MJGMCRM','024502','2017-07-12',9,134,1,1,1,1),(1291,'1','10WZ35551685','003696','2017-07-12',13,134,1,1,1,3),(1292,'1','V9-0070X1','015757','2017-07-12',20,135,1,1,1,2),(1293,'1','MJEDPYY','024685','2017-07-12',9,135,1,1,1,1),(1294,'1','10WZ35553439','003687','2017-07-12',13,135,1,1,1,3),(1295,'1','V256558','000116','2017-07-12',16,136,1,1,1,2),(1296,'1','MJEDPYX','024624','2017-07-12',9,136,1,1,1,1),(1297,'1','10WZ35553492','003711','2017-07-12',13,136,1,1,1,3),(1298,'1','V1PW209','010091','2017-07-12',16,137,1,1,1,2),(1299,'1','MJEDTTD','001354','2017-07-12',9,137,1,1,1,1),(1300,'1','10WZ15651570','004233','2017-07-12',13,137,1,1,1,3),(1301,'1','V1PR697','010120','2017-07-12',16,138,1,1,1,2),(1302,'1','MJPW602','014704','2017-07-12',6,138,1,1,1,1),(1303,'1','10WZ35551775','004025','2017-07-12',13,138,1,1,1,3),(1304,'1','V1ZT603','010312','2017-07-12',16,139,1,1,1,2),(1305,'1','MJEDVMR','024838','2017-07-12',9,139,1,1,1,1),(1306,'1','10WZ35553394','004252','2017-07-12',13,139,1,1,1,3),(1307,'1','V255716','000166','2017-07-12',16,140,1,1,1,2),(1308,'1','MJPWH29','024503','2017-07-12',6,140,1,1,1,1),(1309,'1','10WZ35551614','004284','2017-07-12',13,140,1,1,1,3),(1310,'1','V1BCR01','010121','2017-07-12',16,141,1,1,1,2),(1311,'1','MJEDVDD','008900','2017-07-12',9,141,1,1,1,1),(1312,'1','10WZ15651266','004312','2017-07-12',13,141,1,1,1,3),(1313,'1','V1BCP37','010089','2017-07-12',16,142,1,1,1,2),(1314,'1','MJEDVVDY','024228','2017-07-12',9,142,1,1,1,1),(1315,'1','10WZ35552458','003688','2017-07-12',13,142,1,1,1,3),(1316,'1','V1ALK56','024229','2017-07-12',16,143,1,1,1,2),(1317,'1','MJ6MCRC','011198','2017-07-12',9,143,1,1,1,1),(1318,'1','10WZ22551304','004040','2017-07-12',13,143,1,1,1,3),(1319,'1','V335800','000224','2017-07-12',17,144,1,1,1,2),(1320,'1','MJGMPCZ','024265','2017-07-12',9,144,1,1,1,1),(1321,'1','08A722581124','003937','2017-07-12',14,144,1,1,1,3),(1322,'1','V1BLW00','011274','2017-07-12',16,145,2,1,1,2),(1323,'1','MJ018Y11','019742','2017-07-12',12,145,2,1,1,1),(1324,'1','V1PR615','017419','2017-07-12',16,146,2,1,1,2),(1325,'1','MJEDTWN','024926','2017-07-12',9,146,2,1,1,1),(1326,'1','V1PR613','010651','2017-07-12',16,147,2,1,1,2),(1327,'1','MJEDTPP','024927','2017-07-12',9,147,2,1,1,1),(1328,'1','V1BCP43','010106','2017-07-12',16,148,2,1,1,2),(1329,'1','MJERDRX','011192','2017-07-12',9,148,2,1,1,1),(1330,'1','V1ALK11','011110','2017-07-12',16,149,2,1,1,2),(1331,'1','MJEDVCE','024924','2017-07-12',9,149,2,1,1,1),(1332,'1','V255989','008690','2017-07-12',16,150,1,1,1,2),(1333,'1','MJPWH36','024208','2017-07-12',6,150,1,1,1,1),(1334,'1','VNA4D6Y','001710','2017-07-12',19,151,1,1,1,2),(1335,'1','MJEDZCB','017409','2017-07-12',9,151,1,1,1,1),(1336,'1','VNABZR6','001225','2017-07-12',19,152,1,1,1,2),(1337,'1','MJEDYZY','024149','2017-07-12',9,152,1,1,1,1),(1338,'1','15WZ522704UK','024322','2017-07-12',13,152,1,1,1,3),(1339,'1','VNALZVC','001139','2017-07-12',19,153,1,1,1,2),(1340,'1','MJEDVAR','014748','2017-07-12',9,153,1,1,1,1),(1341,'1','10WZ35553484','004253','2017-07-12',13,153,1,1,1,3),(1342,'1','VNABWND','011235','2017-07-12',19,154,1,1,1,2),(1343,'1','MJ018XXZ','017564','2017-07-12',12,154,1,1,1,1),(1344,'1','10WZ39655105','004302','2017-07-12',13,154,1,1,1,3),(1345,'1','V1ZT580','010039','2017-07-12',16,155,1,1,1,2),(1346,'1','MJEDVMZ','012798','2017-07-12',9,155,1,1,1,1),(1347,'1','10WZ35552486','004032','2017-07-12',13,155,1,1,1,3),(1348,'1','VNABY86','000808','2017-07-12',19,156,1,1,1,2),(1349,'1','MJ6MCN6','024155','2017-07-12',9,156,1,1,1,1),(1350,'1','15WZ522704WB','024318','2017-07-12',13,156,1,1,1,3),(1351,'1','V1PR695','010316','2017-07-12',16,157,1,1,1,2),(1352,'1','MJEDZCE','019728','2017-07-12',9,157,1,1,1,1),(1353,'1','V1PR039','010343','2017-07-12',16,158,1,1,1,2),(1354,'1','MJEDVEA','024869','2017-07-12',9,158,1,1,1,1),(1355,'1','V1PR621','010344','2017-07-12',16,159,1,1,1,2),(1356,'1','MJEDTZV','011122','2017-07-12',9,159,1,1,1,1),(1357,'1','VNABY64','001734','2017-07-12',19,160,1,1,1,2),(1358,'1','MJBFXAV','024507','2017-07-12',2,160,1,1,1,1),(1359,'1','10WZ35551767','004329','2017-07-12',13,160,1,1,1,3),(1360,'1','VNABY1B','001690','2017-07-12',19,161,1,1,1,2),(1361,'1','MJEDVNH','024508','2017-07-12',9,161,1,1,1,1),(1362,'1','10WZ33450606','003984','2017-07-12',13,161,1,1,1,3),(1363,'1','V1AW631','008749','2017-07-12',16,162,1,1,1,2),(1364,'1','MJEDVXY','017412','2017-07-12',9,162,1,1,1,1),(1365,'1','10WZ15651154','003996','2017-07-12',13,162,1,1,1,3),(1366,'1','VNABY7T','002086','2017-07-12',19,163,1,1,1,2),(1367,'1','MJEDTRP','024509','2017-07-12',9,163,1,1,1,1),(1368,'1','10WZ15651784','004292','2017-07-12',13,163,1,1,1,3),(1369,'1','VNABZTA','001240','2017-07-12',16,164,1,1,1,2),(1370,'1','MJEDVFE','024965','2017-07-12',9,164,1,1,1,1),(1371,'1','10WZ35551741','004322','2017-07-12',13,164,1,1,1,3),(1372,'1','V1PR716','010088','2017-07-12',16,165,1,1,1,2),(1373,'1','MJEDTVR','024622','2017-07-12',9,165,1,1,1,1),(1374,'1','15WZ52270447','024612','2017-07-12',13,165,1,1,1,3),(1375,'1','V1PR668','010101','2017-07-12',16,166,1,1,1,2),(1376,'1','MJEVTXV','024306','2017-07-12',9,166,1,1,1,1),(1377,'1','10WZ33652043','004240','2017-07-12',13,166,1,1,1,3),(1378,'1','V1BMF94','010789','2017-07-12',16,167,1,1,1,2),(1379,'1','MJEDDJD','024174','2017-07-12',9,167,1,1,1,1),(1380,'1','15WZ522704TK','024609','2017-07-12',13,167,1,1,1,3),(1381,'1','V1ALK51','014754','2017-07-12',16,168,1,1,1,2),(1382,'1','MJEDTZP','012785','2017-07-12',9,168,1,1,1,1),(1383,'1','15WZ522704RR','024321','2017-07-12',13,168,1,1,1,3),(1384,'1','V1PP817','010761','2017-07-12',16,169,1,1,1,2),(1385,'1','MJGMCPN','019778','2017-07-12',9,169,1,1,1,1),(1386,'1','V1BCP66','010095','2017-07-12',16,170,1,1,1,2),(1387,'1','MJEDTXA','010772','2017-07-12',9,170,1,1,1,1),(1388,'1','VNABZV9','000844','2017-07-12',19,171,1,1,1,2),(1389,'1','MJEDZBC','024305','2017-07-12',9,171,1,1,1,1),(1390,'1','15W7522704UC','024326','2017-07-12',13,171,1,1,1,3),(1391,'1','VNABZT7','000910','2017-07-12',19,172,1,1,1,2),(1392,'1','MJEDZBM','024138','2017-07-12',9,172,1,1,1,1),(1393,'1','15WZ522704W7','024317','2017-07-12',13,172,1,1,1,3),(1394,'1','V1PR612','024206','2017-07-12',16,173,1,1,1,2),(1395,'1','MJPWK72','024205','2017-07-12',6,173,1,1,1,1),(1396,'1','10WZ35052297','003746','2017-07-12',13,173,1,1,1,3),(1397,'1','V1ZT596','010325','2017-07-12',16,174,1,1,1,2),(1398,'1','MJEDTVW','024686','2017-07-12',9,174,1,1,1,1),(1399,'1','10WZ31651903','004328','2017-07-12',13,174,1,1,1,3),(1400,'1','2580-AB1','010242','2017-07-12',99,175,1,1,1,2),(1401,'1','MJVDCZ7','012632','2017-07-12',7,175,1,1,1,1),(1402,'1','10WZ35551562','003823','2017-07-12',13,175,1,1,1,3),(1403,'1','V1BMF99','010800','2017-07-12',16,176,1,1,1,2),(1404,'1','MJVDDL1','019771','2017-07-12',7,176,1,1,1,1),(1405,'1','10WZ33450558','004204','2017-07-12',13,176,1,1,1,3),(1406,'1','VNA4D6M','001352','2017-07-12',19,177,1,1,1,2),(1407,'1','MJPWH62','024994','2017-07-12',6,177,1,1,1,1),(1408,'1','10WZ35552019','003723','2017-07-12',13,177,1,1,1,3),(1409,'1','V1ZT635','010335','2017-07-12',16,178,1,1,1,2),(1410,'1','MJZHH60','024243','2017-07-12',6,178,1,1,1,1),(1411,'1','10WZ35553423','003385','2017-07-12',13,178,1,1,1,3),(1412,'1','V256594','000136','2017-07-12',16,179,1,1,1,2),(1413,'1','MJEDTYE','024989','2017-07-12',9,179,1,1,1,1),(1414,'1','081636604213','014689','2017-07-12',14,179,1,1,1,3),(1415,'1','V1PW218','010336','2017-07-12',16,180,1,1,1,2),(1416,'1','MJEDTYB','024224','2017-07-12',9,180,1,1,1,1),(1417,'1','081620302567','014876','2017-07-12',14,180,1,1,1,3),(1418,'1','V1PR709','010321','2017-07-12',16,181,1,1,1,2),(1419,'1','MJEDZBF','010799','2017-07-12',9,181,1,1,1,1),(1420,'1','10WZ35051630','004251','2017-07-12',13,181,1,1,1,3),(1421,'1','VNAC1VB','001700','2017-07-12',19,182,1,1,1,2),(1422,'1','MJEDPYW','024511','2017-07-12',9,182,1,1,1,1),(1423,'1','10WZ35552403','003423','2017-07-12',13,182,1,1,1,3),(1424,'1','V1ZT564','010342','2017-07-12',16,183,1,1,1,2),(1425,'1','MJGMCNZ','012781','2017-07-12',9,183,1,1,1,1),(1426,'1','10WZ22551956','004216','2017-07-12',13,183,1,1,1,3),(1427,'1','CNC038FQN6','002003','2017-07-12',23,184,1,1,1,2),(1428,'1','MJPWF92','024245','2017-07-12',6,184,1,1,1,1),(1429,'1','10WZ35552492','9004307','2017-07-12',13,184,1,1,1,3),(1430,'1','V1ZT627','010338','2017-07-12',16,185,1,1,1,2),(1431,'1','MJEDZCK','019770','2017-07-12',9,185,1,1,1,1),(1432,'1','10WZ33652084','003406','2017-07-12',13,185,1,1,1,3),(1433,'1','VNABY1K','001702','2017-07-12',18,186,1,1,1,2),(1434,'1','MJBFXLH','024246','2017-07-12',2,186,1,1,1,1),(1435,'1','10WZ35552440','004307','2017-07-12',13,186,1,1,1,3),(1436,'1','VNABWPY','001377','2017-07-12',18,187,1,1,1,2),(1437,'1','MJPWH58','014559','2017-07-12',6,187,1,1,1,1),(1438,'1','10W195550625','004220','2017-07-12',13,187,1,1,1,3),(1439,'1','V1PR675','010337','2017-07-12',16,188,1,1,1,2),(1440,'1','MJPWH13','017405','2017-07-12',6,188,1,1,1,1),(1441,'1','10WZ39655137','003849','2017-07-12',13,188,1,1,1,3),(1442,'1','V1PR705','010332','2017-07-12',16,189,1,1,1,2),(1443,'1','MJEDYYR','024247','2017-07-12',9,189,1,1,1,1),(1444,'1','10WZ35553409','004230','2017-07-12',13,189,1,1,1,3),(1445,'1','V1BCP24','010779','2017-07-12',16,190,1,1,1,2),(1446,'1','MJGMCMP','019809','2017-07-12',9,190,1,1,1,1),(1447,'1','10WZ39655000','004327','2017-07-12',13,190,1,1,1,3),(1448,'1','V1PW253','010749','2017-07-12',16,191,1,1,1,2),(1449,'1','MJPWK78','012727','2017-07-12',6,191,1,1,1,1),(1450,'1','10WZ35553378','003368','2017-07-12',13,191,1,1,1,3),(1451,'1','VNAC1RB','001363','2017-07-12',18,192,1,1,1,2),(1452,'1','MJEDTY2','019975','2017-07-12',9,192,1,1,1,1),(1453,'1','10WZ35553414','004217','2017-07-12',13,192,1,1,1,3),(1454,'1','V1PR721','010326','2017-07-12',16,193,1,1,1,2),(1455,'1','MJEDVEB','019784','2017-07-12',9,193,1,1,1,1),(1456,'1','10WZ35551842','004264','2017-07-12',13,193,1,1,1,3),(1457,'1','V1ZT609','010763','2017-07-12',16,194,1,1,1,2),(1458,'1','MJPWF87','024248','2017-07-12',6,194,1,1,1,1),(1459,'1','10WZ35551780','003402','2017-07-12',13,194,1,1,1,3),(1460,'1','V1ZT543','010327','2017-07-12',16,195,1,1,1,2),(1461,'1','MJEDTWP','019757','2017-07-12',9,195,1,1,1,1),(1462,'1','10WZ35553485','004275','2017-07-12',13,195,1,1,1,3),(1463,'1','V1PW222','010328','2017-07-12',16,196,1,1,1,2),(1464,'1','MJEDTVP','024512','2017-07-12',9,196,1,1,1,1),(1465,'1','10WZ35553438','004314','2017-07-12',13,196,1,1,1,3),(1466,'1','VNALZV5','001157','2017-07-12',19,197,1,1,1,2),(1467,'1','MJEDTRG','024513','2017-07-12',9,197,1,1,1,1),(1468,'1','V1ZT621','010330','2017-07-12',16,198,1,1,1,2),(1469,'1','MJEDTVN','010713','2017-07-12',9,198,1,1,1,1),(1470,'1','VNA4D8B','001361','2017-07-12',18,199,1,1,1,2),(1471,'1','MJEDTZG','010786','2017-07-12',9,199,1,1,1,1),(1472,'1','V1ZT618','9010329','2017-07-12',99,200,1,1,1,2),(1473,'1','MJEDPYK','010329','2017-07-12',9,200,1,1,1,1),(1474,'1','10WZ35551799','003962','2017-07-12',13,200,1,1,1,3),(1475,'1','V1PP776','011242','2017-07-12',16,201,1,1,1,2),(1476,'1','MJEDZAE','010747','2017-07-12',9,201,1,1,1,1),(1477,'1','10WZ39655172','004290','2017-07-12',13,201,1,1,1,3),(1478,'1','CNC038NR57','002315','2017-07-12',23,202,1,1,1,2),(1479,'1','MXL040015B','017239','2017-07-12',10,202,1,1,1,1),(1480,'1','14wz38070063','024573','2017-07-12',13,202,1,1,1,3),(1481,'1','VNAP4XG','001109','2017-07-12',19,203,1,1,1,2),(1482,'1','MJEDRBL','014529','2017-07-12',9,203,1,1,1,1),(1483,'1','10WZ35553455','004289','2017-07-12',13,203,1,1,1,3),(1484,'1','VNABY5Z','001346','2017-07-12',19,204,1,1,1,2),(1485,'1','MJEDTTF','024157','2017-07-12',9,204,1,1,1,1),(1486,'1','08A722580420','004218','2017-07-12',13,204,1,1,1,3),(1487,'1','V1PW190','010334','2017-07-12',16,205,1,1,1,2),(1488,'1','MJEDTZD','024223','2017-07-12',9,205,1,1,1,1),(1489,'1','10WZ35551811','003920','2017-07-12',13,205,1,1,1,3),(1490,'1','V1PR689','010322','2017-07-12',16,206,1,1,1,2),(1491,'1','MJEDYZX','019793','2017-07-12',9,206,1,1,1,1),(1492,'1','08A722580462','004326','2017-07-12',13,206,1,1,1,3),(1493,'1','V1PR727','010323','2017-07-12',16,207,1,1,1,2),(1494,'1','MJEDPYR','019910','2017-07-12',9,207,1,1,1,1),(1495,'1','10WZ35552404','003875','2017-07-12',13,207,1,1,1,3),(1496,'1','V1PR645','010320','2017-07-12',16,208,1,1,1,2),(1497,'1','MJVDDC6','000195','2017-07-12',7,208,1,1,1,1),(1498,'1','10WZ33450424','003447','2017-07-12',13,208,1,1,1,3),(1499,'1','V1PP833','010319','2017-07-12',16,209,1,1,1,2),(1500,'1','MJEDTWX','024971','2017-07-12',9,209,1,1,1,1),(1501,'1','14WZ36270219','016839','2017-07-12',13,209,1,1,1,3),(1502,'1','V1ZT581','010318','2017-07-12',16,210,1,1,1,2),(1503,'1','MJWYBP5','019779','2017-07-12',7,210,1,1,1,1),(1504,'1','10WZ40050075','003816','2017-07-12',13,210,1,1,1,3),(1505,'1','V1ZT573','010315','2017-07-12',16,211,1,1,1,2),(1506,'1','MJWY8P6','024250','2017-07-12',7,211,1,1,1,1),(1507,'1','HSTND-2311','012633','2017-07-12',22,212,1,1,1,2),(1508,'1','MJEDZCW','024132','2017-07-12',9,212,1,1,1,1),(1509,'1','VNABACT','000961','2017-07-12',19,213,1,1,1,2),(1510,'1','MJEDTXF','024870','2017-07-12',9,213,1,1,1,1),(1511,'1','08A722580697','003949','2017-07-12',13,213,1,1,1,3),(1512,'1','V256530','024914','2017-07-12',16,214,1,1,1,2),(1513,'1','MJEDTYY','024913','2017-07-12',9,214,1,1,1,1),(1514,'1','10WZ35551529','003931','2017-07-12',13,214,1,1,1,3),(1515,'1','V256020','008739','2017-07-12',16,215,1,1,1,2),(1516,'1','MJEDVVX','019799','2017-07-12',9,215,1,1,1,1),(1517,'1','10WZ35551556','004278','2017-07-12',13,215,1,1,1,3),(1518,'1','V9-006ZYO','015704','2017-07-12',20,216,1,1,1,2),(1519,'1','MJEDVDW','010722','2017-07-12',9,216,1,1,1,1),(1520,'1','10WZ35551570','003852','2017-07-12',13,216,1,1,1,3),(1521,'1','VNABY71','001772','2017-07-12',19,217,1,1,1,2),(1522,'1','MXL0390XLY','024024','2017-07-12',10,217,1,1,1,1),(1523,'1','10WZ33450569','003812','2017-07-12',13,217,1,1,1,3),(1524,'1','V1PR726','010341','2017-07-12',16,218,1,1,1,2),(1525,'1','MJEDTXC','019775','2017-07-12',9,218,1,1,1,1),(1526,'1','V1BM632','008762','2017-07-12',16,219,1,1,1,2),(1527,'1','MJEDVKL','019732','2017-07-12',9,219,1,1,1,1),(1528,'1','V255724','000082','2017-07-12',16,220,1,1,1,2),(1529,'1','MJEDTRB','008826','2017-07-12',9,220,1,1,1,1),(1530,'1','V1PP793','019800','2017-07-12',16,221,1,1,1,2),(1531,'1','MJEDRCN','008814','2017-07-12',9,221,1,1,1,1),(1532,'1','V1BMG15','012761','2017-07-12',16,222,1,1,1,2),(1533,'1','MJEDPZZ','008896','2017-07-12',9,222,1,1,1,1),(1534,'1','V1PR711','010726','2017-07-12',16,223,1,1,1,2),(1535,'1','MJEDTZL','019781','2017-07-12',9,223,1,1,1,1),(1536,'1','V1PR723','010303','2017-07-12',16,224,1,1,1,2),(1537,'1','MJEDTXL','019767','2017-07-12',9,224,1,1,1,1),(1538,'1','10WZ33450568','004316','2017-07-12',13,224,1,1,1,3),(1539,'1','V1BMG03','008761','2017-07-12',16,225,1,1,1,2),(1540,'1','MJEDPXE','024516','2017-07-12',9,225,1,1,1,1),(1541,'1','10WZ35553487','003923','2017-07-12',13,225,1,1,1,3),(1542,'1','V1PR663','010379','2017-07-12',16,226,1,1,1,2),(1543,'1','MJEDVPC','017408','2017-07-12',9,226,1,1,1,1),(1544,'1','10WZ35552438','003807','2017-07-12',13,226,1,1,1,3),(1545,'1','V1ALK37','017523','2017-07-12',16,227,1,1,1,2),(1546,'1','MJEDRAR','019785','2017-07-12',9,227,1,1,1,1),(1547,'1','10WZ35553298','004320','2017-07-12',13,227,1,1,1,3),(1548,'1','VNA4D82','001660','2017-07-12',19,228,1,1,1,2),(1549,'1','MJPWK73','024253','2017-07-12',9,228,1,1,1,1),(1550,'1','10WZ35553434','003988','2017-07-12',13,228,1,1,1,3),(1551,'1','VNALZTR','001017','2017-07-12',19,229,1,1,1,2),(1552,'1','MJEDVLR','024517','2017-07-12',9,229,1,1,1,1),(1553,'1','10WZ35553491','003987','2017-07-12',13,229,1,1,1,3),(1554,'1','V1ALK06','010654','2017-07-12',16,230,1,1,1,2),(1555,'1','MJEDY2A','017407','2017-07-12',9,230,1,1,1,1),(1556,'1','10WZ33450401','003836','2017-07-12',13,230,1,1,1,3),(1557,'1','V256019','008721','2017-07-12',16,231,1,1,1,2),(1558,'1','MJEDPZW','024930','2017-07-12',9,231,1,1,1,1),(1559,'1','10WZ40050060','004255','2017-07-12',13,231,1,1,1,3),(1560,'1','V1AWG28','008733','2017-07-12',16,232,1,1,1,2),(1561,'1','MJEDVCO','024518','2017-07-12',9,232,1,1,1,1),(1562,'1','09WZ49552304','004228','2017-07-12',13,232,1,1,1,3),(1563,'1','VNABY76','002526','2017-07-12',19,233,1,1,1,2),(1564,'1','MJBXCR','024131','2017-07-12',2,233,1,1,1,1),(1565,'1','10WZ35551659','003770','2017-07-12',13,233,1,1,1,3),(1566,'1','V256001','024532','2017-07-12',16,234,1,1,1,2),(1567,'1','MJEDTPN','019931','2017-07-12',9,234,1,1,1,1),(1568,'1','10WZ33450461','003731','2017-07-12',13,234,1,1,1,3),(1569,'1','VNA4D6W','002088','2017-07-12',19,235,2,1,1,2),(1570,'1','MJEDTXR','024920','2017-07-12',9,235,2,1,1,1),(1571,'1','VNB3982','002032','2017-07-12',19,236,2,1,1,2),(1572,'1','MJVKTC1','014555','2017-07-12',5,236,2,1,1,1),(1573,'1','VNB4DZL','002034','2017-07-12',19,237,2,1,1,2),(1574,'1','MJGMCPF','024334','2017-07-12',9,237,2,1,1,1),(1575,'1','VNB3985','002036','2017-07-12',19,238,2,1,1,2),(1576,'1','MJHEDL8','014546','2017-07-12',3,238,2,1,1,1),(1577,'1','VNB3AFY','002038','2017-07-12',19,239,2,1,1,2),(1578,'1','MJ018Y29','015744','2017-07-12',12,239,2,1,1,1),(1579,'1','VNB3983','002040','2017-07-12',19,240,2,1,1,2),(1580,'1','MJVKTK8','024519','2017-07-12',5,240,2,1,1,1),(1581,'1','VNB4FOH','011102','2017-07-12',19,241,2,1,1,2),(1582,'1','MJGMCMR','024175','2017-07-12',9,241,2,1,1,1),(1583,'1','VNB3980','002044','2017-07-12',19,242,2,1,1,2),(1584,'1','MJVKTK3','019946','2017-07-12',5,242,2,1,1,1),(1585,'1','VNABY77','002143','2017-07-12',19,243,2,1,1,2),(1586,'1','MJPWH17','024520','2017-07-12',6,243,2,1,1,1),(1587,'1','V1AWF87','008757','2017-07-12',16,244,2,1,1,2),(1588,'1','MJEDVNR','014547','2017-07-12',9,244,2,1,1,1),(1589,'1','V1PR718','008791','2017-07-12',16,245,2,1,1,2),(1590,'1','MJEDRCD','019981','2017-07-12',9,245,2,1,1,1),(1591,'1','CNC038NPJW','002012','2017-07-12',23,246,2,1,1,2),(1592,'1','MJERDPH','024919','2017-07-12',9,246,2,1,1,1),(1593,'1','V1ZT591','024524','2017-07-12',16,247,2,1,1,2),(1594,'1','MXL0390XNB','012707','2017-07-12',10,247,2,1,1,1),(1595,'1','V1PP949','008699','2017-07-12',19,248,2,1,1,2),(1596,'1','MJEDZAN','019935','2017-07-12',9,248,2,1,1,1),(1597,'1','VNAN9B','002048','2017-07-12',19,249,2,1,1,2),(1598,'1','MJEDRCW','014531','2017-07-12',9,249,2,1,1,1),(1599,'1','VNABZR2','001276','2017-07-12',19,250,2,1,1,2),(1600,'1','MJ018Y0W','024908','2017-07-12',12,250,2,1,1,1),(1601,'1','V1ZT613','010307','2017-07-12',16,251,2,1,1,2),(1602,'1','MJHEDZA','014545','2017-07-12',3,251,2,1,1,1),(1603,'1','VNB1N75','024105','2017-07-12',19,252,2,1,1,2),(1604,'1','MJFNPY9','014544','2017-07-12',3,252,2,1,1,1),(1605,'1','V1BMGOO','010154','2017-07-12',16,253,2,1,1,2),(1606,'1','MJZHH67','024554','2017-07-12',6,253,2,1,1,1),(1607,'1','VNB1N9L','024521','2017-07-12',19,254,2,1,1,2),(1608,'1','MJFNPW2','024969','2017-07-12',3,254,2,1,1,1),(1609,'1','VNB1N90','002060','2017-07-12',19,255,2,1,1,2),(1610,'1','MJHEDM3','019965','2017-07-12',3,255,2,1,1,1),(1611,'1','V1PR720','024325','2017-07-12',16,256,2,1,1,2),(1612,'1','MJEDVLG','014767','2017-07-12',9,256,2,1,1,1),(1613,'1','VNB1N82','002082','2017-07-12',19,257,2,1,1,2),(1614,'1','MJFNPXZ3','019964','2017-07-12',3,257,2,1,1,1),(1615,'1','MJYE033','002392','2017-07-12',19,257,2,1,1,1),(1616,'1','V1PR579','011106','2017-07-12',16,258,2,1,1,2),(1617,'1','MJHEDC0','014542','2017-07-12',3,258,2,1,1,1),(1618,'1','VNB1N72','002078','2017-07-12',19,259,2,1,1,2),(1619,'1','MJHEDE5','019954','2017-07-12',3,259,2,1,1,1),(1620,'1','VNB1N9K','024300','2017-07-12',19,260,2,1,1,2),(1621,'1','MJFNRA9','019956','2017-07-12',3,260,2,1,1,1),(1622,'1','VNB1N8X','014537','2017-07-12',19,261,2,1,1,2),(1623,'1','MJFNRD4','024884','2017-07-12',3,261,2,1,1,1),(1624,'1','VNB1N9H','002072','2017-07-12',19,262,2,1,1,2),(1625,'1','MJHEDMO','014536','2017-07-12',3,262,2,1,1,1),(1626,'1','VNB1N9D','002070','2017-07-12',19,263,2,1,1,2),(1627,'1','MJFNPW4','024910','2017-07-12',3,263,2,1,1,1),(1628,'1','VNB1N9C','002068','2017-07-12',19,264,2,1,1,2),(1629,'1','MJYE061','024311','2017-07-12',4,264,2,1,1,1),(1630,'1','VNB1N70','002066','2017-07-12',19,265,2,1,1,2),(1631,'1','MJFNPY7','024885','2017-07-12',3,265,2,1,1,1),(1632,'1','VNB1N8Y','014532','2017-07-12',19,266,2,1,1,2),(1633,'1','MJEDZAF','024912','2017-07-12',9,266,2,1,1,1),(1634,'1','VNABWPZ','002098','2017-07-12',19,267,2,1,1,2),(1635,'1','MJPWH98','019960','2017-07-12',6,267,2,1,1,1),(1636,'1','V1ALK46','010676','2017-07-12',16,268,2,1,1,2),(1637,'1','MJEDYZE','024968','2017-07-12',9,268,2,1,1,1),(1638,'1','V1AWG62','011569','2017-07-12',16,269,2,1,1,2),(1639,'1','MJERDPF','024886','2017-07-12',9,269,2,1,1,1),(1640,'1','V1ZT628','008765','2017-07-12',16,270,2,1,1,2),(1641,'1','MJERDND','024906','2017-07-12',9,270,2,1,1,1),(1642,'1','VNB1N74','002084','2017-07-12',19,271,2,1,1,2),(1643,'1','MJEDRDN','024887','2017-07-12',9,271,2,1,1,1),(1644,'1','V1PC420','008692','2017-07-12',16,272,2,1,1,2),(1645,'1','MJEDVNW','024888','2017-07-12',9,272,2,1,1,1),(1646,'1','V1ALK12','011108','2017-07-12',16,273,2,1,1,2),(1647,'1','MJPWK77','001899','2017-07-12',6,273,2,1,1,1),(1648,'1','V1BCP34','024289','2017-07-12',16,274,2,1,1,2),(1649,'1','MJFNPW3','024907','2017-07-12',3,274,2,1,1,1),(1650,'1','V256005','024288','2017-07-12',16,275,2,1,1,2),(1651,'1','MJEDVRL','024901','2017-07-12',9,275,2,1,1,1),(1652,'1','V1AW650','024287','2017-07-12',16,276,2,1,1,2),(1653,'1','MJEDVHT','012751','2017-07-12',9,276,2,1,1,1),(1654,'1','VNB3AG0','002030','2017-07-12',19,277,2,1,1,2),(1655,'1','MJEDTXK','012787','2017-07-12',9,277,2,1,1,1),(1656,'1','VNAC1NB','002090','2017-07-12',19,278,2,1,1,2),(1657,'1','MJEDVCY','012793','2017-07-12',9,278,2,1,1,1),(1658,'1','VNABY79','002092','2017-07-12',19,279,2,1,1,2),(1659,'1','MJPWH85','024523','2017-07-12',6,279,2,1,1,1),(1660,'1','VNABY6P','002096','2017-07-12',19,280,2,1,1,2),(1661,'1','MJEDYZF','014766','2017-07-12',9,280,2,1,1,1),(1662,'1','VNA4D5Y','002094','2017-07-12',19,281,2,1,1,2),(1663,'1','MJYED38','024903','2017-07-12',4,281,2,1,1,1),(1664,'1','V1AWG49','008700','2017-07-12',99,282,2,1,1,2),(1665,'1','MJEDVNV','024883','2017-07-12',9,282,2,1,1,1),(1666,'1','V1AWG04','008764','2017-07-12',16,283,2,1,1,2),(1667,'1','MJEDRDX','024616','2017-07-12',9,283,2,1,1,1),(1668,'1','V1ZT586','010356','2017-07-12',16,284,2,1,1,2),(1669,'1','MJEDTZA','024918','2017-07-12',9,284,2,1,1,1),(1670,'1','V256021','008719','2017-07-12',16,285,2,1,1,2),(1671,'1','MJVKTL4','019947','2017-07-12',5,285,2,1,1,1),(1672,'1','V1ZT328','014548','2017-07-12',16,286,2,1,1,2),(1673,'1','MJEDTVC','024102','2017-07-12',9,286,2,1,1,1),(1674,'1','V255982','008747','2017-07-12',16,287,2,1,1,2),(1675,'1','MJEDTWH','019950','2017-07-12',9,287,2,1,1,1),(1676,'1','10WZ35553406','004018','2017-07-12',13,287,2,1,1,3),(1677,'1','V1AWG38','008750','2017-07-12',16,288,2,1,1,2),(1678,'1','MJEDTYD','019951','2017-07-12',9,288,2,1,1,1),(1679,'1','V1PP825','019944','2017-07-12',16,289,2,1,1,2),(1680,'1','MJGMCNV','024107','2017-07-12',9,289,2,1,1,1),(1681,'1','V9-006ZXB','015717','2017-07-12',20,290,2,1,1,2),(1682,'1','MJEDVNK','014774','2017-07-12',9,290,2,1,1,1),(1683,'1','10WZ39655132','004249','2017-07-12',13,290,2,1,1,3),(1684,'1','V1AWG17','008763','2017-07-12',16,291,2,1,1,2),(1685,'1','MJEDPW','024972','2017-07-12',9,291,2,1,1,1),(1686,'1','V1AW635','008722','2017-07-12',16,292,2,1,1,2),(1687,'1','MJYE093','024922','2017-07-12',7,292,2,1,1,1),(1688,'1','V1BCP89','008732','2017-07-12',16,293,2,1,1,2),(1689,'1','MJVDCX8','024655','2017-07-12',9,293,2,1,1,1),(1690,'1','V1PR610','010435','2017-07-12',16,294,2,1,1,2),(1691,'1','MJPWG08','019927','2017-07-12',6,294,2,1,1,1),(1692,'1','V1BLX05','010793','2017-07-12',16,295,2,1,1,2),(1693,'1','MXL039XNB','024664','2017-07-12',12,295,2,1,1,1),(1694,'1','V1BCP28','010049','2017-07-12',16,296,2,1,1,2),(1695,'1','MJHEDMG','024077','2017-07-12',3,296,2,1,1,1),(1696,'1','VNABZTC','010500','2017-07-12',19,297,2,1,1,2),(1697,'1','MJPWK71','011246','2017-07-12',6,297,2,1,1,1),(1698,'1','VNB1N9G','002062','2017-07-12',19,298,2,1,1,2),(1699,'1','MJFNPX4','014543','2017-07-12',3,298,2,1,1,1),(1700,'1','V1AW620','008694','2017-07-12',16,299,2,1,1,2),(1701,'1','MJEDRAT','011196','2017-07-12',9,299,2,1,1,1),(1702,'1','V1ZT631','010094','2017-07-12',16,300,2,1,1,2),(1703,'1','MJEDVGM','024557','2017-07-12',9,300,2,1,1,1),(1704,'1','V1ALK50','019989','2017-07-12',16,301,2,1,1,2),(1705,'1','MJEDRDV','024992','2017-07-12',9,301,2,1,1,1),(1706,'1','V1AWF78','008740','2017-07-12',16,302,2,1,1,2),(1707,'1','MJPZC25','000840','2017-07-12',5,302,2,1,1,1),(1708,'1','V1AW629','008714','2017-07-12',16,303,2,1,1,2),(1709,'1','MJEDVMG','017436','2017-07-12',9,303,2,1,1,1),(1710,'1','V1ALF43','011109','2017-07-12',16,304,2,1,1,2),(1711,'1','MJPWK76','024993','2017-07-12',6,304,2,1,1,1),(1712,'1','V1PR699','008760','2017-07-12',16,305,2,1,1,2),(1713,'1','MJVKTM5','014552','2017-07-12',5,305,2,1,1,1),(1714,'1','V1PC466','008693','2017-07-12',16,306,2,1,1,2),(1715,'1','MJYE036','024146','2017-07-12',4,306,2,1,1,1),(1716,'1','V1PC338','008752','2017-07-12',16,307,2,1,1,2),(1717,'1','MJEDVAW','024925','2017-07-12',9,307,2,1,1,1),(1718,'1','V1ZT579','010357','2017-07-12',19,308,2,1,1,2),(1719,'1','MJYE039','001703','2017-07-12',4,308,2,1,1,1),(1720,'1','V1ALK57','011113','2017-07-12',16,309,2,1,1,2),(1721,'1','MJ018XXN','024792','2017-07-12',12,309,2,1,1,1),(1722,'1','15WZ522704VT','024610','2017-07-12',13,309,2,1,1,3),(1723,'1','VNABY3T','001696','2017-07-12',19,310,2,1,1,2),(1724,'1','MJEDTTY','010773','2017-07-12',9,310,2,1,1,1),(1725,'1','V1PC475','024526','2017-07-12',19,311,2,1,1,2),(1726,'1','MJEDVCM','024525','2017-07-12',9,311,2,1,1,1),(1727,'1','CNT93568B2','024194','2017-07-12',24,312,2,1,1,2),(1728,'1','MJGMCND','017203','2017-07-12',9,312,2,1,1,1),(1729,'1','VNAAD7W','001708','2017-07-12',19,313,2,1,1,2),(1730,'1','MJEDZD6','024235','2017-07-12',9,313,2,1,1,1),(1731,'1','V1BMF70','010084','2017-07-12',16,314,2,1,1,2),(1732,'1','MJ02XN4E','026057','2017-07-12',1,314,2,1,1,1),(1733,'1','V1PR578','024204','2017-07-12',16,315,2,1,1,2),(1734,'1','MJEDVDF','024203','2017-07-12',9,315,2,1,1,1),(1735,'1','V1PR616','011135','2017-07-12',16,316,2,1,1,2),(1736,'1','MJPWH26','014784','2017-07-12',9,316,2,1,1,1),(1737,'1','V1AWF95','008716','2017-07-12',16,317,2,1,1,2),(1738,'1','MJ018XUX','024931','2017-07-12',5,317,2,1,1,1),(1739,'1','VNA4D5T','001676','2017-07-12',19,318,2,1,1,2),(1740,'1','MJ018XX0','024096','2017-07-12',5,318,2,1,1,1),(1741,'1','V1PR752','010159','2017-07-12',16,319,3,2,1,2),(1742,'1','MJEDPXR','014526','2017-07-12',9,319,3,2,1,1),(1743,'1','V1BCP67','010160','2017-07-12',16,320,3,2,1,2),(1744,'1','MJEDVDT','014525','2017-07-12',9,320,3,2,1,1),(1745,'1','CN-OR229K-74261-8C9-3FTL','001904','2017-07-12',99,321,3,2,1,2),(1746,'1','MJYE688','019875','2017-07-12',4,321,3,2,1,1),(1747,'1','V1PW192','010157','2017-07-12',16,322,3,2,1,2),(1748,'1','MJEDVAN','019876','2017-07-12',9,322,3,2,1,1),(1749,'1','V1PP804','010158','2017-07-12',16,323,3,2,1,2),(1750,'1','MJEDVDM','019854','2017-07-12',9,323,3,2,1,1),(1751,'1','V1PW210','010161','2017-07-12',16,324,3,2,1,2),(1752,'1','MJERDPW','019880','2017-07-12',9,324,3,2,1,1),(1753,'1','V1PW212','010162','2017-07-12',16,325,3,2,1,2),(1754,'1','MJGMCNA','024890','2017-07-12',9,325,3,2,1,1),(1755,'1','CNC038NQJD','002314','2017-07-12',23,326,3,2,1,2),(1756,'1','MXL04001BF','011300','2017-07-12',10,326,3,2,1,1),(1757,'1','V1PW251','010175','2017-07-12',16,327,3,2,1,2),(1758,'1','MJEDVKA','014523','2017-07-12',9,327,3,2,1,1),(1759,'1','V1BMG20','010174','2017-07-12',16,328,3,2,1,2),(1760,'1','MJEDVDX','014522','2017-07-12',9,328,3,2,1,1),(1761,'1','V1PP824','010177','2017-07-12',16,329,3,2,1,2),(1762,'1','MJGMCPD','012774','2017-07-12',9,329,3,2,1,1),(1763,'1','V1BMG35','010176','2017-07-12',16,330,3,2,1,2),(1764,'1','MJEDVGL','014521','2017-07-12',9,330,3,2,1,1),(1765,'1','VNABY5X','002311','2017-07-12',19,331,3,2,1,2),(1766,'1','MJGMCPP','024153','2017-07-12',9,331,3,2,1,1),(1767,'1','V1BCP78','010449','2017-07-12',16,332,3,2,1,2),(1768,'1','MJERDRA','008907','2017-07-12',9,332,3,2,1,1),(1769,'1','V255708','000194','2017-07-12',16,333,3,2,1,2),(1770,'1','MJEDTTZ','024111','2017-07-12',9,333,3,2,1,1),(1771,'1','VNABWNK','002212','2017-07-12',19,334,3,2,1,2),(1772,'1','MJEDZAG','024112','2017-07-12',9,334,3,2,1,1),(1773,'1','V255706','000200','2017-07-12',16,335,3,2,1,2),(1774,'1','MJEDVNB','012783','2017-07-12',9,335,3,2,1,1),(1775,'1','V255551','000086','2017-07-12',16,336,3,2,1,2),(1776,'1','MJERDRH','024113','2017-07-12',9,336,3,2,1,1),(1777,'1','CNC038NNR5','002318','2017-07-12',23,337,3,2,1,2),(1778,'1','MXL040190Z','014518','2017-07-12',10,337,3,2,1,1),(1779,'1','CNC038NP15','002319','2017-07-12',23,338,3,2,1,2),(1780,'1','MXL040190T','019847','2017-07-12',10,338,3,2,1,1),(1781,'1','CNC038NNYC','002320','2017-07-12',23,339,3,2,1,2),(1782,'1','MXL0390XQB','019851','2017-07-12',10,339,3,2,1,1),(1783,'1','CNC038NPJJ','002321','2017-07-12',23,340,3,2,1,2),(1784,'1','MXL04018Z7','014515','2017-07-12',10,340,3,2,1,1),(1785,'1','CNC038NP5R','002322','2017-07-12',23,341,3,2,1,2),(1786,'1','MXL04018WR','019852','2017-07-12',10,341,3,2,1,1),(1787,'1','CNC038NQC6','002323','2017-07-12',23,342,3,2,1,2),(1788,'1','MXL04018XH','019866','2017-07-12',10,342,3,2,1,1),(1789,'1','CNC038NQBK','002324','2017-07-12',23,343,3,2,1,2),(1790,'1','MXL0390XNQ','024114','2017-07-12',10,343,3,2,1,1),(1791,'1','CNC038NQY2','002325','2017-07-12',23,344,3,2,1,2),(1792,'1','MJEDV8P','011257','2017-07-12',9,344,3,2,1,1),(1793,'1','CNC038NQ2L','002326','2017-07-12',23,345,3,2,1,2),(1794,'1','MXL040014K','019868','2017-07-12',10,345,3,2,1,1),(1795,'1','CNC038NQJ5','002327','2017-07-12',23,346,3,2,1,2),(1796,'1','MXL04001B6','019853','2017-07-12',10,346,3,2,1,1),(1797,'1','CNC038NQCH','002328','2017-07-12',23,347,3,2,1,2),(1798,'1','MXL04018WB','019867','2017-07-12',10,347,3,2,1,1),(1799,'1','CNC038NQDD','002188','2017-07-12',23,348,3,2,1,2),(1800,'1','MXL04018ZG','019879','2017-07-12',10,348,3,2,1,1),(1801,'1','CNC038NP5H','002195','2017-07-12',23,349,3,2,1,2),(1802,'1','MXL0390XPQ','019878','2017-07-12',10,349,3,2,1,1),(1803,'1','CNC038NQBD','002197','2017-07-12',23,350,3,2,1,2),(1804,'1','MXL040018R','019877','2017-07-12',10,350,3,2,1,1),(1805,'1','CNC038NQJP','002194','2017-07-12',23,351,3,2,1,2),(1806,'1','MXL0400116P','024868','2017-07-12',10,351,3,2,1,1),(1807,'1','CNC038NP3G','002190','2017-07-12',23,352,3,2,1,2),(1808,'1','MJGMCMM','014732','2017-07-12',9,352,3,2,1,1),(1809,'1','V1BCP38','008696','2017-07-12',16,353,3,2,1,2),(1810,'1','MJPWGO6','014713','2017-07-12',6,353,3,2,1,1),(1811,'1','CNC038NQ94','002193','2017-07-12',23,354,3,2,1,2),(1812,'1','MXL04001CB','014514','2017-07-12',10,354,3,2,1,1),(1813,'1','CNC038NQJH','002189','2017-07-12',23,355,3,2,1,2),(1814,'1','MX10390XPN','024115','2017-07-12',10,355,3,2,1,1),(1815,'1','VNA4D8G','001846','2017-07-12',19,356,3,2,1,2),(1816,'1','MJEDTYX','014724','2017-07-12',9,356,3,2,1,1),(1817,'1','VNA4D86','002351','2017-07-12',19,357,3,2,1,2),(1818,'1','MJO18XXC','020614','2017-07-12',12,357,3,2,1,1),(1819,'1','V335830','000325','2017-07-12',17,358,3,2,1,2),(1820,'1','MXL04018WT','024116','2017-07-12',10,358,3,2,1,1),(1821,'1','V1ZT630','010151','2017-07-12',16,359,3,2,1,2),(1822,'1','MJEDPZC','014511','2017-07-12',9,359,3,2,1,1),(1823,'1','VNABY6B','001750','2017-07-12',19,360,3,2,1,2),(1824,'1','MX104018ZC','019846','2017-07-12',10,360,3,2,1,1),(1825,'1','99-V1PR707','010093','2017-07-12',16,361,3,2,1,2),(1826,'1','MJPWH11','019844','2017-07-12',6,361,3,2,1,1),(1827,'1','V255697','000080','2017-07-12',16,362,3,2,1,2),(1828,'1','MJPWH25','019884','2017-07-12',6,362,3,2,1,1),(1829,'1','CNC038NNTH','002192','2017-07-12',23,363,3,2,1,2),(1830,'1','MJEDZCZ','019841','2017-07-12',9,363,3,2,1,1),(1831,'1','CNC038NR55','002316','2017-07-12',23,364,3,2,1,2),(1832,'1','MXL0390XN6','011341','2017-07-12',10,364,3,2,1,1),(1833,'1','CNC038NP3B','002317','2017-07-12',23,365,3,2,1,2),(1834,'1','MJEDTRA','019815','2017-07-12',9,365,3,2,1,1),(1835,'1','V256670','008748','2017-07-12',16,366,3,2,1,2),(1836,'1','MJEDVLL','014508','2017-07-12',9,366,3,2,1,1),(1837,'1','VNABWP7','002215','2017-07-12',19,367,3,2,1,2),(1838,'1','MJYE062','019817','2017-07-12',4,367,3,2,1,1),(1839,'1','V9-006ZY3','019864','2017-07-12',20,368,3,2,1,2),(1840,'1','MJ018Y2P','019816','2017-07-12',12,368,3,2,1,1),(1841,'1','V9-006ZYX','019812','2017-07-12',20,369,3,2,1,2),(1842,'1','MJ018YZN','019848','2017-07-12',12,369,3,2,1,1),(1843,'1','V9-006YFN','019891','2017-07-12',20,370,3,2,1,2),(1844,'1','MJ018XXJ','019823','2017-07-12',12,370,3,2,1,1),(1845,'1','V9-006YF3','020641','2017-07-12',20,371,3,2,1,2),(1846,'1','MXL04018WS','024335','2017-07-12',10,371,3,2,1,1),(1847,'1','V9-006ZXV','019818','2017-07-12',20,372,3,2,1,2),(1848,'1','MJPWG09','019827','2017-07-12',6,372,3,2,1,1),(1849,'1','V9-006YFV','019832','2017-07-12',20,373,3,2,1,2),(1850,'1','MJPWH27','002398','2017-07-12',6,373,3,2,1,1),(1851,'1','V9-006YFS','019869','2017-07-12',20,374,3,2,1,2),(1852,'1','MJ018Y0T','019861','2017-07-12',12,374,3,2,1,1),(1853,'1','V9-006YFH','019829','2017-07-12',20,375,3,2,1,2),(1854,'1','MJEDVFF','010201','2017-07-12',9,375,3,2,1,1),(1855,'1','V9-006YFT','019849','2017-07-12',20,376,3,2,1,2),(1856,'1','MJYE047','016482','2017-07-12',4,376,3,2,1,1),(1857,'1','V9-006YF6','019801','2017-07-12',20,377,3,2,1,2),(1858,'1','MJEDTPH','024683','2017-07-12',9,377,3,2,1,1),(1859,'1','V9-006ZYF','019813','2017-07-12',20,378,3,2,1,2),(1860,'1','MJERDRB','024762','2017-07-12',9,378,3,2,1,1),(1861,'1','VNALZRN','001305','2017-07-12',16,379,3,2,1,2),(1862,'1','MJ018XXF','019862','2017-07-12',12,379,3,2,1,1),(1863,'1','VNABWPR','002399','2017-07-12',19,380,3,2,1,2),(1864,'1','MJ018Y1F','019863','2017-07-12',12,380,3,2,1,1),(1865,'1','V1BMC02','010010','2017-07-12',16,381,3,2,1,2),(1866,'1','MJEDVPA','011197','2017-07-12',9,381,3,2,1,1),(1867,'1','V1ZT558','008767','2017-07-12',16,382,3,2,1,2),(1868,'1','MJEDVMW','011319','2017-07-12',9,382,3,2,1,1),(1869,'1','V1AWM12','008712','2017-07-12',16,383,3,2,1,2),(1870,'1','MJGMCNF','017417','2017-07-12',9,383,3,2,1,1),(1871,'1','VNA4D6H','002210','2017-07-12',19,384,3,2,1,2),(1872,'1','MJEDRBT','019883','2017-07-12',9,384,3,2,1,1),(1873,'1','VNA4D6T','002282','2017-07-12',19,385,3,2,1,2),(1874,'1','MJPWH87','024117','2017-07-12',6,385,3,2,1,1),(1875,'1','V1PR617','024343','2017-07-12',16,386,3,2,1,2),(1876,'1','MJERDRN','014626','2017-07-12',9,386,3,2,1,1),(1877,'1','V1PP828','010075','2017-07-12',16,387,3,2,1,2),(1878,'1','MJEDRC8','014507','2017-07-12',9,387,3,2,1,1),(1879,'1','VNABWNY','002105','2017-07-12',19,388,3,2,1,2),(1880,'1','MJEDRCK','019835','2017-07-12',9,388,3,2,1,1),(1881,'1','VNABY7M','002227','2017-07-12',19,389,3,2,1,2),(1882,'1','MJERDRF','011340','2017-07-12',9,389,3,2,1,1),(1883,'1','VNA4D5W','002271','2017-07-12',19,390,3,2,1,2),(1884,'1','MJEDRBD','011559','2017-07-12',9,390,3,2,1,1),(1885,'1','VNA4D68','002225','2017-07-12',19,391,3,2,1,2),(1886,'1','MJEDVGB','019838','2017-07-12',9,391,3,2,1,1),(1887,'1','VNA4D8A','002275','2017-07-12',19,392,3,2,1,2),(1888,'1','MJERDRG','024964','2017-07-12',9,392,3,2,1,1),(1889,'1','VNA4D66','002273','2017-07-12',19,393,3,2,1,2),(1890,'1','MJGMCPC','024057','2017-07-12',9,393,3,2,1,1),(1891,'1','V256452','000206','2017-07-12',16,394,3,2,1,2),(1892,'1','MJEDYZN','012758','2017-07-12',9,394,3,2,1,1),(1893,'1','VNABWPC','002291','2017-07-12',19,395,3,2,1,2),(1894,'1','MJEDVHV','024154','2017-07-12',9,395,3,2,1,1),(1895,'1','V256671','008709','2017-07-12',16,396,3,2,1,2),(1896,'1','MJEDVGZ','011556','2017-07-12',9,396,3,2,1,1),(1897,'1','VNA4D71','002237','2017-07-12',19,397,3,2,1,2),(1898,'1','MJEDRBY','014627','2017-07-12',9,397,3,2,1,1),(1899,'1','V1PC471','008772','2017-07-12',16,398,3,2,1,2),(1900,'1','MJEDRBG','014501','2017-07-12',9,398,3,2,1,1),(1901,'1','VNABWPF','002289','2017-07-12',19,399,3,2,1,2),(1902,'1','MJEDRAM','014502','2017-07-12',9,399,3,2,1,1),(1903,'1','V1BMG33','010134','2017-07-12',16,400,3,2,1,2),(1904,'1','MJEDRCF','011337','2017-07-12',9,400,3,2,1,1),(1905,'1','VNABZHP','002287','2017-07-12',19,401,3,2,1,2),(1906,'1','MJYE976','014503','2017-07-12',4,401,3,2,1,1),(1907,'1','VNAC1W8','002297','2017-07-12',19,402,3,2,1,2),(1908,'1','MJYE060','011557','2017-07-12',4,402,3,2,1,1),(1909,'1','VNA4D8F','002280','2017-07-12',19,403,3,2,1,2),(1910,'1','MJEDVBC','014504','2017-07-12',9,403,3,2,1,1),(1911,'1','VNA4D80','002277','2017-07-12',19,404,3,2,1,2),(1912,'1','MJEDVCV','011558','2017-07-12',9,404,3,2,1,1),(1913,'1','VNABWNB','002501','2017-07-12',19,405,3,2,1,2),(1914,'1','MJEDRCE','019839','2017-07-12',9,405,3,2,1,1),(1915,'1','VNABY75','002514','2017-07-12',19,406,3,2,1,2),(1916,'1','MJEDYYW','011310','2017-07-12',9,406,3,2,1,1),(1917,'1','V257153','000198','2017-07-12',16,407,3,2,1,2),(1918,'1','MJGMCPY','024118','2017-07-12',9,407,3,2,1,1),(1919,'1','V1ZT542','008146','2017-07-12',16,408,3,2,1,2),(1920,'1','MJYED53','011336','2017-07-12',4,408,3,2,1,1),(1921,'1','V1BCR10','010718','2017-07-12',16,409,3,2,1,2),(1922,'1','MJEY050','019814','2017-07-12',4,409,3,2,1,1),(1923,'1','V256009','008703','2017-07-12',16,410,3,2,1,2),(1924,'1','MJEDVNY','014710','2017-07-12',9,410,3,2,1,1),(1925,'1','V1AWF93','008782','2017-07-12',16,411,3,2,1,2),(1926,'1','MJEDZAT','014709','2017-07-12',9,411,3,2,1,1),(1927,'1','V256517','008697','2017-07-12',16,412,3,2,1,2),(1928,'1','MJEDPXA','014708','2017-07-12',9,412,3,2,1,1),(1929,'1','V1PC467','008144','2017-07-12',16,413,3,2,1,2),(1930,'1','MJEDRCV','014707','2017-07-12',9,413,3,2,1,1),(1931,'1','V256018','008710','2017-07-12',16,414,3,2,1,2),(1932,'1','MJEDRDC','014705','2017-07-12',9,414,3,2,1,1),(1933,'1','VNABY17','002368','2017-07-12',19,415,3,2,1,2),(1934,'1','MJEDRCY','014706','2017-07-12',9,415,3,2,1,1),(1935,'1','V255743','000208','2017-07-12',16,416,3,2,1,2),(1936,'1','MJPVF07','011555','2017-07-12',6,416,3,2,1,1),(1937,'1','VNAC1V9','002529','2017-07-12',19,417,3,2,1,2),(1938,'1','MJEDVMV','014702','2017-07-12',9,417,3,2,1,1),(1939,'1','VNABWP2','002293','2017-07-12',19,418,3,2,1,2),(1940,'1','MJERDNV','011312','2017-07-12',9,418,3,2,1,1),(1941,'1','VNABWP0','002299','2017-07-12',19,419,3,2,1,2),(1942,'1','MJPWG10','019840','2017-07-12',6,419,3,2,1,1),(1943,'1','V1AWG63','008140','2017-07-12',16,420,3,2,1,2),(1944,'1','MJPWA52','014605','2017-07-12',6,420,3,2,1,1),(1945,'1','VNABWNF','002391','2017-07-12',19,421,3,2,1,2),(1946,'1','MJEDRDE','024999','2017-07-12',9,421,3,2,1,1),(1947,'1','VNAC1VK','002366','2017-07-12',19,422,3,2,1,2),(1948,'1','MJEDTWZ','024038','2017-07-12',9,422,3,2,1,1),(1949,'1','VNA4D7P','002355','2017-07-12',19,423,3,2,1,2),(1950,'1','MJPWK60','020664','2017-07-12',6,423,3,2,1,1),(1951,'1','V1PP821','008147','2017-07-12',16,424,3,2,1,2),(1952,'1','MJPWF34','024121','2017-07-12',6,424,3,2,1,1),(1953,'1','VNA4D65','002247','2017-07-12',19,425,3,2,1,2),(1954,'1','MJPVZ22','011317','2017-07-12',6,425,3,2,1,1),(1955,'1','V1ZT389','008774','2017-07-12',16,426,3,2,1,2),(1956,'1','MJPWF95','014714','2017-07-12',6,426,3,2,1,1),(1957,'1','V1AWG66','024120','2017-07-12',16,427,3,2,1,2),(1958,'1','MJYE075','010483','2017-07-12',4,427,3,2,1,1),(1959,'1','V1PR750','010639','2017-07-12',16,428,3,2,1,2),(1960,'1','MJPWH84','011304','2017-07-12',6,428,3,2,1,1),(1961,'1','V1BMG11','008754','2017-07-12',16,429,3,2,1,2),(1962,'1','MJGMCMH','012709','2017-07-12',9,429,3,2,1,1),(1963,'1','V335827','000329','2017-07-12',16,430,3,2,1,2),(1964,'1','MJEDVEE','019810','2017-07-12',9,430,3,2,1,1),(1965,'1','V255717','000122','2017-07-12',16,431,3,2,1,2),(1966,'1','MJEDVFL','024119','2017-07-12',9,431,3,2,1,1),(1967,'1','VNAC21Z','002503','2017-07-12',19,432,3,2,1,2),(1968,'1','MJEDPZM','011326','2017-07-12',9,432,3,2,1,1),(1969,'1','V1A4D6G','002261','2017-07-12',19,433,3,2,1,2),(1970,'1','MJ018XXG','019860','2017-07-12',12,433,3,2,1,1),(1971,'1','V1ZT636','010350','2017-07-12',16,434,3,2,1,2),(1972,'1','MJVDDA2','024340','2017-07-12',7,434,3,2,1,1),(1973,'1','V1AWD83','008141','2017-07-12',16,435,3,2,1,2),(1974,'1','MJPWK74','024122','2017-07-12',6,435,3,2,1,1),(1975,'1','V1ZT572','008766','2017-07-12',16,436,3,2,1,2),(1976,'1','MJEDPZA','019865','2017-07-12',9,436,3,2,1,1),(1977,'1','V1PV940','010238','2017-07-12',16,437,3,2,1,2),(1978,'1','MJYE046','014715','2017-07-12',4,437,3,2,1,1),(1979,'1','V1PC472','008711','2017-07-12',16,438,3,2,1,2),(1980,'1','MJGMCNK','014733','2017-07-12',9,438,3,2,1,1),(1981,'1','VNABY7K','002113','2017-07-12',19,439,3,2,1,2),(1982,'1','MJPZC22','024212','2017-07-12',6,439,3,2,1,1),(1983,'1','VNALZT1','001424','2017-07-12',19,440,3,2,1,2),(1984,'1','MJPWH22','024140','2017-07-12',6,440,3,2,1,1),(1985,'1','V1PR724','010076','2017-07-12',16,441,3,2,1,2),(1986,'1','99-MJGMCNC','9017418','2017-07-12',9,441,3,2,1,1),(1987,'1','V1AWG65','008148','2017-07-12',16,442,3,2,1,2),(1988,'1','MJPWH97','011323','2017-07-12',6,442,3,2,1,1),(1989,'1','V1BMF92','008759','2017-07-12',16,443,3,2,1,2),(1990,'1','MJBFXBC','019783','2017-07-12',6,443,3,2,1,1),(1991,'1','VNA4D5Z','002349','2017-07-12',19,444,3,2,1,2),(1992,'1','MJPWA55','024849','2017-07-12',6,444,3,2,1,1),(1993,'1','V256669','017515','2017-07-12',16,445,3,2,1,2),(1994,'1','MJPWH91','017505','2017-07-12',6,445,3,2,1,1),(1995,'1','V1PR662','017477','2017-07-12',16,446,3,2,1,2),(1996,'1','MJEDRAF','024061','2017-07-12',9,446,3,2,1,1),(1997,'1','V1ALK65','011114','2017-07-12',16,447,3,2,1,2),(1998,'1','MJPWK09','024763','2017-07-12',6,447,3,2,1,1),(1999,'1','VNA4D5V','002267','2017-07-12',19,448,3,2,1,2),(2000,'1','MJPWF88','024643','2017-07-12',6,448,3,2,1,1),(2001,'1','VNA4D6C','002241','2017-07-12',19,449,3,2,1,2),(2002,'1','MJYE974','011315','2017-07-12',4,449,3,2,1,1),(2003,'1','VNA4D6B','002249','2017-07-12',19,450,3,2,1,2),(2004,'1','MJYE979','024126','2017-07-12',4,450,3,2,1,1),(2005,'1','VNA4D6F','002251','2017-07-12',19,451,3,2,1,2),(2006,'1','MJYE035','024125','2017-07-12',4,451,3,2,1,1),(2007,'1','VNA4CDX','002253','2017-07-12',19,452,3,2,1,2),(2008,'1','MJYE894','011324','2017-07-12',4,452,3,2,1,1),(2009,'1','VNA4D6D','002255','2017-07-12',19,453,3,2,1,2),(2010,'1','MJYE052','011339','2017-07-12',4,453,3,2,1,1),(2011,'1','VNA4D5X','002258','2017-07-12',19,454,3,2,1,2),(2012,'1','MJYE056','019888','2017-07-12',4,454,3,2,1,1),(2013,'1','V1BMF73','010065','2017-07-12',16,455,3,2,1,2),(2014,'1','MJGMCRD','012740','2017-07-12',9,455,3,2,1,1),(2015,'1','VNA4D8C','002406','2017-07-12',19,456,3,2,1,2),(2016,'1','MJYE057','014716','2017-07-12',4,456,3,2,1,1),(2017,'1','VNA4D60','002520','2017-07-12',19,457,3,2,1,2),(2018,'1','MJEDTRC','019889','2017-07-12',9,457,3,2,1,1),(2019,'1','V1PP890','010125','2017-07-12',16,458,3,2,1,2),(2020,'1','MJEDVCX','011256','2017-07-12',9,458,3,2,1,1),(2021,'1','VNA4D6X','002217','2017-07-12',19,459,3,2,1,2),(2022,'1','MJ018XYQ','020618','2017-07-12',12,459,3,2,1,1),(2023,'1','V1PC347','008770','2017-07-12',16,460,3,2,1,2),(2024,'1','MJ1018K','019857','2017-07-12',12,460,3,2,1,1),(2025,'1','VNA4D6P','002221','2017-07-12',19,461,3,2,1,2),(2026,'1','MJDEZBZ','014722','2017-07-12',9,461,3,2,1,1),(2027,'1','VNA4D6V','002269','2017-07-12',19,462,3,2,1,2),(2028,'1','MJZHK39','014790','2017-07-12',6,462,3,2,1,1),(2029,'1','VNA4D83','002243','2017-07-12',19,463,3,2,1,2),(2030,'1','MJEDZCC','024129','2017-07-12',9,463,3,2,1,1),(2031,'1','V1BMG30','010153','2017-07-12',16,464,3,2,1,2),(2032,'1','MJEDPYB','019806','2017-07-12',9,464,3,2,1,1),(2033,'1','VNABY6V','002229','2017-07-12',19,465,3,2,1,2),(2034,'1','MJEDPXF','019826','2017-07-12',9,465,3,2,1,1),(2035,'1','VNA4D8D','002231','2017-07-12',19,466,3,2,1,2),(2036,'1','MJYE059','019819','2017-07-12',4,466,3,2,1,1),(2037,'1','VNA4D89','002233','2017-07-12',99,467,3,2,1,2),(2038,'1','MJYE044','019890','2017-07-12',4,467,3,2,1,1),(2039,'1','VNA4D62','002235','2017-07-12',19,468,3,2,1,2),(2040,'1','MJPVE87','001441','2017-07-12',6,468,3,2,1,1),(2041,'1','V1ZT567','010128','2017-07-12',16,469,3,2,1,2),(2042,'1','MJWYBP2','014718','2017-07-12',7,469,3,2,1,1),(2043,'1','CNT93363ZK','024128','2017-07-12',24,470,3,2,1,2),(2044,'1','MJYE054','014717','2017-07-12',4,470,3,2,1,1),(2045,'1','MJEDR6H','024548','2017-07-12',9,471,3,2,1,1),(2046,'1','V1BMG24','010045','2017-07-12',16,471,3,2,1,2),(2047,'1','V1ALK08','010499','2017-07-12',16,472,3,2,1,2),(2048,'1','MJEDTXH','024177','2017-07-12',9,472,3,2,1,1),(2049,'1','VNB11XL','9024197','2017-07-12',99,473,3,2,1,2),(2050,'1','MJYE078','024533','2017-07-12',4,473,3,2,1,1),(2051,'1','VNAC28X','001454','2017-07-12',19,474,3,2,1,2),(2052,'1','MJ2HK28','024597','2017-07-12',6,474,3,2,1,1),(2053,'1','VNABYMR','001303','2017-07-12',19,475,3,2,1,2),(2054,'1','MJEDTTV','014768','2017-07-12',9,475,3,2,1,1),(2055,'1','V256531','008698','2017-07-12',16,476,3,2,1,2),(2056,'1','MJEDVLB','024860','2017-07-12',9,476,3,2,1,1),(2057,'1','CNC038NQJZ','002020','2017-07-12',23,477,3,2,1,2),(2058,'1','MJPWG68','024591','2017-07-12',6,477,3,2,1,1),(2059,'1','VNABYNX','000922','2017-07-12',19,478,3,2,1,2),(2060,'1','MXL04018TT','024853','2017-07-12',10,478,3,2,1,1),(2061,'1','VNA4D6R','002223','2017-07-12',19,479,3,2,1,2),(2062,'1','MXL04018YZ','024041','2017-07-12',10,479,3,2,1,1),(2063,'1','V1ZT606','010118','2017-07-12',16,480,3,2,1,2),(2064,'1','MJGMCNX','019914','2017-07-12',9,480,3,2,1,1),(2065,'1','VNABY19','000904','2017-07-12',19,481,3,2,1,2),(2066,'1','MJVDDBG','024130','2017-07-12',7,481,3,2,1,1),(2067,'1','V1PW211','010454','2017-07-12',16,482,3,2,1,2),(2068,'1','MJEDZ8W','017425','2017-07-12',9,482,3,2,1,1),(2069,'1','V9006YG5','001154','2017-07-12',20,483,3,2,1,2),(2070,'1','MJ018X5A','014997','2017-07-12',12,483,3,2,1,1),(2071,'1','V1BMG18','010131','2017-07-12',16,484,3,2,1,2),(2072,'1','MJPWK69','002511','2017-07-12',6,484,3,2,1,1),(2073,'1','V1AZT563','010207','2017-07-12',16,485,3,2,1,2),(2074,'1','MJ018Y2S','019824','2017-07-12',12,485,3,2,1,1),(2075,'1','V1ZT577','010156','2017-07-12',16,486,3,2,1,2),(2076,'1','MJPWG26','002211','2017-07-12',6,486,3,2,1,1),(2077,'1','VNAC1VP','002516','2017-07-12',19,487,3,2,1,2),(2078,'1','MJEDPYC','008910','2017-07-12',9,487,3,2,1,1),(2079,'1','V1PP834','010184','2017-07-12',16,488,3,2,1,2),(2080,'1','MJPWH63','002513','2017-07-12',6,488,3,2,1,1),(2081,'1','VNABY6H','002524','2017-07-12',19,489,3,2,1,2),(2082,'1','MJEDTVB','019820','2017-07-12',9,489,3,2,1,1),(2083,'1','V1BMG23','010183','2017-07-12',16,490,3,2,1,2),(2084,'1','MJEDYNO','024159','2017-07-12',9,490,3,2,1,1),(2085,'1','V1BCP63','010152','2017-07-12',16,491,3,2,1,2),(2086,'1','MJEDVEC','011499','2017-07-12',9,491,3,2,1,1),(2087,'1','VNABWN7','002522','2017-07-12',19,492,3,2,1,2),(2088,'1','MJEDPXD','024257','2017-07-12',9,492,3,2,1,1),(2089,'1','VNAC1R9','002518','2017-07-12',19,493,3,2,1,2),(2090,'1','MJEDTZE','010205','2017-07-12',9,493,3,2,1,1),(2091,'1','V1PR691','010150','2017-07-12',16,494,3,2,1,2),(2092,'1','MJYE034','002515','2017-07-12',4,494,3,2,1,1),(2093,'1','VNABY7B','002313','2017-07-12',19,495,3,2,1,2),(2094,'1','MJEDZAL','024258','2017-07-12',9,495,3,2,1,1),(2095,'1','V1ALK34','010674','2017-07-12',16,496,3,2,1,2),(2096,'1','MJEDZAH','011305','2017-07-12',9,496,3,2,1,1),(2097,'1','V1ZT598','010206','2017-07-12',16,497,3,2,1,2),(2098,'1','MJPWF01','014711','2017-07-12',6,497,3,2,1,1),(2099,'1','VNABY61','002401','2017-07-12',19,498,3,2,1,2),(2100,'1','MJPWF86','002521','2017-07-12',6,498,3,2,1,1),(2101,'1','V9-006YFD','019843','2017-07-12',20,499,3,2,1,2),(2102,'1','MJEDPXB','024259','2017-07-12',9,499,3,2,1,1),(2103,'1','V1ZT610','010149','2017-07-12',16,500,3,2,1,2),(2104,'1','MJEDTYP','010198','2017-07-12',9,500,3,2,1,1),(2105,'1','V1BM649','010182','2017-07-12',16,501,3,2,1,2),(2106,'1','MJPWA78','014712','2017-07-12',6,501,3,2,1,1),(2107,'1','V1AWG25','008718','2017-07-12',16,502,3,2,1,2),(2108,'1','MJZDTZK','024260','2017-07-12',9,502,3,2,1,1),(2109,'1','V1BMD52','010180','2017-07-12',16,503,3,2,1,2),(2110,'1','MJEDRCG','008906','2017-07-12',9,503,3,2,1,1),(2111,'1','VNABWPK','002397','2017-07-12',19,504,3,2,1,2),(2112,'1','MJPWH12','019856','2017-07-12',6,504,3,2,1,1),(2113,'1','VNA4D85','002388','2017-07-12',19,505,3,2,1,2),(2114,'1','MJ018XX5','019834','2017-07-12',12,505,3,2,1,1),(2115,'1','CNC038NQDO','002207','2017-07-12',23,506,3,2,1,2),(2116,'1','MJEDTPG','024160','2017-07-12',9,506,3,2,1,1),(2117,'1','VNABY6D','002395','2017-07-12',19,507,3,2,1,2),(2118,'1','MJBFXCZ','014505','2017-07-12',2,507,3,2,1,1),(2119,'1','VNA4D63','002239','2017-07-12',19,508,3,2,1,2),(2120,'1','MJEDTPE','024263','2017-07-12',9,508,3,2,1,1),(2121,'1','V9-006YFC','015712','2017-07-12',20,509,3,2,1,2),(2122,'1','MJEDZCY','024262','2017-07-12',9,509,3,2,1,1),(2123,'1','V1BMG12','010148','2017-07-12',16,510,3,2,1,2),(2124,'1','MJ018Y13','015710','2017-07-12',12,510,3,2,1,1),(2125,'1','V1BMG02','010155','2017-07-12',16,511,3,2,1,2),(2126,'1','MJYEDTYT','010191','2017-07-12',9,511,3,2,1,1),(2127,'1','V1ZT571','010178','2017-07-12',16,512,3,2,1,2),(2128,'1','MJEDVHG','024123','2017-07-12',9,512,3,2,1,1),(2129,'1','V9-006YG3','019833','2017-07-12',20,513,3,2,1,2),(2130,'1','MJ018Y1P','014981','2017-07-12',12,513,3,2,1,1),(2131,'1','VNA4D5R','002284','2017-07-12',19,514,3,2,1,2),(2132,'1','MJEDYTL','010193','2017-07-12',9,514,3,2,1,1),(2133,'1','VNAC136','002404','2017-07-12',19,515,3,2,1,2),(2134,'1','MJYE058','024566','2017-07-12',4,515,3,2,1,1),(2135,'1','V9-006YFX','019828','2017-07-12',20,516,3,2,1,2),(2136,'1','MJ018XS7','024967','2017-07-12',12,516,3,2,1,1),(2137,'1','VNABWNP','002338','2017-07-12',19,517,3,2,1,2),(2138,'1','MJEDTYW','014599','2017-07-12',9,517,3,2,1,1),(2139,'1','VNA4COB','002263','2017-07-12',19,518,3,2,1,2),(2140,'1','MJ018XS9','014985','2017-07-12',12,518,3,2,1,1),(2141,'1','V1AWG21','019803','2017-07-12',99,520,3,2,1,2),(2142,'1','MJYE975','002213','2017-07-12',99,520,3,2,1,1),(2143,'1','VNAC25B','001219','2017-07-12',19,521,4,3,1,2),(2144,'1','MJZKX61','001127','2017-07-12',6,521,4,3,1,1),(2145,'1','V1BMF98','010210','2017-07-12',16,522,4,3,1,2),(2146,'1','MJPVZ66','001776','2017-07-12',6,522,4,3,1,1),(2147,'1','V1ZT615','010219','2017-07-12',16,523,4,3,1,2),(2148,'1','MJPWH80','018406','2017-07-12',6,523,4,3,1,1),(2149,'1','VNABWMB','012710','2017-07-12',19,524,4,3,1,2),(2150,'1','MJPWA86','024545','2017-07-12',6,524,4,3,1,1),(2151,'1','VNALZNY','001041','2017-07-12',19,525,4,3,1,2),(2152,'1','MJEDVKN','020949','2017-07-12',9,525,4,3,1,1),(2153,'1','VNAC011','001436','2017-07-12',19,526,4,3,1,2),(2154,'1','MJEDVNL','024852','2017-07-12',9,526,4,3,1,1),(2155,'1','VNAC25Y','000877','2017-07-12',19,527,4,3,1,2),(2156,'1','MJEDTVV','024851','2017-07-12',9,527,4,3,1,1),(2157,'1','VNAC25P','001439','2017-07-12',19,528,4,3,1,2),(2158,'1','MJEDVHP','019912','2017-07-12',9,528,4,3,1,1),(2159,'1','99-VNABZRD','9001460','2017-07-12',19,529,4,3,1,2),(2160,'1','MJPWH45','020630','2017-07-12',6,529,4,3,1,1),(2161,'1','V1ZT565','010003','2017-07-12',16,530,4,3,1,2),(2162,'1','MJPWA14','024345','2017-07-12',6,530,4,3,1,1),(2163,'1','V1ZT665','011125','2017-07-12',16,531,4,3,1,2),(2164,'1','MJZKW21','020687','2017-07-12',6,531,4,3,1,1),(2165,'1','VNABYM5','001201','2017-07-12',19,532,4,3,1,2),(2166,'1','MJZKH33','020621','2017-07-12',6,532,4,3,1,1),(2167,'1','VNABY5Y','001791','2017-07-12',19,533,4,3,1,2),(2168,'1','MJPWA57','024656','2017-07-12',6,533,4,3,1,1),(2169,'1','VNABYLX','001457','2017-07-12',19,534,4,3,1,2),(2170,'1','MJPWG41','020610','2017-07-12',6,534,4,3,1,1),(2171,'1','VNABYMB','001055','2017-07-12',19,535,4,3,1,2),(2172,'1','MJPWF43','024215','2017-07-12',6,535,4,3,1,1),(2173,'1','VNALZT8','001409','2017-07-12',19,536,4,3,1,2),(2174,'1','MJPWH92','011335','2017-07-12',6,536,4,3,1,1),(2175,'1','VNABZTB','001448','2017-07-12',19,537,4,3,1,2),(2176,'1','MJGMCPW','014737','2017-07-12',9,537,4,3,1,1),(2177,'1','V1PP837','010246','2017-07-12',16,538,4,3,1,2),(2178,'1','MJPZC42','020623','2017-07-12',6,538,4,3,1,1),(2179,'1','V1ALH94','012750','2017-07-12',16,539,4,3,1,2),(2180,'1','MJZHH65','018433','2017-07-12',6,539,4,3,1,1),(2181,'1','VNAC26B','001081','2017-07-12',19,540,4,3,1,2),(2182,'1','MJPWF17','000948','2017-07-12',6,540,4,3,1,1),(2183,'1','V1BCP73','011128','2017-07-12',16,541,4,3,1,2),(2184,'1','MJPWF36','014606','2017-07-12',6,541,4,3,1,1),(2185,'1','V1BMF75','010369','2017-07-12',16,542,4,3,1,2),(2186,'1','MJPWF16','000815','2017-07-12',6,542,4,3,1,1),(2187,'1','V1BMF69','010244','2017-07-12',16,543,4,3,1,2),(2188,'1','MJZHK21','001150','2017-07-12',6,543,4,3,1,1),(2189,'1','V256557','000161','2017-07-12',16,544,4,3,1,2),(2190,'1','MJZKG49','020609','2017-07-12',6,544,4,3,1,1),(2191,'1','V1PR575','010660','2017-07-12',16,545,4,3,1,2),(2192,'1','MJZKH29','020662','2017-07-12',6,545,4,3,1,1),(2193,'1','V1BMF74','010376','2017-07-12',16,546,4,3,1,2),(2194,'1','MJPWA00','020643','2017-07-12',6,546,4,3,1,1),(2195,'1','V1PR660','010306','2017-07-12',16,547,4,3,1,2),(2196,'1','MJZHK31','020622','2017-07-12',6,547,4,3,1,1),(2197,'1','V1BCP62','010377','2017-07-12',16,548,4,3,1,2),(2198,'1','MJZHK17','020619','2017-07-12',6,548,4,3,1,1),(2199,'1','VNALZRP','000791','2017-07-12',19,549,4,3,1,2),(2200,'1','MJZHH59','020603','2017-07-12',6,549,4,3,1,1),(2201,'1','V1PR628','010375','2017-07-12',16,550,4,3,1,2),(2202,'1','MJZHK25','020665','2017-07-12',6,550,4,3,1,1),(2203,'1','V1ZT638','010374','2017-07-12',16,551,4,3,1,2),(2204,'1','MJZHK35','9024016','2017-07-12',6,551,4,3,1,1),(2205,'1','V1BCP97','010243','2017-07-12',16,552,4,3,1,2),(2206,'1','MJPVF05','000906','2017-07-12',6,552,4,3,1,1),(2207,'1','V1ALK60','011142','2017-07-12',16,553,4,3,1,2),(2208,'1','MJPVZ80','024015','2017-07-12',6,553,4,3,1,1),(2209,'1','V1BMG45','010214','2017-07-12',16,554,4,3,1,2),(2210,'1','MJZKF02','020681','2017-07-12',6,554,4,3,1,1),(2211,'1','V1PP680','010213','2017-07-12',16,555,4,3,1,2),(2212,'1','MJZKE99','020638','2017-07-12',6,555,4,3,1,1),(2213,'1','V1BMF96','010727','2017-07-12',16,556,4,3,1,2),(2214,'1','MJZHK42','020602','2017-07-12',6,556,4,3,1,1),(2215,'1','V1BCP92','010212','2017-07-12',16,557,4,3,1,2),(2216,'1','MJZHK23','020649','2017-07-12',6,557,4,3,1,1),(2217,'1','VNABZVH','001023','2017-07-12',19,558,4,3,1,2),(2218,'1','MJPWG54','014610','2017-07-12',6,558,4,3,1,1),(2219,'1','V1PP835','010209','2017-07-12',16,559,4,3,1,2),(2220,'1','MJZHH66','020693','2017-07-12',6,559,4,3,1,1),(2221,'1','V1ALK43','012721','2017-07-12',19,560,4,3,1,2),(2222,'1','MJPVZ13','001083','2017-07-12',6,560,4,3,1,1),(2223,'1','VNABYN1','000958','2017-07-12',19,561,4,3,1,2),(2224,'1','MJEDTYN','024034','2017-07-12',9,561,4,3,1,1),(2225,'1','VNAC00R','001210','2017-07-12',19,562,4,3,1,2),(2226,'1','MJGMCMV','017467','2017-07-12',9,562,4,3,1,1),(2227,'1','V1ALK01','011139','2017-07-12',16,563,4,3,1,2),(2228,'1','MJPWF02','001066','2017-07-12',6,563,4,3,1,1),(2229,'1','VNALZRM','001008','2017-07-12',19,564,4,3,1,2),(2230,'1','14795','014795','2017-07-12',99,564,4,3,1,1),(2231,'1','V1BCP98','010304','2017-07-12',16,565,4,3,1,2),(2232,'1','MJPVD69','014776','2017-07-12',6,565,4,3,1,1),(2233,'1','VNALZV8','001026','2017-07-12',19,566,4,3,1,2),(2234,'1','MJPVZ51','020632','2017-07-12',6,566,4,3,1,1),(2235,'1','VNALZPZ','001035','2017-07-12',19,567,4,3,1,2),(2236,'1','MJZHK27','024012','2017-07-12',6,567,4,3,1,1),(2237,'1','VNABWNW','001869','2017-07-12',19,568,4,3,1,2),(2238,'1','MJZKX72','024011','2017-07-12',6,568,4,3,1,1),(2239,'1','VNALZT7','001029','2017-07-12',19,569,4,3,1,2),(2240,'1','MJPWH47','024010','2017-07-12',6,569,4,3,1,1),(2241,'1','VNAC27N','001053','2017-07-12',19,570,4,3,1,2),(2242,'1','MJPVE85','020660','2017-07-12',6,570,4,3,1,1),(2243,'1','VNALZRH','001038','2017-07-12',19,571,4,3,1,2),(2244,'1','MJZHK34','024214','2017-07-12',6,571,4,3,1,1),(2245,'1','VNALZRX','001044','2017-07-12',19,572,4,3,1,2),(2246,'1','MJPWE99','020616','2017-07-12',6,572,4,3,1,1),(2247,'1','VNALZTL','001047','2017-07-12',19,573,4,3,1,2),(2248,'1','MJZKX83','001046','2017-07-12',6,573,4,3,1,1),(2249,'1','VNAHP7B','001050','2017-07-12',19,574,4,3,1,2),(2250,'1','MJZHK37','024313','2017-07-12',6,574,4,3,1,1),(2251,'1','VNALZRG','001163','2017-07-12',19,575,4,3,1,2),(2252,'1','MJPVD56','000831','2017-07-12',6,575,4,3,1,1),(2253,'1','VNALZV6','001166','2017-07-12',19,576,4,3,1,2),(2254,'1','MJZKX69','020608','2017-07-12',6,576,4,3,1,1),(2255,'1','VNALZRT','001169','2017-07-12',19,577,4,3,1,2),(2256,'1','MJPV204','014601','2017-07-12',6,577,4,3,1,1),(2257,'1','VNALZV9','001172','2017-07-12',19,578,4,3,1,2),(2258,'1','MJPZC15','020631','2017-07-12',6,578,4,3,1,1),(2259,'1','VNALZRV','001175','2017-07-12',19,579,4,3,1,2),(2260,'1','MJPZKX70','020669','2017-07-12',6,579,4,3,1,1),(2261,'1','V1BCP93','010305','2017-07-12',16,580,4,3,1,2),(2262,'1','MJZHK18','001043','2017-07-12',6,580,4,3,1,1),(2263,'1','VNALZRF','001181','2017-07-12',19,581,4,3,1,2),(2264,'1','MJPWF03','001447','2017-07-12',6,581,4,3,1,1),(2265,'1','VNALZML','001184','2017-07-12',19,582,4,3,1,2),(2266,'1','MJPWF89','024640','2017-07-12',6,582,4,3,1,1),(2267,'1','VNALZVG','001187','2017-07-12',19,583,4,3,1,2),(2268,'1','MJPWG75','020694','2017-07-12',6,583,4,3,1,1),(2269,'1','CNC038NR1Y','001993','2017-07-12',23,584,4,3,1,2),(2270,'1','MJZHK13','024847','2017-07-12',6,584,4,3,1,1),(2271,'1','VNALZRD','001421','2017-07-12',19,585,4,3,1,2),(2272,'1','MJPWH46','9014794','2017-07-12',6,585,4,3,1,1),(2273,'1','VNABYLV','001213','2017-07-12',19,586,4,3,1,2),(2274,'1','MJEDRBE','014701','2017-07-12',9,586,4,3,1,1),(2275,'1','V1PR696','010043','2017-07-12',16,587,4,3,1,2),(2276,'1','MJGMCPK','019902','2017-07-12',9,587,4,3,1,1),(2277,'1','VNAC265','000998','2017-07-12',19,588,4,3,1,2),(2278,'1','MJEDTTE','018438','2017-07-12',9,588,4,3,1,1),(2279,'1','V256507','008695','2017-07-12',16,589,4,3,1,2),(2280,'1','MJPWF44','017524','2017-07-12',6,589,4,3,1,1),(2281,'1','V1PR650','011140','2017-07-12',16,590,4,3,1,2),(2282,'1','MJEDVAF','024333','2017-07-12',9,590,4,3,1,1),(2283,'1','VNALZRR','001418','2017-07-12',19,591,4,3,1,2),(2284,'1','MJPWH09','017532','2017-07-12',6,591,4,3,1,1),(2285,'1','VNALZT9','001415','2017-07-12',19,592,4,3,1,2),(2286,'1','MJZKW44','014775','2017-07-12',6,592,4,3,1,1),(2287,'1','VNALZV4','001412','2017-07-12',19,593,4,3,1,2),(2288,'1','MJZKW79','001153','2017-07-12',6,593,4,3,1,1),(2289,'1','VNABYNV','001237','2017-07-12',19,594,4,3,1,2),(2290,'1','MJZHK40','010667','2017-07-12',6,594,4,3,1,1),(2291,'1','VNALZTM','001406','2017-07-12',19,595,4,3,1,2),(2292,'1','MJZKH31','014789','2017-07-12',6,595,4,3,1,1),(2293,'1','VNALZT6','001403','2017-07-12',19,596,4,3,1,2),(2294,'1','MJEDPXL','024007','2017-07-12',9,596,4,3,1,1),(2295,'1','VNABZT2','001100','2017-07-12',19,597,4,3,1,2),(2296,'1','MJERDRC','024176','2017-07-12',6,597,4,3,1,1),(2297,'1','VNAC259','001070','2017-07-12',19,598,4,3,1,2),(2298,'1','MJZHK24','020679','2017-07-12',6,598,4,3,1,1),(2299,'1','VNABYNG','001094','2017-07-12',19,599,4,3,1,2),(2300,'1','MJPWK11','019822','2017-07-12',6,599,4,3,1,1),(2301,'1','V1PR671','014616','2017-07-12',16,600,4,3,1,2),(2302,'1','MJZKH39','020696','2017-07-12',6,600,4,3,1,1),(2303,'1','VNABYMH','001087','2017-07-12',19,601,4,3,1,2),(2304,'1','MJPWA02','017526','2017-07-12',6,601,4,3,1,1),(2305,'1','V1ZT578','010311','2017-07-12',16,602,4,3,1,2),(2306,'1','MJPWH78','001086','2017-07-12',6,602,4,3,1,1),(2307,'1','VNABYMN','001084','2017-07-12',19,603,4,3,1,2),(2308,'1','MJPWK29','017502','2017-07-12',6,603,4,3,1,1),(2309,'1','VNAC28Z','001079','2017-07-12',19,604,4,3,1,2),(2310,'1','MJPVY93','020628','2017-07-12',6,604,4,3,1,1),(2311,'1','VNABYLL','001076','2017-07-12',19,605,4,3,1,2),(2312,'1','MJPVE21','020678','2017-07-12',6,605,4,3,1,1),(2313,'1','VNABYMX','001073','2017-07-12',19,606,4,3,1,2),(2314,'1','MJPWG57','020653','2017-07-12',6,606,4,3,1,1),(2315,'1','VNABYLB','001097','2017-07-12',19,607,4,3,1,2),(2316,'1','MJZKH62','020658','2017-07-12',6,607,4,3,1,1),(2317,'1','VNABY7W','001067','2017-07-12',19,608,4,3,1,2),(2318,'1','MJZKW81','020652','2017-07-12',6,608,4,3,1,1),(2319,'1','VNALZTA','999900','2017-07-12',99,609,4,3,1,2),(2320,'1','MJPWA05','024109','2017-07-12',6,609,4,3,1,1),(2321,'1','VNABYLW','001061','2017-07-12',19,610,4,3,1,2),(2322,'1','MJZHK29','020620','2017-07-12',6,610,4,3,1,1),(2323,'1','V1ZT549','010215','2017-07-12',16,611,4,3,1,2),(2324,'1','MJPWH89','017559','2017-07-12',6,611,4,3,1,1),(2325,'1','VNABYM9','001340','2017-07-12',19,612,4,3,1,2),(2326,'1','MJPVZ20','017520','2017-07-12',6,612,4,3,1,1),(2327,'1','V1PR679','010283','2017-07-12',16,613,4,3,1,2),(2328,'1','MJGMCNT','014761','2017-07-12',9,613,4,3,1,1),(2329,'1','VNABZR7','000871','2017-07-12',19,614,4,3,1,2),(2330,'1','MJGMCPR','014753','2017-07-12',9,614,4,3,1,1),(2331,'1','VNABZRW','001311','2017-07-12',19,615,4,3,1,2),(2332,'1','MJPVF09','020648','2017-07-12',6,615,4,3,1,1),(2333,'1','VNALZTO','001137','2017-07-12',19,616,4,3,1,2),(2334,'1','MJZHK15','014777','2017-07-12',6,616,4,3,1,1),(2335,'1','VNABWP4','9001773','2017-07-12',19,617,4,3,1,2),(2336,'1','MJPWK59','024344','2017-07-12',6,617,4,3,1,1),(2337,'1','VNAC257','001445','2017-07-12',19,618,4,3,1,2),(2338,'1','MJZHK26','020684','2017-07-12',6,618,4,3,1,1),(2339,'1','VNABZR4','001463','2017-07-12',19,619,4,3,1,2),(2340,'1','MJZKF03','024217','2017-07-12',6,619,4,3,1,1),(2341,'1','VNABYML','001466','2017-07-12',19,620,4,3,1,2),(2342,'1','MJPWG28','018411','2017-07-12',6,620,4,3,1,1),(2343,'1','VNABYN3','001469','2017-07-12',19,621,4,3,1,2),(2344,'1','MJPWK63','001054','2017-07-12',6,621,4,3,1,1),(2345,'1','VNAC28N','001472','2017-07-12',19,622,4,3,1,2),(2346,'1','MJPWF22','020699','2017-07-12',6,622,4,3,1,1),(2347,'1','VNABZR8','001475','2017-07-12',19,623,4,3,1,2),(2348,'1','MJPWH44','024218','2017-07-12',6,623,4,3,1,1),(2349,'1','VNAC28W','001478','2017-07-12',19,624,4,3,1,2),(2350,'1','MJKCK92','018500','2017-07-12',6,624,4,3,1,1),(2351,'1','VNAC214','001481','2017-07-12',19,625,4,3,1,2),(2352,'1','MJPWF40','001480','2017-07-12',6,625,4,3,1,1),(2353,'1','VNABZT8','001484','2017-07-12',19,626,4,3,1,2),(2354,'1','MJPWH48','024856','2017-07-12',6,626,4,3,1,1),(2355,'1','VNALZLK','001128','2017-07-12',19,627,4,3,1,2),(2356,'1','MJVDCZ9','999901','2017-07-12',99,627,4,3,1,1),(2357,'1','VNABYLD','001337','2017-07-12',19,628,4,3,1,2),(2358,'1','MJPWF33','024854','2017-07-12',6,628,4,3,1,1),(2359,'1','VNABZRB','001335','2017-07-12',19,629,4,3,1,2),(2360,'1','MJPWG39','024219','2017-07-12',6,629,4,3,1,1),(2361,'1','VNABYN5','001331','2017-07-12',19,630,4,3,1,2),(2362,'1','MJPVE23','001069','2017-07-12',6,630,4,3,1,1),(2363,'1','VNAC25C','001328','2017-07-12',19,631,4,3,1,2),(2364,'1','MJPVZ11','020689','2017-07-12',6,631,4,3,1,1),(2365,'1','VNABZPK','001325','2017-07-12',19,632,4,3,1,2),(2366,'1','MJZHH58','014783','2017-07-12',6,632,4,3,1,1),(2367,'1','VNAC25H','001322','2017-07-12',19,633,4,3,1,2),(2368,'1','MJPVE58','001078','2017-07-12',6,633,4,3,1,1),(2369,'1','VNABZR3','001319','2017-07-12',19,634,4,3,1,2),(2370,'1','MJPVY99','024220','2017-07-12',6,634,4,3,1,1),(2371,'1','VNABYM7','001317','2017-07-12',19,635,4,3,1,2),(2372,'1','MJPVY97','001474','2017-07-12',6,635,4,3,1,1),(2373,'1','V1PR713','010087','2017-07-12',16,636,4,3,1,2),(2374,'1','MJPWF13','020690','2017-07-12',6,636,4,3,1,1),(2375,'1','VNABYNB','001427','2017-07-12',19,637,4,3,1,2),(2376,'1','MJZHH62','020685','2017-07-12',6,637,4,3,1,1),(2377,'1','V1ALK03','010490','2017-07-12',16,638,4,3,1,2),(2378,'1','MJEDTWM','024594','2017-07-12',9,638,4,3,1,1),(2379,'1','VNALZRY','001125','2017-07-12',19,639,4,3,1,2),(2380,'1','MJGMCPT','014568','2017-07-12',9,639,4,3,1,1),(2381,'1','VNALZTN','001005','2017-07-12',19,640,4,3,1,2),(2382,'1','MJPWA69','018432','2017-07-12',6,640,4,3,1,1),(2383,'1','V1PR684','010037','2017-07-12',16,641,4,3,1,2),(2384,'1','MJPWE91','020644','2017-07-12',6,641,4,3,1,1),(2385,'1','VNALZV3','001196','2017-07-12',19,642,4,3,1,2),(2386,'1','MJEDVND','024179','2017-07-12',9,642,4,3,1,1),(2387,'1','VNAC281','001282','2017-07-12',19,643,4,3,1,2),(2388,'1','MJZHH63','020613','2017-07-12',6,643,4,3,1,1),(2389,'1','VNALK53','011630','2017-07-12',16,644,4,3,1,2),(2390,'1','MJPVZ12','020633','2017-07-12',6,644,4,3,1,1),(2391,'1','VNABYM0','999902','2017-07-12',99,645,4,3,1,2),(2392,'1','MJZKW25','014786','2017-07-12',6,645,4,3,1,1),(2393,'1','VNAC250','001273','2017-07-12',19,646,4,3,1,2),(2394,'1','MJPWH51','020676','2017-07-12',6,646,4,3,1,1),(2395,'1','VNABZW5','001270','2017-07-12',19,647,4,3,1,2),(2396,'1','MJDZB92','020654','2017-07-12',6,647,4,3,1,1),(2397,'1','VNACOF1','001267','2017-07-12',19,648,4,3,1,2),(2398,'1','MJPVZ54','001215','2017-07-12',6,648,4,3,1,1),(2399,'1','V1ALK02','010488','2017-07-12',16,649,4,3,1,2),(2400,'1','MJPWF11','014785','2017-07-12',6,649,4,3,1,1),(2401,'1','VNAC25T','001294','2017-07-12',19,650,4,3,1,2),(2402,'1','MJZKH66','020671','2017-07-12',6,650,4,3,1,1),(2403,'1','VNALZT4','001134','2017-07-12',19,651,4,3,1,2),(2404,'1','MJPWA68','014798','2017-07-12',6,651,4,3,1,1),(2405,'1','VNABYLY','001255','2017-07-12',19,652,4,3,1,2),(2406,'1','MJPWK70','012713','2017-07-12',6,652,4,3,1,1),(2407,'1','VNABYMZ','001252','2017-07-12',19,653,4,3,1,2),(2408,'1','MJPWG56','024221','2017-07-12',6,653,4,3,1,1),(2409,'1','VNABYMF','001249','2017-07-12',19,654,4,3,1,2),(2410,'1','MJPZD4D','020637','2017-07-12',6,654,4,3,1,1),(2411,'1','VNABYM2','999903','2017-07-12',99,655,4,3,1,2),(2412,'1','MJPVE18','014782','2017-07-12',6,655,4,3,1,1),(2413,'1','V1ADB83','002080','2017-07-12',16,656,4,3,1,2),(2414,'1','MJBFWYX','024145','2017-07-12',2,656,4,3,1,1),(2415,'1','V1ZT601','010023','2017-07-12',16,657,4,3,1,2),(2416,'1','MJZKF17','001031','2017-07-12',6,657,4,3,1,1),(2417,'1','VNALZTD','9011190','2017-07-12',19,658,4,3,1,2),(2418,'1','MJZHK30','020672','2017-07-12',6,658,4,3,1,1),(2419,'1','VNABZRX','001234','2017-07-12',19,659,4,3,1,2),(2420,'1','MJPWF38','001063','2017-07-12',6,659,4,3,1,1),(2421,'1','V1PW200','010218','2017-07-12',16,660,4,3,1,2),(2422,'1','MJZKW48','014779','2017-07-12',6,660,4,3,1,1),(2423,'1','VNABZRA','001288','2017-07-12',19,661,4,3,1,2),(2424,'1','MJPWE87','014781','2017-07-12',6,661,4,3,1,1),(2425,'1','V1ZT545','010310','2017-07-12',16,662,4,3,1,2),(2426,'1','MJPWA40','014788','2017-07-12',6,662,4,3,1,1),(2427,'1','VNALZV1','001285','2017-07-12',19,663,4,3,1,2),(2428,'1','MJZKW78','001124','2017-07-12',6,663,4,3,1,1),(2429,'1','VNABYLR','001314','2017-07-12',19,664,4,3,1,2),(2430,'1','MJPWG84','001186','2017-07-12',6,664,4,3,1,1),(2431,'1','VNALZNX','001178','2017-07-12',19,665,4,3,1,2),(2432,'1','MJEDUNK','010780','2017-07-12',9,665,4,3,1,1),(2433,'1','VNABWPN','002138','2017-07-12',19,666,4,3,1,2),(2434,'1','MJPWF04','024013','2017-07-12',6,666,4,3,1,1),(2435,'1','MJEDTXV','019905','2017-07-12',9,667,4,3,1,1),(2436,'1','VNAC267','001058','2017-07-12',19,667,4,3,1,2),(2437,'1','V1BMG14','010260','2017-07-12',16,668,4,3,1,2),(2438,'1','MJPWAB1','002312','2017-07-12',6,668,4,3,1,1),(2439,'1','VNABZTR','001204','2017-07-12',19,669,4,3,1,2),(2440,'1','MJPVZ79','001483','2017-07-12',6,669,4,3,1,1),(2441,'1','VNAC24Z','000974','2017-07-12',19,670,4,3,1,2),(2442,'1','MJKCH99','024222','2017-07-12',6,670,4,3,1,1),(2443,'1','VNABYLZ','000979','2017-07-12',19,671,4,3,1,2),(2444,'1','MJPVZ55','014787','2017-07-12',6,671,4,3,1,1),(2445,'1','VNABYLG','000995','2017-07-12',19,672,4,3,1,2),(2446,'1','MJPWK61','024044','2017-07-12',6,672,4,3,1,1),(2447,'1','VNAC25A','000992','2017-07-12',19,673,4,3,1,2),(2448,'1','MJPWF12','001080','2017-07-12',6,673,4,3,1,1),(2449,'1','VNAC218','000989','2017-07-12',19,674,4,3,1,2),(2450,'1','MJPWA61','024030','2017-07-12',6,674,4,3,1,1),(2451,'1','VNAC216','000986','2017-07-12',19,675,4,3,1,2),(2452,'1','MJPWK43','024104','2017-07-12',6,675,4,3,1,1),(2453,'1','VNABYNT','000943','2017-07-12',19,676,4,3,1,2),(2454,'1','MJPWA73','024845','2017-07-12',6,676,4,3,1,1),(2455,'1','VNAC21A','001207','2017-07-12',19,677,4,3,1,2),(2456,'1','MJPWA77','011232','2017-07-12',6,677,4,3,1,1),(2457,'1','VNABZRM','001002','2017-07-12',19,678,4,3,1,2),(2458,'1','MJ2KW50','024005','2017-07-12',6,678,4,3,1,1),(2459,'1','VNABZRF','000973','2017-07-12',19,679,4,3,1,2),(2460,'1','MJYPVF08','014791','2017-07-12',6,679,4,3,1,1),(2461,'1','VNAC28K','000970','2017-07-12',19,680,4,3,1,2),(2462,'1','MJZKW36','020607','2017-07-12',6,680,4,3,1,1),(2463,'1','CNC038NR58','001995','2017-07-12',23,681,4,3,1,2),(2464,'1','MJPWG55','014780','2017-07-12',6,681,4,3,1,1),(2465,'1','VNABYM3','000964','2017-07-12',19,682,4,3,1,2),(2466,'1','MJPWE97','014792','2017-07-12',6,682,4,3,1,1),(2467,'1','V1PR735','010378','2017-07-12',16,683,4,3,1,2),(2468,'1','MJPWF14','001096','2017-07-12',6,683,4,3,1,1),(2469,'1','V1PR608','010682','2017-07-12',16,684,4,3,1,2),(2470,'1','MJZHK36','020686','2017-07-12',6,684,4,3,1,1),(2471,'1','V1BCP53','010267','2017-07-12',16,685,4,3,1,2),(2472,'1','MJPWK67','020670','2017-07-12',6,685,4,3,1,1),(2473,'1','V90070XT','015753','2017-07-12',20,686,4,3,1,2),(2474,'1','MJEDVEH','024169','2017-07-12',9,686,4,3,1,1),(2475,'1','VNABYM1','000967','2017-07-12',19,687,4,3,1,2),(2476,'1','MJEDVBK','011195','2017-07-12',9,687,4,3,1,1),(2477,'1','V1PR624','010240','2017-07-12',16,688,4,3,1,2),(2478,'1','MJPVF01','014796','2017-07-12',6,688,4,3,1,1),(2479,'1','VNALYYD','001145','2017-07-12',19,689,4,3,1,2),(2480,'1','MJPWH18','024261','2017-07-12',6,689,4,3,1,1),(2481,'1','VNABZWM','000874','2017-07-12',19,690,4,3,1,2),(2482,'1','MJPVE13','020605','2017-07-12',6,690,4,3,1,1),(2483,'1','V1BMG27','010269','2017-07-12',16,691,4,3,1,2),(2484,'1','MJPWF39','020666','2017-07-12',6,691,4,3,1,1),(2485,'1','V1BFM80','010287','2017-07-12',16,692,4,3,1,2),(2486,'1','MJPWH33','000918','2017-07-12',6,692,4,3,1,1),(2487,'1','V1PR661','010491','2017-07-12',16,693,4,3,1,2),(2488,'1','MJPWA04','024855','2017-07-12',6,693,4,3,1,1),(2489,'1','V1PR702','010263','2017-07-12',16,694,4,3,1,2),(2490,'1','MJPWH79','014793','2017-07-12',6,694,4,3,1,1),(2491,'1','V1PR717','010262','2017-07-12',16,695,4,3,1,2),(2492,'1','MJPVZ61','024032','2017-07-12',6,695,4,3,1,1),(2493,'1','V1HKD90','014799','2017-07-12',16,696,4,3,1,2),(2494,'1','MJPWA90','014721','2017-07-12',6,696,4,3,1,1),(2495,'1','V1BMG22','010264','2017-07-12',16,697,4,3,1,2),(2496,'1','MJZKE97','020647','2017-07-12',6,697,4,3,1,1),(2497,'1','V1PR670','010288','2017-07-12',16,698,4,3,1,2),(2498,'1','MJPWE98','020617','2017-07-12',6,698,4,3,1,1),(2499,'1','VNABZT5','001279','2017-07-12',19,699,4,3,1,2),(2500,'1','MJPWG58','024846','2017-07-12',6,699,4,3,1,1),(2501,'1','V1ZT597','010266','2017-07-12',16,700,4,3,1,2),(2502,'1','MJPWF41','020673','2017-07-12',6,700,4,3,1,1),(2503,'1','V1ZT617','010265','2017-07-12',16,701,4,3,1,2),(2504,'1','MJEDTXM','032678','2017-07-12',9,701,4,3,1,1),(2505,'1','V1ZT590','010248','2017-07-12',16,702,4,3,1,2),(2506,'1','MJPVZ02','018400','2017-07-12',6,702,4,3,1,1),(2507,'1','V1PR683','010247','2017-07-12',16,703,4,3,1,2),(2508,'1','MJPWH28','024033','2017-07-12',6,703,4,3,1,1),(2509,'1','VNA4087','002136','2017-07-12',16,704,4,3,1,2),(2510,'1','MJPZC23','014778','2017-07-12',6,704,4,3,1,1),(2511,'1','VNALZR0','001193','2017-07-12',19,705,4,3,1,2),(2512,'1','MJPVZ86','001477','2017-07-12',6,705,4,3,1,1),(2513,'1','V1BMF97','010720','2017-07-12',19,706,4,3,1,2),(2514,'1','MJZKW71','024110','2017-07-12',6,706,4,3,1,1),(2515,'1','VNAR7R9','000850','2017-07-12',19,707,4,3,1,2),(2516,'1','MJPWF37','001236','2017-07-12',6,707,4,3,1,1),(2517,'1','V1BMG01','010018','2017-07-12',16,708,4,3,1,2),(2518,'1','MJPWF10','001105','2017-07-12',6,708,4,3,1,1),(2519,'1','V1PR710','010006','2017-07-12',16,709,4,3,1,2),(2520,'1','MJEDVMY','010274','2017-07-12',9,709,4,3,1,1),(2521,'1','V1PR681','010220','2017-07-12',16,710,4,3,1,2),(2522,'1','MJZHK19','014602','2017-07-12',6,710,4,3,1,1),(2523,'1','V1ALK55','010497','2017-07-12',16,711,4,3,1,2),(2524,'1','MJPWH53','014797','2017-07-12',6,711,4,3,1,1),(2525,'1','V9-006YFA','024017','2017-07-12',20,712,4,3,1,2),(2526,'1','MJPVZ76','019845','2017-07-12',6,712,4,3,1,1),(2527,'1','VNABY7Y','000841','2017-07-12',19,713,4,3,1,2),(2528,'1','MJEDTWG','010733','2017-07-12',9,713,4,3,1,1),(2529,'1','V9-006YFK','024016','2017-07-12',20,714,4,3,1,2),(2530,'1','MJZHK20','017503','2017-07-12',6,714,4,3,1,1),(2531,'1','V256597','000088','2017-07-12',16,715,4,3,1,2),(2532,'1','MJEDTZY','024158','2017-07-12',9,715,4,3,1,1),(2533,'1','VNABZTN','000862','2017-07-12',19,716,4,3,1,2),(2534,'1','MJZKG40','000849','2017-07-12',6,716,4,3,1,1),(2535,'1','V256024','008691','2017-07-12',16,717,4,3,1,2),(2536,'1','MJPWK12','000888','2017-07-12',6,717,4,3,1,1),(2537,'1','VNABZM9','000946','2017-07-12',19,718,4,3,1,2),(2538,'1','MJYE074','014703','2017-07-12',4,718,4,3,1,1),(2539,'1','VNAC26D','000940','2017-07-12',19,719,4,3,1,2),(2540,'1','MJPVY94','000843','2017-07-12',6,719,4,3,1,1),(2541,'1','VNBK7X1','011688','2017-07-12',19,720,4,3,1,2),(2542,'1','MJYE661','019887','2017-07-12',4,720,4,3,1,1),(2543,'1','VNA4D6A','002353','2017-07-12',19,721,4,3,1,2),(2544,'1','MJPWH95','018485','2017-07-12',6,721,4,3,1,1),(2545,'1','VNALZTC','001142','2017-07-12',19,722,4,3,1,2),(2546,'1','MJPWF99','024553','2017-07-12',6,722,4,3,1,1),(2547,'1','V1BCP71','010013','2017-07-12',16,723,4,3,1,2),(2548,'1','MJPWA85','018420','2017-07-12',6,723,4,3,1,1),(2549,'1','VNAL1VT','004613','2017-07-12',19,724,4,3,1,2),(2550,'1','MJZKX65','024759','2017-07-12',6,724,4,3,1,1),(2551,'1','MJPWF51','001296','2017-07-12',6,725,4,3,1,1),(2552,'1','VNALZTG','001020','2017-07-12',19,725,4,3,1,2),(2553,'1','VNALZVD','001118','2017-07-12',19,726,4,3,1,2),(2554,'1','MJPWF83','024767','2017-07-12',6,726,4,3,1,1),(2555,'1','VNAC00Z','000976','2017-07-12',19,727,4,3,1,2),(2556,'1','MJ018XV3','014979','2017-07-12',12,727,4,3,1,1),(2557,'1','VNABWR0','001852','2017-07-12',19,728,4,3,1,2),(2558,'1','MJEDVNF','014734','2017-07-12',9,728,4,3,1,1),(2559,'1','VNAC260','000883','2017-07-12',19,729,4,3,1,2),(2560,'1','MJEDVMP','999904','2017-07-12',99,729,4,3,1,1),(2561,'1','VNABN1V','020650','2017-07-12',19,730,4,3,1,2),(2562,'1','MJPVF06','024040','2017-07-12',6,730,4,3,1,1),(2563,'1','VNABZT4','000835','2017-07-12',19,731,4,3,1,2),(2564,'1','MJEDRAC','014735','2017-07-12',9,731,4,3,1,1),(2565,'1','CN-OKW14V-74261-45E-1L5B','015762','2017-07-12',99,732,4,3,1,2),(2566,'1','5D71Y12','015760','2017-07-12',99,732,4,3,1,1),(2567,'1','CN-OKW14V-74261-45E-1KYB','024002','2017-07-12',99,733,4,3,1,2),(2568,'1','5D70Y12','024001','2017-07-12',99,733,4,3,1,1),(2569,'1','CN-OKW14V-74261-45E-1LEB','015763','2017-07-12',99,734,4,3,1,2),(2570,'1','5D72Y12','024035','2017-07-12',99,734,4,3,1,1),(2571,'1','CN-OKW14V-74261-45E-1KWB','015765','2017-07-12',99,735,4,3,1,2),(2572,'1','5D62X12','015759','2017-07-12',99,735,4,3,1,1),(2573,'1','CN-OKW14V-74261-45E-1MHB','015766','2017-07-12',99,736,4,3,1,2),(2574,'1','5D73Y12','9014898','2017-07-12',99,736,4,3,1,1),(2575,'1','VNBMF90','010355','2017-07-12',19,742,4,4,1,2),(2576,'1','MJGMCNN','024193','2017-07-12',9,742,4,4,1,1),(2577,'1','V1ALK36','014747','2017-07-12',16,743,4,4,1,2),(2578,'1','MJPVE96','020682','2017-07-12',6,743,4,4,1,1),(2579,'1','CNC038NQ6V','001997','2017-07-12',23,744,4,4,1,2),(2580,'1','MJPWF91','999905','2017-07-12',99,744,4,4,1,1),(2581,'1','CNC038NNY9','002001','2017-07-12',23,745,4,4,1,2),(2582,'1','MJEDZBG','999906','2017-07-12',99,745,4,4,1,1),(2583,'1','V1BCP99','010348','2017-08-04',16,772,7,4,1,2),(2584,'1','MJEDVCR','024504','2017-07-12',9,746,4,4,1,1),(2585,'1','V1BCP57','010367','2017-08-04',16,804,6,4,1,2),(2586,'1','MJPVE17','020668','2017-07-12',6,747,4,4,1,1),(2587,'1','V1BCP58','010285','2017-07-12',16,748,4,4,1,2),(2588,'1','MJPVEJ0','020634','2017-07-12',6,748,4,4,1,1),(2589,'1','V1ALH99','010485','2017-08-04',16,800,6,4,1,2),(2590,'1','MJEDVFT','014567','2017-07-12',9,749,4,4,1,1),(2591,'1','VNALZVA','001032','2017-07-12',19,750,4,4,1,2),(2592,'1','MJERDPG','008892','2017-07-12',9,750,4,4,1,1),(2593,'1','V1ALK10','010428','2017-08-04',16,799,6,4,1,2),(2594,'1','MJEDPZK','010251','2017-07-12',9,751,4,4,1,1),(2595,'1','V255744','024757','2017-08-04',16,787,7,4,1,2),(2596,'1','MJVDCV4','024799','2017-07-12',9,752,4,4,1,1),(2597,'1','99-V1PR729','9010268','2017-07-12',16,753,4,4,1,2),(2598,'1','MJWEFW4','999907','2017-07-12',99,753,4,4,1,1),(2599,'1','V1PR729','010268','2017-07-12',16,754,4,4,1,2),(2600,'1','MJYE065','017517','2017-07-12',4,754,4,4,1,1),(2601,'1','V1ALK49','012753','2017-08-04',16,784,7,4,1,2),(2602,'1','MJGMCNW','024162','2017-07-12',9,755,4,4,1,1),(2603,'1','V9-006ZYP','024921','2017-07-12',20,756,4,4,1,2),(2604,'1','MJ018Y28','017205','2017-07-12',12,756,4,4,1,1),(2605,'1','VNABZT9','001300','2017-07-12',19,757,4,4,1,2),(2606,'1','MJ018XT2','024042','2017-07-12',12,757,4,4,1,1),(2607,'1','V1ALK72','018484','2017-07-12',16,759,4,4,1,2),(2608,'1','MXL04001C5','999908','2017-07-12',99,759,4,4,1,1),(2609,'1','V1ZT582','010308','2017-07-12',16,760,4,4,1,2),(2610,'1','MXL04001BD','999909','2017-07-12',99,760,4,4,1,1),(2611,'1','V1PR680','010073','2017-07-12',16,761,4,4,1,2),(2612,'1','MJVDDF1','024758','2017-07-12',7,761,4,4,1,1),(2613,'1','V1ZT629','018413','2017-08-04',16,781,7,4,1,2),(2614,'1','MJPWK13','999910','2017-07-12',99,762,4,4,1,1),(2615,'1','V1PR690','010292','2017-08-04',16,782,7,4,1,2),(2616,'1','MJPWH42','020691','2017-07-12',6,763,4,4,1,1),(2617,'1','V1PR656','018488','2017-08-04',16,783,7,4,1,2),(2618,'1','MJYE982','011311','2017-07-12',4,764,4,4,1,1),(2619,'1','V1BCM51','010368','2017-08-04',16,785,7,4,1,2),(2620,'1','MJPWH49','020601','2017-07-12',6,765,4,4,1,1),(2621,'1','V9-006YFR','020635','2017-07-12',20,766,4,4,1,2),(2622,'1','MJPVE99','024542','2017-07-12',6,766,4,4,1,1),(2623,'1','V1PW266','010349','2017-07-12',16,767,4,4,1,2),(2624,'1','MJEDVAE','999911','2017-07-12',99,767,4,4,1,1),(2625,'1','VNABZRN','000853','2017-07-12',19,768,4,4,1,2),(2626,'1','MJZHH57','024014','2017-07-12',6,768,4,4,1,1),(2627,'1','V1PW213','017577','2017-07-12',16,769,4,4,1,2),(2628,'1','MJPVF03','024555','2017-07-12',6,769,4,4,1,1),(2629,'1','CNC038NR41','002006','2017-07-12',23,770,4,4,1,2),(2630,'1','MJEDTWV','024187','2017-07-12',9,770,4,4,1,1),(2631,'1','V1ALK39','024062','2017-07-12',16,771,4,4,1,2),(2632,'1','MJGMCNP','024099','2017-07-12',9,771,4,4,1,1),(2633,'1','VNALZTT','001115','2017-07-12',19,986,14,17,1,2),(2634,'1','MJEDVNM','017491','2017-07-12',9,772,7,4,1,1),(2635,'1','VNAB2TV','024075','2017-08-04',19,986,14,17,1,2),(2636,'1','MJEDTZZ','017458','2017-07-12',9,986,14,17,1,1),(2637,'1','V1ZT594','010050','2017-07-12',16,986,14,17,1,2),(2638,'1','MJEDZ8H','012790','2017-07-12',9,986,14,17,1,1),(2639,'1','V1PC545','008731','2017-07-12',19,986,14,17,1,2),(2640,'1','MJ018X58','024551','2017-07-12',12,986,14,17,1,1),(2641,'1','MJEDTYM','024188','2017-07-12',9,986,14,17,1,1),(2642,'1','V257191','008688','2017-08-04',16,777,7,4,1,2),(2643,'1','VNALZR6','001222','2017-07-12',19,986,14,17,1,2),(2644,'1','MJGMCNY','012724','2017-07-12',9,777,7,4,1,1),(2645,'1','VNABY6T','000802','2017-07-12',19,778,7,4,1,2),(2646,'1','MJEDTRK','024797','2017-07-12',9,778,7,4,1,1),(2647,'1','VNABY66','001891','2017-07-12',19,986,14,17,1,2),(2648,'1','MJEDRDR','024186','2017-07-12',9,986,14,17,1,1),(2649,'1','VNAC1V5','001789','2017-07-12',19,986,14,17,1,2),(2650,'1','MJEDPYF','014736','2017-07-12',9,986,14,17,1,1),(2651,'1','VNABZTD','001243','2017-07-12',19,986,14,17,1,2),(2652,'1','MJEDTZT','018422','2017-07-12',9,781,7,4,1,1),(2653,'1','VNABYGZ','000913','2017-07-12',19,986,14,17,1,2),(2654,'1','MJEDYYX','018495','2017-07-12',9,782,7,4,1,1),(2655,'1','VNABZRL','000907','2017-07-12',19,986,14,17,1,2),(2656,'1','MJBFXB1','024180','2017-07-12',2,783,7,4,1,1),(2657,'1','VNABY73','001610','2017-07-12',16,986,14,17,1,2),(2658,'1','MJEDTVT','024185','2017-07-12',9,784,7,4,1,1),(2659,'1','VNALZTF','001430','2017-07-12',19,986,14,17,1,2),(2660,'1','MJEDVAL','024786','2017-07-12',9,785,7,4,1,1),(2661,'1','V1ZT639','024803','2017-07-12',16,786,7,4,1,2),(2662,'1','MJEDYZD','014562','2017-07-12',9,786,7,4,1,1),(2663,'1','VNAC1R7','001773','2017-07-12',19,986,14,17,1,2),(2664,'1','MJGMCRL','024195','2017-07-12',9,787,7,4,1,1),(2665,'1','99-V1PR655','9019740','2017-07-12',16,986,14,17,1,2),(2666,'1','MJ018Y0P','024756','2017-07-12',12,986,14,17,1,1),(2667,'1','V1BMF72','010098','2017-07-12',16,789,7,4,1,2),(2668,'1','MJEDVAM','012797','2017-07-12',9,789,7,4,1,1),(2669,'1','CNT933629L','014974','2017-07-12',24,790,7,4,1,2),(2670,'1','MJGMCPE','024962','2017-07-12',9,790,7,4,1,1),(2671,'1','V1BCR04','010133','2017-07-12',16,791,7,4,1,2),(2672,'1','MJEDVGT','014566','2017-07-12',9,791,7,4,1,1),(2673,'1','V1PC445','008713','2017-07-12',16,986,14,17,1,2),(2674,'1','MJGMCMY','014746','2017-07-12',9,986,14,17,1,1),(2675,'1','MJGMCPL','024773','2017-07-12',9,986,14,17,1,1),(2676,'1','CNC038NR12','002014','2017-07-12',23,986,14,17,1,2),(2677,'1','MJEDZCN','024184','2017-07-12',9,986,14,17,1,1),(2678,'1','V1PR701','010237','2017-07-12',19,986,14,17,1,2),(2679,'1','MJEDVEK','011190','2017-07-12',9,986,14,17,1,1),(2680,'1','V1ALH97','024866','2017-07-12',16,986,14,17,1,2),(2681,'1','MJGMCML','024183','2017-07-12',9,986,14,17,1,1),(2682,'1','V1PR553','010313','2017-07-12',16,986,14,17,1,2),(2683,'1','V1PR714','010123','2017-08-04',16,788,7,4,1,2),(2684,'1','99-MJEDVER','9012788','2017-07-12',9,986,14,17,1,1),(2685,'1','V1PR655','019740','2017-07-12',16,986,14,17,1,2),(2686,'1','MJEDVER','012788','2017-08-04',9,788,7,4,1,1),(2687,'1','VNABWPV','001775','2017-07-12',19,986,14,17,1,2),(2688,'1','MJEDTWK','024932','2017-07-12',9,799,6,4,1,1),(2689,'1','VNALZRW','000785','2017-07-12',19,986,14,17,1,2),(2690,'1','MJEDVFK','024163','2017-07-12',9,800,6,4,1,1),(2691,'1','V255739','000126','2017-07-12',16,801,6,4,1,2),(2692,'1','MJEDTRT','024339','2017-07-12',9,801,6,4,1,1),(2693,'1','V12T574','010705','2017-07-12',16,802,6,4,1,2),(2694,'1','MJEDVFM','024342','2017-08-04',9,802,6,4,1,1),(2695,'1','V1PR700','010048','2017-07-12',16,803,6,4,1,2),(2696,'1','MJBFWZP','017432','2017-07-12',2,803,6,4,1,1),(2697,'1','VNAB2RC','000898','2017-07-12',19,986,14,17,1,2),(2698,'1','MJEDRDZ','024774','2017-07-12',9,804,6,4,1,1),(2699,'1','V1BMG36','024076','2017-07-12',16,805,6,4,1,2),(2700,'1','MJEDTXD','024172','2017-07-12',9,805,6,4,1,1),(2701,'1','V1BMF64','010092','2017-07-12',16,806,6,4,1,2),(2702,'1','MJEDTZM','018436','2017-07-12',9,806,6,4,1,1),(2703,'1','CNC038NPBB','002016','2017-07-12',23,807,6,4,1,2),(2704,'1','MJGMCPG','024166','2017-07-12',9,807,6,4,1,1),(2705,'1','V255705','024641','2017-07-12',16,986,14,17,1,2),(2706,'1','MJEDPYH','014742','2017-07-12',9,808,6,4,1,1),(2707,'1','V1PR658','010109','2017-07-12',16,809,6,4,1,2),(2708,'1','MJGMCMZ','024168','2017-07-12',9,809,6,4,1,1),(2709,'1','V1ZT600','010114','2017-07-12',16,810,6,4,1,2),(2710,'1','MJGMCPU','014752','2017-07-12',9,810,6,4,1,1),(2711,'1','V1PR719','010085','2017-07-12',16,811,6,4,1,2),(2712,'1','MJGMCMT','024081','2017-07-12',9,811,6,4,1,1),(2713,'1','CNC038NP39','002010','2017-07-12',23,812,6,4,1,2),(2714,'1','MJEDVHC','024170','2017-07-12',9,812,6,4,1,1),(2715,'1','V1ALH93','024182','2017-07-12',16,986,14,17,1,2),(2716,'1','MJEDTZN','024190','2017-07-12',9,986,14,17,1,1),(2717,'1','V1PR572','011141','2017-07-12',16,814,6,4,1,2),(2718,'1','MJEDTPZ','024164','2017-07-12',9,814,6,4,1,1),(2719,'1','V1AWB54','024079','2017-07-12',16,986,14,17,1,2),(2720,'1','MJEDVED','024089','2017-07-12',9,986,14,17,1,1),(2721,'1','V255690','000124','2017-07-12',16,986,14,17,1,2),(2722,'1','MJEDVDE','024088','2017-07-12',9,986,14,17,1,1),(2723,'1','V256600','000146','2017-07-12',16,986,14,17,1,2),(2724,'1','MJO10XW7','015745','2017-07-12',9,986,14,17,1,1),(2725,'1','V1ZT599','010354','2017-07-12',16,818,6,4,1,2),(2726,'1','MJEDRCP','024085','2017-07-12',9,818,6,4,1,1),(2727,'1','V255693','000202','2017-07-12',16,819,6,4,1,2),(2728,'1','MJBFWZK','018487','2017-07-12',2,819,6,4,1,1),(2729,'1','V1PR725','010016','2017-07-12',16,820,6,4,1,2),(2730,'1','MJEDZBV','024882','2017-07-12',9,820,6,4,1,1),(2731,'1','V1PP826','010301','2017-07-12',16,821,6,4,1,2),(2732,'1','MJEDTPX','024083','2017-07-12',9,821,6,4,1,1),(2733,'1','V1PR620','010208','2017-07-12',16,822,6,4,1,2),(2734,'1','MJEDTZC','024171','2017-07-12',9,822,6,4,1,1),(2735,'1','V1BMG21','018407','2017-07-12',16,823,6,4,1,2),(2736,'1','MJEDVCT','024530','2017-07-12',9,823,6,4,1,1),(2737,'1','V1BMF81','010046','2017-07-12',16,824,6,4,1,2),(2738,'1','MJEDVEL','024780','2017-07-12',9,824,6,4,1,1),(2739,'1','V1PW215','010042','2017-07-12',16,825,6,4,1,2),(2740,'1','MJEDRBA','024302','2017-07-12',9,825,6,4,1,1),(2741,'1','V1ZT602','024059','2017-07-12',16,826,6,4,1,2),(2742,'1','MJEDTVA','012717','2017-07-12',9,826,6,4,1,1),(2743,'1','V1ZT422','008717','2017-07-12',16,827,6,4,1,2),(2744,'1','MJGMCRG','014757','2017-07-12',9,827,6,4,1,1),(2745,'1','V1ALK05','010668','2017-07-12',16,828,6,4,1,2),(2746,'1','MJGMCRF','024531','2017-07-12',9,828,6,4,1,1),(2747,'1','V12T611','011252','2017-07-12',16,834,5,9,1,2),(2748,'1','MJGMCNM','017430','2017-07-12',9,834,5,9,1,1),(2749,'1','V1ALF40','024072','2017-07-12',16,835,5,9,1,2),(2750,'1','MJEPPYZ','014794','2017-07-12',9,835,5,9,1,1),(2751,'1','V1BMF77','010012','2017-07-12',16,836,5,9,1,2),(2752,'1','MJEDYMF','024074','2017-07-12',9,836,5,9,1,1),(2753,'1','V1ALH92','010425','2017-07-12',16,837,5,9,1,2),(2754,'1','MJGMCRH','024599','2017-07-12',9,837,5,9,1,1),(2755,'1','V1BMG31','010079','2017-07-12',16,838,5,9,1,2),(2756,'1','MJGMCMW','014739','2017-07-12',9,838,5,9,1,1),(2757,'1','V1PP836','010060','2017-07-12',16,839,5,9,1,2),(2758,'1','MJ018XX6','019859','2017-07-12',12,839,5,9,1,1),(2759,'1','V335714','000331','2017-07-12',17,840,5,9,1,2),(2760,'1','MJPWH32','002337','2017-07-12',6,840,5,9,1,1),(2761,'1','V1BMF86','010078','2017-07-12',16,841,5,9,1,2),(2762,'1','MJEDTWT','024060','2017-07-12',9,841,5,9,1,1),(2763,'1','V335802','012635','2017-07-12',17,842,5,9,1,2),(2764,'1','MJPVF29','014720','2017-07-12',6,842,5,9,1,1),(2765,'1','V1ALK41','024067','2017-07-12',16,843,5,9,1,2),(2766,'1','MJEDVFD','024066','2017-07-12',9,843,5,9,1,1),(2767,'1','CNC038NNT8','000071','2017-07-12',23,844,5,9,1,2),(2768,'1','MJEDTZB','024307','2017-07-12',9,844,5,9,1,1),(2769,'1','VNAL2TP','000782','2017-07-12',19,845,5,9,1,2),(2770,'1','MJGMCRN','024063','2017-07-12',9,845,5,9,1,1),(2771,'1','V1ALK69','012800','2017-07-12',16,846,5,9,1,2),(2772,'1','MJPWH83','017420','2017-07-12',6,846,5,9,1,1),(2773,'1','V1PR682','010333','2017-07-12',16,847,5,9,1,2),(2774,'1','MJYE064','024336','2017-07-12',4,847,5,9,1,1),(2775,'1','VNABYMD','000919','2017-07-12',19,848,5,9,1,2),(2776,'1','MJEDTRX','014763','2017-07-12',9,848,5,9,1,1),(2777,'1','V1ALK40','024309','2017-07-12',16,849,5,9,1,2),(2778,'1','MJPVE14','024308','2017-07-12',6,849,5,9,1,1),(2779,'1','V1BCP69','024068','2017-07-12',16,850,5,9,1,2),(2780,'1','MJGMCNC','017418','2017-07-12',9,850,5,9,1,1),(2781,'1','V1BMF82','024071','2017-07-12',16,858,5,9,1,2),(2782,'1','MJEDTWL','024073','2017-07-12',9,858,5,9,1,1),(2783,'1','V1ALK45','024069','2017-07-12',16,859,5,9,1,2),(2784,'1','MJVDDD2','024611','2017-07-12',7,859,5,9,1,1),(2785,'1','VNALZTY','001106','2017-07-12',16,860,5,9,1,2),(2786,'1','MJEDTWA','012770','2017-07-12',9,860,5,9,1,1),(2787,'1','V275720','017421','2017-07-12',16,861,5,9,1,2),(2788,'1','MJEDTTK','999912','2017-07-12',99,861,5,9,1,1),(2789,'1','V255749','000002','2017-07-12',16,862,5,9,1,2),(2790,'1','MJ6MCRB','024064','2017-07-12',9,862,5,9,1,1),(2791,'1','V1PR753','010108','2017-07-12',16,863,5,9,1,2),(2792,'1','MJPWA76','024141','2017-07-12',6,863,5,9,1,1),(2793,'1','V9-006ZYT','017600','2017-07-12',20,967,9,5,1,2),(2794,'1','MJDTHYN','008494','2017-07-12',3,967,9,5,1,1),(2795,'1','V9-0070M9','014975','2017-07-12',20,968,9,5,1,2),(2796,'1','MJEDZAK','008938','2017-07-12',9,968,9,5,1,1),(2797,'1','10W235551872','004246','2017-07-12',13,968,9,5,1,3),(2798,'1','V9-0070XX','014977','2017-07-12',20,969,9,5,1,2),(2799,'1','MJ018XVE','015734','2017-07-12',12,969,9,5,1,1),(2800,'1','10W735532436','003975','2017-07-12',13,969,9,5,1,3),(2801,'1','V1ALK00','014629','2017-07-12',16,970,10,5,1,2),(2802,'1','MJEDRDT','008887','2017-07-12',9,970,10,5,1,1),(2803,'1','V255975','008715','2017-07-12',16,971,10,5,1,2),(2804,'1','MJYE076','002135','2017-07-12',4,971,10,5,1,1),(2805,'1','14W2443702RK','015658','2017-07-12',13,971,10,5,1,3),(2806,'1','V1ALH96','010648','2017-07-12',16,972,10,5,1,2),(2807,'1','MJ018XVM','014973','2017-07-12',12,972,10,5,1,1),(2808,'1','14WZ443702SV','015659','2017-07-12',13,972,10,5,1,3),(2809,'1','V255731','000128','2017-07-12',16,973,10,5,1,2),(2810,'1','MJERDRV','008913','2017-07-12',9,973,10,5,1,1),(2811,'1','10WZ35552407','006878','2017-07-12',13,973,10,5,1,3),(2812,'1','V1BMF68','010719','2017-07-12',16,975,12,5,1,2),(2813,'1','MJVDDE2','000131','2017-07-12',7,975,12,5,1,1),(2814,'1','15W25227040UT','024316','2017-07-12',13,975,12,5,1,3),(2815,'1','PF0AYW8R','024703','2017-07-12',99,977,11,6,1,5),(2816,'1','MJEDVCP','010723','2017-07-12',9,978,11,6,1,1),(2817,'1','VNABWNM','001871','2017-07-12',19,978,11,6,1,2),(2818,'1','MJPWG07','001872','2017-07-12',6,979,11,6,1,1),(2819,'1','VNABWN9','001873','2017-07-12',19,979,11,6,1,2),(2820,'1','CNJ8F7Z234','014898','2017-07-12',25,979,11,6,1,2),(2821,'1','MJGMCP8','024303','2017-07-12',9,980,11,6,1,1),(2822,'1','VNABXCB','001875','2017-07-12',19,980,11,6,1,2),(2823,'1','MJPWH59','012612','2017-07-12',6,981,11,6,1,1),(2824,'1','VNABY6A','001877','2017-07-12',19,981,11,6,1,2),(2825,'1','0004F2F18ECF','011066','2017-07-12',99,984,12,15,1,3),(2826,'1','MJEDYYV','999913','2017-07-12',99,984,12,15,1,1),(2827,'1','VNALZTX','000779','2017-07-12',99,985,13,16,1,2),(2828,'1','MJYE892','011328','2017-07-12',99,985,13,16,1,1),(2829,'1','VNABZT6','000825','2017-07-12',19,737,4,8,1,2),(2830,'1','MJ018XSO','017553','2017-07-12',12,737,4,8,1,1),(2831,'1','081620301063','024668','2017-07-12',14,737,4,8,1,3),(2832,'1','VNAC00V','000828','2017-07-12',19,738,4,8,1,2),(2833,'1','MJ018Y19','017569','2017-07-12',12,738,4,8,1,1),(2834,'1','081620302575','014902','2017-07-12',14,738,4,8,1,3),(2835,'1','VNAC28T','000822','2017-07-12',19,739,4,8,1,2),(2836,'1','MJ018X56','017552','2017-07-12',12,739,4,8,1,1),(2837,'1','081620301035','014877','2017-07-12',14,739,4,8,1,3),(2838,'1','VNABYMC','000816','2017-07-12',19,740,4,8,1,2),(2839,'1','MJ018Y2E','015751','2017-07-12',12,740,4,8,1,1),(2840,'1','081621302999','014691','2017-07-12',14,740,4,8,1,3),(2841,'1','VNALZVK','000819','2017-07-12',19,741,4,8,1,2),(2842,'1','MJ018XVY','015741','2017-07-12',12,741,4,8,1,1),(2843,'1','081636604256','014910','2017-07-12',14,741,4,8,1,3),(2844,'1','VNABZRK','000813','2017-07-12',19,982,4,8,1,2),(2845,'1','MJ018XT9','015719','2017-07-12',12,982,4,8,1,1),(2846,'1','081621303005','024661','2017-07-12',14,982,4,8,1,3),(2847,'1','V90070WM','014976','2017-07-12',20,865,13,10,1,2),(2848,'1','VNB1N9P','024549','2017-07-12',19,866,13,10,1,2),(2849,'1','MJPWA26','017525','2017-07-12',6,866,13,10,1,1),(2850,'1','V9006ZY6','018435','2017-07-12',20,867,13,10,1,2),(2851,'1','MJPVE15','020695','2017-07-12',6,867,13,10,1,1),(2852,'1','V9-0070XH','015754','2017-07-12',20,868,13,10,1,2),(2853,'1','MJPWH35','024783','2017-07-12',6,868,13,10,1,1),(2854,'1','V1BM605','017519','2017-07-12',16,869,13,10,1,2),(2855,'1','MXJ9430277','018437','2017-07-12',99,869,13,10,1,1),(2856,'1','V9-0070X7','014993','2017-07-12',20,870,13,10,1,2),(2857,'1','MJYE071','024996','2017-07-12',4,870,13,10,1,1),(2858,'1','V9-006ZY1','017217','2017-07-12',20,872,13,10,1,2),(2859,'1','MJPVZ05','024540','2017-07-12',6,872,13,10,1,1),(2860,'1','VNALZTW','000788','2017-07-12',19,873,13,10,1,2),(2861,'1','MJEDVCN','024135','2017-07-12',9,873,13,10,1,1),(2862,'1','VNAC1VD','001606','2017-07-12',19,874,13,10,1,2),(2863,'1','MJEDTVH','011309','2017-07-12',9,874,13,10,1,1),(2864,'1','V335832','000319','2017-07-12',17,875,13,10,1,2),(2865,'1','MJPVF22','024785','2017-07-12',6,875,13,10,1,1),(2866,'1','V9-006Z7Y','015749','2017-07-12',20,876,13,10,1,2),(2867,'1','MJEDTVZ','024244','2017-07-12',9,876,13,10,1,1),(2868,'1','V1ZT587','008758','2017-07-12',16,877,13,10,1,2),(2869,'1','MJYE890','024143','2017-07-12',4,877,13,10,1,1),(2870,'1','V9-0070X6','015752','2017-07-12',20,878,13,10,1,2),(2871,'1','MJPZD14','012714','2017-07-12',6,878,13,10,1,1),(2872,'1','V90070XC','014984','2017-07-12',20,879,13,10,1,2),(2873,'1','VNB1N73','002050','2017-07-12',19,881,13,10,1,2),(2874,'1','MJPVZ53','000824','2017-07-12',99,881,13,10,1,1),(2875,'1','V9-006ZK3','015747','2017-07-12',20,882,13,10,1,2),(2876,'1','MJVDDG2','024148','2017-07-12',7,882,13,10,1,1),(2877,'1','V9-006ZXF','017567','2017-07-12',20,883,13,10,1,2),(2878,'1','MJVKTM7','014553','2017-07-12',5,883,13,10,1,1),(2879,'1','CNC038NNB3','002018','2017-07-12',23,884,13,10,1,2),(2880,'1','MJPWQ00','011233','2017-07-12',6,884,13,10,1,1),(2881,'1','V335787','024537','2017-07-12',17,885,13,11,1,2),(2882,'1','MJZHK44','014607','2017-07-12',6,885,13,11,1,1),(2883,'1','V1BCP29','010072','2017-07-12',16,886,13,11,1,2),(2884,'1','MJVDDN7','024094','2017-07-12',7,886,13,11,1,1),(2885,'1','V1BMC70','010302','2017-07-12',16,887,13,11,1,2),(2886,'1','MJVDDP3','024095','2017-07-12',7,887,13,11,1,1),(2887,'1','V256709','000147','2017-07-12',16,888,13,11,1,2),(2888,'1','MJPWH94','019872','2017-07-12',6,888,13,11,1,1),(2889,'1','V1ZT559','010020','2017-07-12',16,889,13,11,1,2),(2890,'1','MXL04018TV','019850','2017-07-12',99,889,13,11,1,1),(2891,'1','V1BCP74','010067','2017-07-12',16,890,13,11,1,2),(2892,'1','MXL0390XMW','024036','2017-07-12',99,890,13,11,1,1),(2893,'1','V1ZT620','010029','2017-07-12',16,891,13,11,1,2),(2894,'1','MJFNPT3','017456','2017-07-12',3,891,13,11,1,1),(2895,'1','MJVDDF4','017204','2017-07-12',7,892,13,11,1,1),(2896,'1','V1BMG10','010309','2017-07-12',16,892,13,11,1,2),(2897,'1','V9-0070W3','024538','2017-07-12',20,893,13,11,1,2),(2898,'1','MJPWH23','018482','2017-07-12',6,893,13,11,1,1),(2899,'1','V1ALF30','024086','2017-07-12',16,894,13,11,1,2),(2900,'1','MXL04001CJ','029809','2017-07-12',99,894,13,11,1,1),(2901,'1','V1PP889','010066','2017-07-12',16,895,13,11,1,2),(2902,'1','MXL0400144','002019','2017-07-12',99,895,13,11,1,1),(2903,'1','V335856','000228','2017-07-12',17,896,13,11,1,2),(2904,'1','MJYE006','001876','2017-07-12',4,896,13,11,1,1),(2905,'1','V1ALH98','024642','2017-07-12',16,897,13,11,1,2),(2906,'1','MXL0400198','019901','2017-07-12',99,897,13,11,1,1),(2907,'1','V255723','000144','2017-07-12',16,898,13,11,1,2),(2908,'1','MJPVE20','016301','2017-07-12',6,898,13,11,1,1),(2909,'1','V1PR686','010245','2017-07-12',16,899,13,11,1,2),(2910,'1','MJPW635','024534','2017-07-12',6,899,13,11,1,1),(2911,'1','VNABY67','024550','2017-07-12',19,900,13,11,1,2),(2912,'1','MJYE068','011552','2017-07-12',4,900,13,11,1,1),(2913,'1','V9-0070X4','014971','2017-07-12',20,901,13,11,1,2),(2914,'1','X','019874','2017-07-12',99,901,13,11,1,1),(2915,'1','V90-070WW','015748','2017-07-12',20,902,13,11,1,2),(2916,'1','MJPBF04','024782','2017-07-12',6,902,13,11,1,1),(2917,'1','V1PR707','000155','2017-07-12',16,903,13,11,1,2),(2918,'1','MJPWK30','024791','2017-07-12',6,903,13,11,1,1),(2919,'1','V1BMG42','010001','2017-07-12',99,904,13,11,1,2),(2920,'1','MJVDDAD','024338','2017-07-12',7,904,13,11,1,1),(2921,'1','CNC038NNQH','001989','2017-07-12',99,905,13,12,1,2),(2922,'1','MJPWF90','017527','2017-07-12',6,905,13,12,1,1),(2923,'1','V1ALK73','029810','2017-07-12',16,906,13,12,1,2),(2924,'1','VNALZT5','018403','2017-07-12',19,907,13,12,1,2),(2925,'1','MXJ8390DJ6','017521','2017-07-12',99,907,13,12,1,1),(2926,'1','VNAC25L','000937','2017-07-12',19,908,13,12,1,2),(2927,'1','V256464','000172','2017-07-12',16,909,13,12,1,2),(2928,'1','MXL039XNS','011116','2017-07-12',99,909,13,12,1,1),(2929,'1','V1PR694','017522','2017-07-12',16,910,13,12,1,2),(2930,'1','V1KTB41','012789','2017-07-12',16,911,13,12,1,2),(2931,'1','MJPVE09','018480','2017-07-12',6,911,13,12,1,1),(2932,'1','V1PP830','010127','2017-07-12',16,912,13,12,1,2),(2933,'1','V1BCP56','010126','2017-07-12',16,913,13,12,1,2),(2934,'1','VNAC25W','024197','2017-07-12',19,914,13,12,1,2),(2935,'1','HA17H9NP431329L','024196','2017-07-12',99,916,13,12,1,2),(2936,'1','MJVDDH7','019940','2017-07-12',7,916,13,12,1,1),(2937,'1','V9-0070XR','015746','2017-07-12',20,918,13,12,1,2),(2938,'1','V1ZT555','010102','2017-07-12',16,919,13,12,1,2),(2939,'1','VNALZTH','001122','2017-07-12',19,920,13,12,1,2),(2940,'1','VNABZRD','001460','2017-07-12',19,921,13,12,1,2),(2941,'1','VNABYN9','018440','2017-07-12',19,922,13,12,1,2),(2942,'1','VNA4D7T','001688','2017-07-12',19,923,13,12,1,2),(2943,'1','VNABWMD','001783','2017-07-12',19,924,13,12,1,2),(2944,'1','VNAC1W3','001656','2017-07-12',19,925,13,12,1,2),(2945,'1','VNABWPA','001785','2017-07-12',19,926,13,13,1,2),(2946,'1','MJYE069','024127','2017-07-12',4,926,13,13,1,1),(2947,'1','VNAC13L','001779','2017-07-12',19,927,13,13,1,2),(2948,'1','MJVDCX4','018481','2017-07-12',7,927,13,13,1,1),(2949,'1','CNC038NQDW','001999','2017-07-12',99,929,13,13,1,2),(2950,'1','MJVDDE1','024506','2017-07-12',7,929,13,13,1,1),(2951,'1','V255552','000216','2017-07-12',16,930,13,13,1,2),(2952,'1','MJPNPA1','024911','2017-07-12',3,930,13,13,1,1),(2953,'1','V1ZT568','024546','2017-07-12',16,931,13,13,1,2),(2954,'1','MJ018Y2L','024278','2017-07-12',12,931,13,13,1,1),(2955,'1','V9-0032BX','017518','2017-07-12',20,932,13,13,1,2),(2956,'1','MJVDDK1','017560','2017-07-12',7,932,13,13,1,1),(2957,'1','V9-006ZXT','015714','2017-07-12',20,933,13,13,1,2),(2958,'1','MXL040015Q','012757','2017-07-12',10,933,13,13,1,1),(2959,'1','V9-006YFP','014957','2017-07-12',20,934,13,13,1,2),(2960,'1','MJVDDM0','029819','2017-07-12',7,934,13,13,1,1),(2961,'1','VNABZRT','024998','2017-07-12',19,935,13,13,1,2),(2962,'1','MJVDDN5','000143','2017-07-12',7,935,13,13,1,1),(2963,'1','VNALZT2','001112','2017-07-12',19,936,13,13,1,2),(2964,'1','MJVDDA4','024865','2017-07-12',7,936,13,13,1,1),(2965,'1','V9-006YF9','015716','2017-07-12',20,937,13,13,1,2),(2966,'1','V1PR619','011249','2017-07-12',16,938,13,13,1,2),(2967,'1','MXJ943026S','014951','2017-07-12',99,938,13,13,1,1),(2968,'1','V1BCR00','010063','2017-07-12',16,940,13,13,1,2),(2969,'1','VNABZT1','000955','2017-07-12',19,941,13,13,1,2),(2970,'1','MXL0390XM6','029820','2017-07-12',99,941,13,13,1,1),(2971,'1','VNA4D8H','001740','2017-07-12',19,942,13,13,1,2),(2972,'1','MJXY3D2CF','024022','2017-07-12',99,942,13,13,1,1),(2973,'1','V1PR674','010096','2017-07-12',16,943,13,13,1,2),(2974,'1','V1PP891','010724','2017-07-12',16,947,13,14,1,2),(2975,'1','MJPWF24','024150','2017-07-12',99,947,13,14,1,1),(2976,'1','V1ALK07','010678','2017-07-12',16,948,13,14,1,2),(2977,'1','MJVDDK0','024535','2017-07-12',7,948,13,14,1,1),(2978,'1','V1PR667','010097','2017-07-12',16,949,13,14,1,2),(2979,'1','MJZKH64','024142','2017-07-12',4,949,13,14,1,1),(2980,'1','V1PR669','010359','2017-07-12',16,950,13,14,1,2),(2981,'1','MJ018XS2','018415','2017-07-12',12,950,13,14,1,1),(2982,'1','V1ZT569','010031','2017-07-12',16,951,13,14,1,2),(2983,'1','MJVDDM4','024543','2017-07-12',7,951,13,14,1,1),(2984,'1','V9-006YFF','018494','2017-07-12',20,952,13,14,1,2),(2985,'1','MJ018XWU','015732','2017-07-12',12,952,13,14,1,1),(2986,'1','V255740','000084','2017-07-12',16,953,13,14,1,2),(2987,'1','MJ018XS5','014980','2017-07-12',12,953,13,14,1,1),(2988,'1','V1ALK47','024080','2017-07-12',16,954,13,14,1,2),(2989,'1','MJPWH90','001438','2017-07-12',6,954,13,14,1,1),(2990,'1','CNC038NP6C','002008','2017-07-12',23,955,13,14,1,2),(2991,'1','MJPZD73','024133','2017-07-12',6,955,13,14,1,1),(2992,'1','V1BCR03','010025','2017-07-12',16,956,13,14,1,2),(2993,'1','MJVDDA6','024997','2017-07-12',7,956,13,14,1,1),(2994,'1','VNABWPM','001799','2017-07-12',19,957,13,14,1,2),(2995,'1','MJZKH28','000846','2017-07-12',6,957,13,14,1,1),(2996,'1','V1ZT547','010289','2017-07-12',16,958,13,14,1,2),(2997,'1','MJZHK14','014611','2017-07-12',6,958,13,14,1,1),(2998,'1','V1BMF62','010366','2017-07-12',16,959,13,14,1,2),(2999,'1','MJEDTYK','024006','2017-07-12',9,959,13,14,1,1),(3000,'1','V1ZT537','010371','2017-07-12',16,960,13,14,1,2),(3001,'1','MJEDVHR','024078','2017-07-12',9,960,13,14,1,1),(3002,'1','V1BMF63','010291','2017-07-12',16,961,13,14,1,2),(3003,'1','MJPVY96','024598','2017-07-12',6,961,13,14,1,1),(3004,'1','CNC038NNQG','002024','2017-07-12',23,962,13,14,1,2),(3005,'1','MJZKH65','020629','2017-07-12',6,962,13,14,1,1),(3006,'1','V1BMF66','010290','2017-07-12',16,963,13,14,1,2),(3007,'1','MJEDTWD','024600','2017-07-12',9,963,13,14,1,1),(3008,'1','V1BMG43','024764','2017-07-12',99,964,13,14,1,2),(3009,'1','MJPVE16','020606','2017-07-12',6,964,13,14,1,1),(3010,'1','V1BMF65','010373','2017-07-12',16,965,13,14,1,2),(3011,'1','MJPWK28','000864','2017-07-12',6,965,13,14,1,1),(3012,'1','V1PR677','010117','2017-07-12',16,966,13,14,1,2),(3013,'1','MJPWA87','024801','2017-07-12',6,966,13,14,1,1),(3014,'1','V1BCP22','010370','2017-07-12',16,983,13,14,1,2),(3015,'1','MJEDTXX','019906','2017-07-12',9,983,13,14,1,1),(3017,'1','V1PC469','008702','2017-08-04',16,808,6,4,1,2);
/*!40000 ALTER TABLE `articulos` ENABLE KEYS */;
UNLOCK TABLES;

--
-- Table structure for table `bodegas`
--

DROP TABLE IF EXISTS `bodegas`;
/*!40101 SET @saved_cs_client     = @@character_set_client */;
/*!40101 SET character_set_client = utf8 */;
CREATE TABLE `bodegas` (
  `id_bodega` int(11) NOT NULL AUTO_INCREMENT,
  `nombre_bodega` varchar(45) DEFAULT NULL,
  `fk_sede` int(11) NOT NULL,
  PRIMARY KEY (`id_bodega`),
  KEY `id_sede_idx` (`fk_sede`),
  CONSTRAINT `fk_sede_bod` FOREIGN KEY (`fk_sede`) REFERENCES `sedes` (`id_sede`) ON DELETE NO ACTION ON UPDATE NO ACTION
) ENGINE=InnoDB AUTO_INCREMENT=18 DEFAULT CHARSET=utf8;
/*!40101 SET character_set_client = @saved_cs_client */;

--
-- Dumping data for table `bodegas`
--

LOCK TABLES `bodegas` WRITE;
/*!40000 ALTER TABLE `bodegas` DISABLE KEYS */;
INSERT INTO `bodegas` VALUES (1,'BODEGA 1',1),(2,'BODEGA 2',1),(3,'BODEGA 3',1),(4,'BODEGA 4',1),(5,'ADMINISTRATIVA',1),(6,'LABORAL',1),(7,'BODEGA 1 - ENCERRAMIENTO',1),(8,'BODEGA 3 - CLIENTES BCS',1),(9,'BODEGA 4 - ENCERRAMIENTO',1),(10,'SALA DE FORMACION 1',1),(11,'SALA DE FORMACION 2',1),(12,'SALA DE FORMACION 3',1),(13,'SALA DE FORMACION 4',1),(14,'SALA DE FORMACION 5',1),(15,'SALA DE JUNTAS',1),(16,'KIOSKO',1),(17,'BODEGA TECNOLOGIA',1);
/*!40000 ALTER TABLE `bodegas` ENABLE KEYS */;
UNLOCK TABLES;

--
-- Table structure for table `campaign`
--

DROP TABLE IF EXISTS `campaign`;
/*!40101 SET @saved_cs_client     = @@character_set_client */;
/*!40101 SET character_set_client = utf8 */;
CREATE TABLE `campaign` (
  `id_campaign` int(11) NOT NULL AUTO_INCREMENT,
  `nombre_campaign` varchar(45) NOT NULL,
  `cliente_campaign` varchar(45) NOT NULL,
  `fk_sede` int(11) NOT NULL,
  PRIMARY KEY (`id_campaign`),
  KEY `fk_sede_idx` (`fk_sede`),
  CONSTRAINT `fk_sede_campaign` FOREIGN KEY (`fk_sede`) REFERENCES `sedes` (`id_sede`) ON DELETE NO ACTION ON UPDATE NO ACTION
) ENGINE=InnoDB AUTO_INCREMENT=19 DEFAULT CHARSET=utf8;
/*!40101 SET character_set_client = @saved_cs_client */;

--
-- Dumping data for table `campaign`
--

LOCK TABLES `campaign` WRITE;
/*!40000 ALTER TABLE `campaign` DISABLE KEYS */;
INSERT INTO `campaign` VALUES (1,'COLMENA SEGUROS','FUNDACION SOCIAL',1),(2,'TELEVENTAS ARL','FUNDACION SOCIAL',1),(3,'BANCO CAJA SOCIAL','FUNDACION SOCIAL',1),(4,'COBRANZAS BCS','FUNDACION SOCIAL',1),(5,'RETENCION BCS','FUNDACION SOCIAL',1),(6,'MOVISTAR FIJA','MOVISTAR COLOMBIA',1),(7,'MOVISTAR MOVIL','MOVISTAR COLOMBIA',1),(8,'CHILE FIJA','MOVISTAR CHILE',1),(9,'HELPDESK','DIGITEX INTERNACIONAL',1),(10,'SELECCION','DIGITEX INTERNACIONAL',1),(11,'LABORAL','DIGITEX INTERNACIONAL',1),(12,'SERVICIOS GENERALES','DIGITEX INTERNACIONAL',1),(13,'FORMACION','DIGITEX INTERNACIONAL',1),(14,'DEVOLUCION','DEVOLUCION',1),(15,'DESARROLLO','DIGITEX INTERNACIONAL',1),(16,'SALUD OCUPACIONAL','DIGITEX INTERNACIONAL',1),(17,'CODENSA','DIGITEX INTERNACIONAL',1),(18,'RECOBRO COLMENA','FUNDACION SOCIAL',1);
/*!40000 ALTER TABLE `campaign` ENABLE KEYS */;
UNLOCK TABLES;

--
-- Table structure for table `estados`
--

DROP TABLE IF EXISTS `estados`;
/*!40101 SET @saved_cs_client     = @@character_set_client */;
/*!40101 SET character_set_client = utf8 */;
CREATE TABLE `estados` (
  `id_estados` int(11) NOT NULL AUTO_INCREMENT,
  `nombre_estado` varchar(45) DEFAULT NULL,
  PRIMARY KEY (`id_estados`)
) ENGINE=InnoDB AUTO_INCREMENT=4 DEFAULT CHARSET=utf8;
/*!40101 SET character_set_client = @saved_cs_client */;

--
-- Dumping data for table `estados`
--

LOCK TABLES `estados` WRITE;
/*!40000 ALTER TABLE `estados` DISABLE KEYS */;
INSERT INTO `estados` VALUES (1,'ACTIVO'),(2,'DEVUELTO'),(3,'DE BAJA');
/*!40000 ALTER TABLE `estados` ENABLE KEYS */;
UNLOCK TABLES;

--
-- Table structure for table `fabricante`
--

DROP TABLE IF EXISTS `fabricante`;
/*!40101 SET @saved_cs_client     = @@character_set_client */;
/*!40101 SET character_set_client = utf8 */;
CREATE TABLE `fabricante` (
  `id_fabricante` int(11) NOT NULL AUTO_INCREMENT,
  `nombre_fabricante` varchar(45) DEFAULT NULL,
  PRIMARY KEY (`id_fabricante`)
) ENGINE=InnoDB AUTO_INCREMENT=100 DEFAULT CHARSET=utf8;
/*!40101 SET character_set_client = @saved_cs_client */;

--
-- Dumping data for table `fabricante`
--

LOCK TABLES `fabricante` WRITE;
/*!40000 ALTER TABLE `fabricante` DISABLE KEYS */;
INSERT INTO `fabricante` VALUES (1,'LENOVO'),(2,'HEWLETT PACKARD'),(3,'DELL'),(4,'AVAYA'),(5,'CISCO'),(6,'SAMSUNG'),(99,'REVISAR');
/*!40000 ALTER TABLE `fabricante` ENABLE KEYS */;
UNLOCK TABLES;

--
-- Table structure for table `items`
--

DROP TABLE IF EXISTS `items`;
/*!40101 SET @saved_cs_client     = @@character_set_client */;
/*!40101 SET character_set_client = utf8 */;
CREATE TABLE `items` (
  `id_item` int(11) NOT NULL AUTO_INCREMENT,
  `nombre_item` varchar(45) DEFAULT NULL,
  `modelo_item` varchar(45) DEFAULT NULL,
  `fk_fabricante` int(11) NOT NULL,
  `activo` int(11) NOT NULL DEFAULT '1',
  `tipo` int(11) DEFAULT NULL,
  PRIMARY KEY (`id_item`),
  KEY `id_fabricante_idx` (`fk_fabricante`),
  CONSTRAINT `fk_fabricante_item` FOREIGN KEY (`fk_fabricante`) REFERENCES `fabricante` (`id_fabricante`) ON DELETE NO ACTION ON UPDATE NO ACTION
) ENGINE=InnoDB AUTO_INCREMENT=100 DEFAULT CHARSET=utf8;
/*!40101 SET character_set_client = @saved_cs_client */;

--
-- Dumping data for table `items`
--

LOCK TABLES `items` WRITE;
/*!40000 ALTER TABLE `items` DISABLE KEYS */;
INSERT INTO `items` VALUES (1,'CPU','A1H400',1,1,1),(2,'CPU','C5S',1,1,1),(3,'CPU','D3S',1,1,1),(4,'CPU','D9S',1,1,1),(5,'CPU','E1S',1,1,1),(6,'CPU','F3S',1,1,1),(7,'CPU','FB9',1,1,1),(9,'CPU','PR7',1,1,1),(10,'CPU','SFF',2,1,1),(12,'CPU','003TLS',1,1,1),(13,'HARDPHONE','1616-I',4,1,3),(14,'HARDPHONE','4621SW',4,1,3),(15,'MONITOR','1431-HEI',1,1,2),(16,'MONITOR','2580-AB1',1,1,2),(17,'MONITOR','4434-HE1',1,1,2),(18,'MONITOR','4750-HB2',1,1,2),(19,'MONITOR','5047-HB2',1,1,2),(20,'MONITOR','60B8-AAR6',1,1,2),(22,'MONITOR','L1710',2,1,2),(23,'MONITOR','S1933',2,1,2),(24,'MONITOR','V185ES',2,1,2),(25,'IMPRESORA','HP',2,1,4),(26,'LAPTOP','HP',2,1,5),(99,'REVISAR','REVISAR',1,1,9);
/*!40000 ALTER TABLE `items` ENABLE KEYS */;
UNLOCK TABLES;

--
-- Table structure for table `movimientos`
--

DROP TABLE IF EXISTS `movimientos`;
/*!40101 SET @saved_cs_client     = @@character_set_client */;
/*!40101 SET character_set_client = utf8 */;
CREATE TABLE `movimientos` (
  `id_movimiento` int(11) NOT NULL AUTO_INCREMENT,
  `dest_sede` int(11) NOT NULL,
  `dest_bodega` varchar(45) NOT NULL,
  `dest_posicion` varchar(45) NOT NULL,
  `dest_campaña` varchar(45) NOT NULL,
  `ori_sede` varchar(45) NOT NULL,
  `ori_bodega` varchar(45) NOT NULL,
  `ori_posicion` varchar(45) NOT NULL,
  `ori_campaña` varchar(45) NOT NULL,
  `ticket` int(11) NOT NULL,
  `fecha_mov` date NOT NULL,
  `fk_usuario` int(11) NOT NULL,
  `fk_articulos` int(11) NOT NULL,
  PRIMARY KEY (`id_movimiento`),
  KEY `id_usuario_idx` (`fk_usuario`),
  KEY `fk_articulos_mov_idx` (`fk_articulos`),
  CONSTRAINT `fk_articulos_mov` FOREIGN KEY (`fk_articulos`) REFERENCES `articulos` (`id_articulos`) ON DELETE NO ACTION ON UPDATE NO ACTION,
  CONSTRAINT `fk_usuario_mov` FOREIGN KEY (`fk_usuario`) REFERENCES `usuarios` (`id_usuario`) ON DELETE NO ACTION ON UPDATE NO ACTION
) ENGINE=InnoDB DEFAULT CHARSET=utf8;
/*!40101 SET character_set_client = @saved_cs_client */;

--
-- Dumping data for table `movimientos`
--

LOCK TABLES `movimientos` WRITE;
/*!40000 ALTER TABLE `movimientos` DISABLE KEYS */;
/*!40000 ALTER TABLE `movimientos` ENABLE KEYS */;
UNLOCK TABLES;

--
-- Table structure for table `puestos`
--

DROP TABLE IF EXISTS `puestos`;
/*!40101 SET @saved_cs_client     = @@character_set_client */;
/*!40101 SET character_set_client = utf8 */;
CREATE TABLE `puestos` (
  `id_puesto` int(11) NOT NULL AUTO_INCREMENT,
  `posicion` int(11) DEFAULT NULL,
  `fk_sede` int(11) NOT NULL,
  `fk_bodega` int(11) NOT NULL,
  `fk_campaign` int(11) NOT NULL,
  `fk_estado` int(11) NOT NULL,
  PRIMARY KEY (`id_puesto`),
  KEY `id_sede_idx` (`fk_sede`),
  KEY `id_bodega_idx` (`fk_bodega`),
  KEY `id_campaña_idx` (`fk_campaign`),
  KEY `id_estado_idx` (`fk_estado`),
  CONSTRAINT `fk_bodega_puesto` FOREIGN KEY (`fk_bodega`) REFERENCES `bodegas` (`id_bodega`) ON DELETE NO ACTION ON UPDATE NO ACTION,
  CONSTRAINT `fk_campaign_puesto` FOREIGN KEY (`fk_campaign`) REFERENCES `campaign` (`id_campaign`) ON DELETE NO ACTION ON UPDATE NO ACTION,
  CONSTRAINT `fk_estado_puesto` FOREIGN KEY (`fk_estado`) REFERENCES `estados` (`id_estados`) ON DELETE NO ACTION ON UPDATE NO ACTION,
  CONSTRAINT `fk_sede_puesto` FOREIGN KEY (`fk_sede`) REFERENCES `sedes` (`id_sede`) ON DELETE NO ACTION ON UPDATE NO ACTION
) ENGINE=InnoDB AUTO_INCREMENT=987 DEFAULT CHARSET=utf8;
/*!40101 SET character_set_client = @saved_cs_client */;

--
-- Dumping data for table `puestos`
--

LOCK TABLES `puestos` WRITE;
/*!40000 ALTER TABLE `puestos` DISABLE KEYS */;
INSERT INTO `puestos` VALUES (1,1,1,7,7,1),(2,2,1,7,7,1),(3,3,1,7,7,1),(4,4,1,7,7,1),(5,5,1,7,7,1),(6,6,1,7,7,1),(7,7,1,7,7,1),(8,8,1,7,7,1),(9,9,1,7,7,1),(10,10,1,7,7,1),(11,11,1,7,7,1),(12,12,1,7,7,1),(13,13,1,7,7,1),(14,14,1,7,7,1),(15,15,1,7,7,1),(16,16,1,7,7,1),(17,17,1,7,7,1),(18,18,1,7,7,1),(19,19,1,7,7,1),(20,20,1,7,7,1),(21,21,1,7,7,1),(22,22,1,7,7,1),(23,23,1,7,7,1),(24,24,1,7,7,1),(25,25,1,7,7,1),(26,26,1,7,7,1),(27,27,1,7,7,1),(28,28,1,7,7,1),(29,29,1,7,7,1),(30,30,1,7,7,1),(31,31,1,7,7,1),(32,32,1,7,7,1),(33,33,1,7,7,1),(34,34,1,7,7,1),(35,35,1,7,7,1),(36,36,1,7,7,1),(37,37,1,1,15,1),(38,38,1,1,15,1),(39,39,1,1,15,1),(40,40,1,1,13,1),(41,41,1,1,13,1),(42,42,1,1,13,1),(43,43,1,1,9,1),(44,44,1,1,9,1),(45,45,1,1,9,1),(46,46,1,1,14,2),(47,47,1,1,1,1),(48,48,1,1,1,1),(49,49,1,1,1,1),(50,50,1,1,1,1),(51,51,1,1,1,1),(52,52,1,1,1,1),(53,53,1,1,1,1),(54,54,1,1,1,1),(55,55,1,1,1,1),(56,56,1,1,1,1),(57,57,1,1,1,1),(58,58,1,1,1,1),(59,59,1,1,1,1),(60,60,1,1,1,1),(61,61,1,1,1,1),(62,62,1,1,1,1),(63,63,1,1,1,1),(64,64,1,1,1,1),(65,65,1,1,1,1),(66,66,1,1,14,2),(67,67,1,1,1,1),(68,68,1,1,1,1),(69,69,1,1,1,1),(70,70,1,1,1,1),(71,71,1,1,1,1),(72,72,1,1,1,1),(73,73,1,1,1,1),(74,74,1,1,1,1),(75,75,1,1,1,1),(76,76,1,1,1,1),(77,77,1,1,1,1),(78,78,1,1,1,1),(79,79,1,1,1,1),(80,80,1,1,1,1),(81,81,1,1,1,1),(82,82,1,1,1,1),(83,83,1,1,1,1),(84,84,1,1,1,1),(85,85,1,1,1,1),(86,86,1,1,1,1),(87,87,1,1,1,1),(88,88,1,1,1,1),(89,89,1,1,1,1),(90,90,1,1,1,1),(91,91,1,1,1,1),(92,92,1,1,1,1),(93,93,1,1,1,1),(94,94,1,1,1,1),(95,95,1,1,1,1),(96,96,1,1,1,1),(97,97,1,1,1,1),(98,98,1,1,1,1),(99,99,1,1,1,1),(100,100,1,1,1,1),(101,101,1,1,1,1),(102,102,1,1,1,1),(103,103,1,1,1,1),(104,104,1,1,1,1),(105,105,1,1,1,1),(106,106,1,1,1,1),(107,107,1,1,1,1),(108,108,1,1,1,1),(109,109,1,1,1,1),(110,110,1,1,1,1),(111,111,1,1,1,1),(112,112,1,1,1,1),(113,113,1,1,1,1),(114,114,1,1,1,1),(115,115,1,1,1,1),(116,116,1,1,1,1),(117,117,1,1,1,1),(118,118,1,1,1,1),(119,119,1,1,1,1),(120,120,1,1,1,1),(121,121,1,1,1,1),(122,122,1,1,1,1),(123,123,1,1,1,1),(124,124,1,1,1,1),(125,125,1,1,1,1),(126,126,1,1,1,1),(127,127,1,1,1,1),(128,128,1,1,1,1),(129,129,1,1,1,1),(130,130,1,1,1,1),(131,131,1,1,1,1),(132,132,1,1,1,1),(133,133,1,1,1,1),(134,134,1,1,1,1),(135,135,1,1,1,1),(136,136,1,1,1,1),(137,137,1,1,1,1),(138,138,1,1,1,1),(139,139,1,1,1,1),(140,140,1,1,1,1),(141,141,1,1,1,1),(142,142,1,1,1,1),(143,143,1,1,1,1),(144,144,1,1,1,1),(145,145,1,1,2,1),(146,146,1,1,2,1),(147,147,1,1,2,1),(148,148,1,1,1,1),(149,149,1,1,1,1),(150,150,1,1,1,1),(151,151,1,1,1,1),(152,152,1,1,1,1),(153,153,1,1,1,1),(154,154,1,1,1,1),(155,155,1,1,1,1),(156,156,1,1,1,1),(157,157,1,1,1,1),(158,158,1,1,1,1),(159,159,1,1,1,1),(160,160,1,1,1,1),(161,161,1,1,1,1),(162,162,1,1,1,1),(163,163,1,1,1,1),(164,164,1,1,1,1),(165,165,1,1,1,1),(166,166,1,1,1,1),(167,167,1,1,1,1),(168,168,1,1,1,1),(169,169,1,1,1,1),(170,170,1,1,1,1),(171,171,1,1,1,1),(172,172,1,1,1,1),(173,173,1,1,1,1),(174,174,1,1,1,1),(175,175,1,1,1,1),(176,176,1,1,1,1),(177,177,1,1,1,1),(178,178,1,1,1,1),(179,179,1,1,1,1),(180,180,1,1,1,1),(181,181,1,1,1,1),(182,182,1,1,1,1),(183,183,1,1,1,1),(184,184,1,1,1,1),(185,185,1,1,1,1),(186,186,1,1,1,1),(187,187,1,1,1,1),(188,188,1,1,1,1),(189,189,1,1,1,1),(190,190,1,1,1,1),(191,191,1,1,1,1),(192,192,1,1,1,1),(193,193,1,1,1,1),(194,194,1,1,1,1),(195,195,1,1,1,1),(196,196,1,1,1,1),(197,197,1,1,1,1),(198,198,1,1,1,1),(199,199,1,1,1,1),(200,200,1,1,1,1),(201,201,1,1,1,1),(202,202,1,1,1,1),(203,203,1,1,1,1),(204,204,1,1,1,1),(205,205,1,1,1,1),(206,206,1,1,1,1),(207,207,1,1,1,1),(208,208,1,1,1,1),(209,209,1,1,1,1),(210,210,1,1,1,1),(211,211,1,1,1,1),(212,212,1,1,1,1),(213,213,1,1,1,1),(214,214,1,1,1,1),(215,215,1,1,1,1),(216,216,1,1,1,1),(217,217,1,1,1,1),(218,218,1,1,1,1),(219,219,1,1,1,1),(220,220,1,1,1,1),(221,221,1,1,1,1),(222,222,1,1,1,1),(223,223,1,1,1,1),(224,224,1,1,1,1),(225,225,1,1,1,1),(226,226,1,1,1,1),(227,227,1,1,1,1),(228,228,1,1,1,1),(229,229,1,1,1,1),(230,230,1,1,1,1),(231,231,1,1,1,1),(232,232,1,1,1,1),(233,233,1,1,1,1),(234,234,1,1,1,1),(235,235,1,1,2,1),(236,236,1,1,2,1),(237,237,1,1,2,1),(238,238,1,1,2,1),(239,239,1,1,2,1),(240,240,1,1,2,1),(241,241,1,1,2,1),(242,242,1,1,2,1),(243,243,1,1,2,1),(244,244,1,1,2,1),(245,245,1,1,2,1),(246,246,1,1,2,1),(247,247,1,1,2,1),(248,248,1,1,2,1),(249,249,1,1,2,1),(250,250,1,1,2,1),(251,251,1,1,2,1),(252,252,1,1,2,1),(253,253,1,1,2,1),(254,254,1,1,2,1),(255,255,1,1,2,1),(256,256,1,1,2,1),(257,257,1,1,2,1),(258,258,1,1,2,1),(259,259,1,1,2,1),(260,260,1,1,2,1),(261,261,1,1,2,1),(262,262,1,1,2,1),(263,263,1,1,2,1),(264,264,1,1,2,1),(265,265,1,1,2,1),(266,266,1,1,2,1),(267,267,1,1,2,1),(268,268,1,1,2,1),(269,269,1,1,2,1),(270,270,1,1,2,1),(271,271,1,1,2,1),(272,272,1,1,2,1),(273,273,1,1,2,1),(274,274,1,1,2,1),(275,275,1,1,2,1),(276,276,1,1,2,1),(277,277,1,1,2,1),(278,278,1,1,2,1),(279,279,1,1,2,1),(280,280,1,1,2,1),(281,281,1,1,2,1),(282,282,1,1,2,1),(283,283,1,1,2,1),(284,284,1,1,2,1),(285,285,1,1,2,1),(286,286,1,1,2,1),(287,287,1,1,2,1),(288,288,1,1,2,1),(289,289,1,1,2,1),(290,290,1,1,2,1),(291,291,1,1,2,1),(292,292,1,1,2,1),(293,293,1,1,2,1),(294,294,1,1,2,1),(295,295,1,1,2,1),(296,296,1,1,2,1),(297,297,1,1,2,1),(298,298,1,1,2,1),(299,299,1,1,2,1),(300,300,1,1,2,1),(301,301,1,1,2,1),(302,302,1,1,2,1),(303,303,1,1,2,1),(304,304,1,1,2,1),(305,305,1,1,2,1),(306,306,1,1,2,1),(307,307,1,1,2,1),(308,308,1,1,2,1),(309,309,1,1,2,1),(310,310,1,1,2,1),(311,311,1,1,2,1),(312,312,1,1,2,1),(313,313,1,1,2,1),(314,314,1,1,2,1),(315,315,1,1,2,1),(316,316,1,1,2,1),(317,317,1,1,2,1),(318,318,1,1,2,1),(319,1,1,2,3,1),(320,2,1,2,3,1),(321,3,1,2,3,1),(322,4,1,2,3,1),(323,5,1,2,3,1),(324,6,1,2,3,1),(325,7,1,2,3,1),(326,8,1,2,3,1),(327,9,1,2,3,1),(328,10,1,2,3,1),(329,11,1,2,3,1),(330,12,1,2,3,1),(331,13,1,2,3,1),(332,14,1,2,3,1),(333,15,1,2,3,1),(334,16,1,2,3,1),(335,17,1,2,3,1),(336,18,1,2,3,1),(337,19,1,2,3,1),(338,20,1,2,3,1),(339,21,1,2,3,1),(340,22,1,2,3,1),(341,23,1,2,3,1),(342,24,1,2,3,1),(343,25,1,2,3,1),(344,26,1,2,3,1),(345,27,1,2,3,1),(346,28,1,2,3,1),(347,29,1,2,3,1),(348,30,1,2,3,1),(349,31,1,2,3,1),(350,32,1,2,3,1),(351,33,1,2,3,1),(352,34,1,2,3,1),(353,35,1,2,3,1),(354,36,1,2,3,1),(355,37,1,2,3,1),(356,38,1,2,3,1),(357,39,1,2,3,1),(358,40,1,2,3,1),(359,41,1,2,3,1),(360,42,1,2,3,1),(361,43,1,2,3,1),(362,44,1,2,3,1),(363,45,1,2,3,1),(364,46,1,2,3,1),(365,47,1,2,3,1),(366,48,1,2,3,1),(367,49,1,2,3,1),(368,50,1,2,3,1),(369,51,1,2,3,1),(370,52,1,2,3,1),(371,53,1,2,3,1),(372,54,1,2,3,1),(373,55,1,2,3,1),(374,56,1,2,3,1),(375,57,1,2,3,1),(376,58,1,2,3,1),(377,59,1,2,3,1),(378,60,1,2,3,1),(379,61,1,2,3,1),(380,62,1,2,3,1),(381,63,1,2,3,1),(382,64,1,2,3,1),(383,65,1,2,3,1),(384,66,1,2,3,1),(385,67,1,2,3,1),(386,68,1,2,3,1),(387,69,1,2,3,1),(388,70,1,2,3,1),(389,71,1,2,3,1),(390,72,1,2,3,1),(391,73,1,2,3,1),(392,74,1,2,3,1),(393,75,1,2,3,1),(394,76,1,2,3,1),(395,77,1,2,3,1),(396,78,1,2,3,1),(397,79,1,2,3,1),(398,80,1,2,3,1),(399,81,1,2,3,1),(400,82,1,2,3,1),(401,83,1,2,3,1),(402,84,1,2,3,1),(403,85,1,2,3,1),(404,86,1,2,3,1),(405,87,1,2,3,1),(406,88,1,2,3,1),(407,89,1,2,3,1),(408,90,1,2,3,1),(409,91,1,2,3,1),(410,92,1,2,3,1),(411,93,1,2,3,1),(412,94,1,2,3,1),(413,95,1,2,3,1),(414,96,1,2,3,1),(415,97,1,2,3,1),(416,98,1,2,3,1),(417,99,1,2,3,1),(418,100,1,2,3,1),(419,101,1,2,3,1),(420,102,1,2,3,1),(421,103,1,2,3,1),(422,104,1,2,3,1),(423,105,1,2,3,1),(424,106,1,2,3,1),(425,107,1,2,3,1),(426,108,1,2,3,1),(427,109,1,2,3,1),(428,110,1,2,3,1),(429,111,1,2,3,1),(430,112,1,2,3,1),(431,113,1,2,3,1),(432,114,1,2,3,1),(433,115,1,2,3,1),(434,116,1,2,3,1),(435,117,1,2,3,1),(436,118,1,2,3,1),(437,119,1,2,3,1),(438,120,1,2,3,1),(439,121,1,2,3,1),(440,122,1,2,3,1),(441,123,1,2,3,1),(442,124,1,2,3,1),(443,125,1,2,3,1),(444,126,1,2,3,1),(445,127,1,2,3,1),(446,128,1,2,3,1),(447,129,1,2,3,1),(448,130,1,2,3,1),(449,131,1,2,3,1),(450,132,1,2,3,1),(451,133,1,2,3,1),(452,134,1,2,3,1),(453,135,1,2,3,1),(454,136,1,2,3,1),(455,137,1,2,3,1),(456,138,1,2,3,1),(457,139,1,2,3,1),(458,140,1,2,3,1),(459,141,1,2,3,1),(460,142,1,2,3,1),(461,143,1,2,3,1),(462,144,1,2,3,1),(463,145,1,2,3,1),(464,146,1,2,3,1),(465,147,1,2,3,1),(466,148,1,2,3,1),(467,149,1,2,3,1),(468,150,1,2,3,1),(469,151,1,2,3,1),(470,152,1,2,3,1),(471,153,1,2,3,1),(472,154,1,2,3,1),(473,155,1,2,3,1),(474,156,1,2,3,1),(475,157,1,2,3,1),(476,158,1,2,3,1),(477,159,1,2,3,1),(478,160,1,2,3,1),(479,161,1,2,3,1),(480,162,1,2,3,1),(481,163,1,2,3,1),(482,164,1,2,3,1),(483,165,1,2,3,1),(484,166,1,2,3,1),(485,167,1,2,3,1),(486,168,1,2,3,1),(487,169,1,2,3,1),(488,170,1,2,3,1),(489,171,1,2,3,1),(490,172,1,2,3,1),(491,173,1,2,3,1),(492,174,1,2,3,1),(493,175,1,2,3,1),(494,176,1,2,3,1),(495,177,1,2,3,1),(496,178,1,2,3,1),(497,179,1,2,3,1),(498,180,1,2,3,1),(499,181,1,2,3,1),(500,182,1,2,3,1),(501,183,1,2,3,1),(502,184,1,2,3,1),(503,185,1,2,3,1),(504,186,1,2,3,1),(505,187,1,2,3,1),(506,188,1,2,3,1),(507,189,1,2,3,1),(508,190,1,2,3,1),(509,191,1,2,3,1),(510,192,1,2,3,1),(511,193,1,2,3,1),(512,194,1,2,3,1),(513,195,1,2,3,1),(514,196,1,2,3,1),(515,197,1,2,3,1),(516,198,1,2,3,1),(517,199,1,2,3,1),(518,200,1,2,3,1),(519,201,1,2,3,1),(520,202,1,2,3,1),(521,1,1,3,4,1),(522,2,1,3,4,1),(523,3,1,3,4,1),(524,4,1,3,4,1),(525,5,1,3,4,1),(526,6,1,3,4,1),(527,7,1,3,4,1),(528,8,1,3,4,1),(529,9,1,3,4,1),(530,10,1,3,4,1),(531,11,1,3,4,1),(532,12,1,3,4,1),(533,13,1,3,4,1),(534,14,1,3,4,1),(535,15,1,3,4,1),(536,16,1,3,4,1),(537,17,1,3,4,1),(538,18,1,3,4,1),(539,19,1,3,4,1),(540,20,1,3,4,1),(541,21,1,3,4,1),(542,22,1,3,4,1),(543,23,1,3,4,1),(544,24,1,3,4,1),(545,25,1,3,4,1),(546,26,1,3,4,1),(547,27,1,3,4,1),(548,28,1,3,4,1),(549,29,1,3,4,1),(550,30,1,3,4,1),(551,31,1,3,4,1),(552,32,1,3,4,1),(553,33,1,3,4,1),(554,34,1,3,4,1),(555,35,1,3,4,1),(556,36,1,3,4,1),(557,37,1,3,4,1),(558,38,1,3,4,1),(559,39,1,3,4,1),(560,40,1,3,4,1),(561,41,1,3,4,1),(562,42,1,3,4,1),(563,43,1,3,4,1),(564,44,1,3,4,1),(565,45,1,3,4,1),(566,46,1,3,4,1),(567,47,1,3,4,1),(568,48,1,3,4,1),(569,49,1,3,4,1),(570,50,1,3,4,1),(571,51,1,3,4,1),(572,52,1,3,4,1),(573,53,1,3,4,1),(574,54,1,3,4,1),(575,55,1,3,4,1),(576,56,1,3,4,1),(577,57,1,3,4,1),(578,58,1,3,4,1),(579,59,1,3,4,1),(580,60,1,3,4,1),(581,61,1,3,4,1),(582,62,1,3,4,1),(583,63,1,3,4,1),(584,64,1,3,4,1),(585,65,1,3,4,1),(586,66,1,3,4,1),(587,67,1,3,4,1),(588,68,1,3,4,1),(589,69,1,3,4,1),(590,70,1,3,4,1),(591,71,1,3,4,1),(592,72,1,3,4,1),(593,73,1,3,4,1),(594,74,1,3,4,1),(595,75,1,3,4,1),(596,76,1,3,4,1),(597,77,1,3,4,1),(598,78,1,3,4,1),(599,79,1,3,4,1),(600,80,1,3,4,1),(601,81,1,3,4,1),(602,82,1,3,4,1),(603,83,1,3,4,1),(604,84,1,3,4,1),(605,85,1,3,4,1),(606,86,1,3,4,1),(607,87,1,3,4,1),(608,88,1,3,4,1),(609,89,1,3,4,1),(610,90,1,3,4,1),(611,91,1,3,4,1),(612,92,1,3,4,1),(613,93,1,3,4,1),(614,94,1,3,4,1),(615,95,1,3,4,1),(616,96,1,3,4,1),(617,97,1,3,4,1),(618,98,1,3,4,1),(619,99,1,3,4,1),(620,100,1,3,4,1),(621,101,1,3,4,1),(622,102,1,3,4,1),(623,103,1,3,4,1),(624,104,1,3,4,1),(625,105,1,3,4,1),(626,106,1,3,4,1),(627,107,1,3,4,1),(628,108,1,3,4,1),(629,109,1,3,4,1),(630,110,1,3,4,1),(631,111,1,3,4,1),(632,112,1,3,4,1),(633,113,1,3,4,1),(634,114,1,3,4,1),(635,115,1,3,4,1),(636,116,1,3,4,1),(637,117,1,3,4,1),(638,118,1,3,4,1),(639,119,1,3,4,1),(640,120,1,3,4,1),(641,121,1,3,4,1),(642,122,1,3,4,1),(643,123,1,3,4,1),(644,124,1,3,4,1),(645,125,1,3,4,1),(646,126,1,3,4,1),(647,127,1,3,4,1),(648,128,1,3,4,1),(649,129,1,3,4,1),(650,130,1,3,4,1),(651,131,1,3,4,1),(652,132,1,3,4,1),(653,133,1,3,4,1),(654,134,1,3,4,1),(655,135,1,3,4,1),(656,136,1,3,4,1),(657,137,1,3,4,1),(658,138,1,3,4,1),(659,139,1,3,4,1),(660,140,1,3,4,1),(661,141,1,3,4,1),(662,142,1,3,4,1),(663,143,1,3,4,1),(664,144,1,3,4,1),(665,145,1,3,4,1),(666,146,1,3,4,1),(667,147,1,3,4,1),(668,148,1,3,4,1),(669,149,1,3,4,1),(670,150,1,3,4,1),(671,151,1,3,4,1),(672,152,1,3,4,1),(673,153,1,3,4,1),(674,154,1,3,4,1),(675,155,1,3,4,1),(676,156,1,3,4,1),(677,157,1,3,4,1),(678,158,1,3,4,1),(679,159,1,3,4,1),(680,160,1,3,4,1),(681,161,1,3,4,1),(682,162,1,3,4,1),(683,163,1,3,4,1),(684,164,1,3,4,1),(685,165,1,3,4,1),(686,166,1,3,4,1),(687,167,1,3,4,1),(688,168,1,3,4,1),(689,169,1,3,4,1),(690,170,1,3,4,1),(691,171,1,3,4,1),(692,172,1,3,4,1),(693,173,1,3,4,1),(694,174,1,3,4,1),(695,175,1,3,4,1),(696,176,1,3,4,1),(697,177,1,3,4,1),(698,178,1,3,4,1),(699,179,1,3,4,1),(700,180,1,3,4,1),(701,181,1,3,4,1),(702,182,1,3,4,1),(703,183,1,3,4,1),(704,184,1,3,4,1),(705,185,1,3,4,1),(706,186,1,3,4,1),(707,187,1,3,4,1),(708,188,1,3,4,1),(709,189,1,3,4,1),(710,190,1,3,4,1),(711,191,1,3,4,1),(712,192,1,3,4,1),(713,193,1,3,4,1),(714,194,1,3,4,1),(715,195,1,3,4,1),(716,196,1,3,4,1),(717,197,1,3,4,1),(718,198,1,3,4,1),(719,199,1,3,4,1),(720,200,1,3,4,1),(721,201,1,3,4,1),(722,202,1,3,4,1),(723,203,1,3,4,1),(724,204,1,3,4,1),(725,205,1,3,4,1),(726,206,1,3,4,1),(727,207,1,3,4,1),(728,208,1,3,4,1),(729,209,1,3,4,1),(730,210,1,3,4,1),(731,211,1,3,4,1),(732,212,1,3,4,1),(733,213,1,3,4,1),(734,214,1,3,4,1),(735,215,1,3,4,1),(736,216,1,3,4,1),(737,1,1,8,4,1),(738,2,1,8,4,1),(739,3,1,8,4,1),(740,4,1,8,4,1),(741,5,1,8,4,1),(742,1,1,4,4,1),(743,2,1,4,4,1),(744,3,1,4,4,1),(745,4,1,4,4,1),(746,5,1,4,4,1),(747,6,1,4,4,1),(748,7,1,4,4,1),(749,8,1,4,4,1),(750,9,1,4,4,1),(751,10,1,4,4,1),(752,11,1,4,4,1),(753,12,1,4,4,1),(754,13,1,4,4,1),(755,14,1,4,4,1),(756,15,1,4,4,1),(757,16,1,4,4,1),(758,17,1,4,4,1),(759,18,1,4,4,1),(760,19,1,4,4,1),(761,20,1,4,4,1),(762,21,1,4,4,1),(763,22,1,4,4,1),(764,23,1,4,4,1),(765,24,1,4,4,1),(766,25,1,4,4,1),(767,26,1,4,4,1),(768,27,1,4,4,1),(769,28,1,4,4,1),(770,29,1,4,4,1),(771,30,1,4,4,1),(772,31,1,4,6,1),(773,32,1,4,6,1),(774,33,1,4,6,1),(775,34,1,4,6,1),(776,35,1,4,6,1),(777,36,1,4,6,1),(778,37,1,4,6,1),(779,38,1,4,6,1),(780,39,1,4,8,1),(781,40,1,4,8,1),(782,41,1,4,8,1),(783,42,1,4,8,1),(784,43,1,4,8,1),(785,44,1,4,8,1),(786,45,1,4,8,1),(787,46,1,4,8,1),(788,47,1,4,8,1),(789,48,1,4,8,1),(790,49,1,4,8,1),(791,50,1,4,6,1),(792,51,1,4,6,1),(793,52,1,4,6,1),(794,53,1,4,6,1),(795,54,1,4,6,1),(796,55,1,4,6,1),(797,56,1,4,6,1),(798,57,1,4,6,1),(799,58,1,4,6,1),(800,59,1,4,6,1),(801,60,1,4,6,1),(802,61,1,4,6,1),(803,62,1,4,6,1),(804,63,1,4,6,1),(805,64,1,4,6,1),(806,65,1,4,6,1),(807,66,1,4,6,1),(808,67,1,4,6,1),(809,68,1,4,6,1),(810,69,1,4,6,1),(811,70,1,4,6,1),(812,71,1,4,6,1),(813,72,1,4,6,1),(814,73,1,4,6,1),(815,74,1,4,6,1),(816,75,1,4,6,1),(817,76,1,4,6,1),(818,77,1,4,6,1),(819,78,1,4,6,1),(820,79,1,4,6,1),(821,80,1,4,6,1),(822,81,1,4,6,1),(823,82,1,4,6,1),(824,83,1,4,6,1),(825,84,1,4,6,1),(826,85,1,4,6,1),(827,86,1,4,6,1),(828,87,1,4,6,1),(829,88,1,9,14,2),(830,89,1,9,14,2),(831,90,1,9,14,2),(832,91,1,9,14,2),(833,92,1,9,14,2),(834,93,1,9,14,2),(835,94,1,9,5,1),(836,95,1,9,5,1),(837,96,1,9,5,1),(838,97,1,9,5,1),(839,98,1,9,5,1),(840,99,1,9,5,1),(841,100,1,9,5,1),(842,101,1,9,5,1),(843,102,1,9,5,1),(844,103,1,9,5,1),(845,104,1,9,5,1),(846,105,1,9,5,1),(847,106,1,9,5,1),(848,107,1,9,5,1),(849,108,1,9,5,1),(850,109,1,9,5,1),(851,110,1,9,14,2),(852,111,1,9,14,2),(853,112,1,9,14,2),(854,113,1,9,14,2),(855,114,1,9,14,2),(856,115,1,9,14,2),(857,116,1,9,14,2),(858,117,1,9,5,1),(859,118,1,9,5,1),(860,119,1,9,5,1),(861,120,1,9,5,1),(862,121,1,9,5,1),(863,122,1,9,5,1),(864,123,1,9,5,1),(865,1,1,10,13,1),(866,2,1,10,13,1),(867,3,1,10,13,1),(868,4,1,10,13,1),(869,5,1,10,13,1),(870,6,1,10,13,1),(871,7,1,10,13,1),(872,8,1,10,13,1),(873,9,1,10,13,1),(874,10,1,10,13,1),(875,11,1,10,13,1),(876,12,1,10,13,1),(877,13,1,10,13,1),(878,14,1,10,13,1),(879,15,1,10,13,1),(880,16,1,10,13,1),(881,17,1,10,13,1),(882,18,1,10,13,1),(883,19,1,10,13,1),(884,20,1,10,13,1),(885,1,1,11,13,1),(886,2,1,11,13,1),(887,3,1,11,13,1),(888,4,1,11,13,1),(889,5,1,11,13,1),(890,6,1,11,13,1),(891,7,1,11,13,1),(892,8,1,11,13,1),(893,9,1,11,13,1),(894,10,1,11,13,1),(895,11,1,11,13,1),(896,12,1,11,13,1),(897,13,1,11,13,1),(898,14,1,11,13,1),(899,15,1,11,13,1),(900,16,1,11,13,1),(901,17,1,11,13,1),(902,18,1,11,13,1),(903,19,1,11,13,1),(904,20,1,11,13,1),(905,1,1,12,13,1),(906,2,1,12,13,1),(907,3,1,12,13,1),(908,4,1,12,13,1),(909,5,1,12,13,1),(910,6,1,12,13,1),(911,7,1,12,13,1),(912,8,1,12,13,1),(913,9,1,12,13,1),(914,10,1,12,13,1),(915,11,1,12,13,1),(916,12,1,12,13,1),(917,13,1,12,13,1),(918,14,1,12,13,1),(919,15,1,12,13,1),(920,16,1,12,13,1),(921,17,1,12,13,1),(922,18,1,12,13,1),(923,19,1,12,13,1),(924,20,1,12,13,1),(925,21,1,12,13,1),(926,1,1,13,13,1),(927,2,1,13,13,1),(928,3,1,13,13,1),(929,4,1,13,13,1),(930,5,1,13,13,1),(931,6,1,13,13,1),(932,7,1,13,13,1),(933,8,1,13,13,1),(934,9,1,13,13,1),(935,10,1,13,13,1),(936,11,1,13,13,1),(937,12,1,13,13,1),(938,13,1,13,13,1),(939,14,1,13,13,1),(940,15,1,13,13,1),(941,16,1,13,13,1),(942,17,1,13,13,1),(943,18,1,13,13,1),(944,19,1,13,13,1),(945,20,1,13,13,1),(946,21,1,13,13,1),(947,1,1,14,13,1),(948,2,1,14,13,1),(949,3,1,14,13,1),(950,4,1,14,13,1),(951,5,1,14,13,1),(952,6,1,14,13,1),(953,7,1,14,13,1),(954,8,1,14,13,1),(955,9,1,14,13,1),(956,10,1,14,13,1),(957,11,1,14,13,1),(958,12,1,14,13,1),(959,13,1,14,13,1),(960,14,1,14,13,1),(961,15,1,14,13,1),(962,16,1,14,13,1),(963,17,1,14,13,1),(964,18,1,14,13,1),(965,19,1,14,13,1),(966,20,1,14,13,1),(967,1,1,5,9,1),(968,2,1,5,9,1),(969,3,1,5,9,1),(970,4,1,5,10,1),(971,5,1,5,10,1),(972,6,1,5,10,1),(973,7,1,5,10,1),(974,8,1,5,10,1),(975,9,1,5,12,1),(976,10,1,5,12,1),(977,1,1,6,11,1),(978,2,1,6,11,1),(979,3,1,6,11,1),(980,4,1,6,16,1),(981,5,1,6,11,1),(982,6,1,8,4,1),(983,21,1,14,13,1),(984,1,1,15,12,1),(985,1,1,16,13,1),(986,1,1,17,14,1);
/*!40000 ALTER TABLE `puestos` ENABLE KEYS */;
UNLOCK TABLES;

--
-- Table structure for table `sedes`
--

DROP TABLE IF EXISTS `sedes`;
/*!40101 SET @saved_cs_client     = @@character_set_client */;
/*!40101 SET character_set_client = utf8 */;
CREATE TABLE `sedes` (
  `id_sede` int(11) NOT NULL AUTO_INCREMENT,
  `nombre_sede` varchar(45) DEFAULT NULL,
  `ciudad_sede` varchar(45) DEFAULT NULL,
  PRIMARY KEY (`id_sede`)
) ENGINE=InnoDB AUTO_INCREMENT=10 DEFAULT CHARSET=utf8;
/*!40101 SET character_set_client = @saved_cs_client */;

--
-- Dumping data for table `sedes`
--

LOCK TABLES `sedes` WRITE;
/*!40000 ALTER TABLE `sedes` DISABLE KEYS */;
INSERT INTO `sedes` VALUES (1,'DXCO IBAGUE','IBAGUE'),(2,'DXCO ZONA FRANCA','BOGOTA'),(3,'DXCO OF. ADMINISTRATIVA','BOGOTA'),(4,'DXCO ARMENIA MOCAWA','ARMENIA'),(5,'DXCO MANIZALES LA PATRIA','MANIZALES'),(6,'DXCO MANIZALES VILLAMARIA','MANIZALES'),(7,'DXCO MANIZALES SAN ANTONIO','MANIZALES'),(8,'DXCO MANIZALES LAURELES','MANIZALES'),(9,'DXCO MANIZALES BOLIVAR','MANIZALES');
/*!40000 ALTER TABLE `sedes` ENABLE KEYS */;
UNLOCK TABLES;

--
-- Table structure for table `usuarios`
--

DROP TABLE IF EXISTS `usuarios`;
/*!40101 SET @saved_cs_client     = @@character_set_client */;
/*!40101 SET character_set_client = utf8 */;
CREATE TABLE `usuarios` (
  `id_usuario` int(11) NOT NULL AUTO_INCREMENT,
  `nombre_usuario` varchar(45) NOT NULL,
  `cargo_usuario` varchar(45) NOT NULL,
  `pass_usuario` varchar(255) NOT NULL,
  `fk_sede` int(11) NOT NULL,
  `fk_campaign` int(11) NOT NULL,
  `nombre_mostrar` varchar(255) NOT NULL,
  `perfil_usuario` int(11) NOT NULL,
  PRIMARY KEY (`id_usuario`),
  UNIQUE KEY `nombre_usuario_UNIQUE` (`nombre_usuario`),
  KEY `id_sede_idx` (`fk_sede`),
  KEY `id_campaña_idx` (`fk_campaign`),
  CONSTRAINT `id_campaign_user` FOREIGN KEY (`fk_campaign`) REFERENCES `campaign` (`id_campaign`) ON DELETE NO ACTION ON UPDATE NO ACTION,
  CONSTRAINT `id_sede_user` FOREIGN KEY (`fk_sede`) REFERENCES `sedes` (`id_sede`) ON DELETE NO ACTION ON UPDATE NO ACTION
) ENGINE=InnoDB AUTO_INCREMENT=3 DEFAULT CHARSET=utf8;
/*!40101 SET character_set_client = @saved_cs_client */;

--
-- Dumping data for table `usuarios`
--

LOCK TABLES `usuarios` WRITE;
/*!40000 ALTER TABLE `usuarios` DISABLE KEYS */;
INSERT INTO `usuarios` VALUES (1,'darod01','Administrador','$2a$10$PG1eFoFGTeqIn3fmfLqCpuRMnHqx3UdQgMNilbbURlWRc3pyIMMau',1,9,'Diego Rodriguez',1),(2,'Operador','Pruebas','$2a$10$LLRw7Es4kiZWxnjudD/NN.UQ3.fPlR2P9ThrWeRtAinTqhzwUAUZa',1,9,'Operador Prueba',2);
/*!40000 ALTER TABLE `usuarios` ENABLE KEYS */;
UNLOCK TABLES;
/*!40103 SET TIME_ZONE=@OLD_TIME_ZONE */;

/*!40101 SET SQL_MODE=@OLD_SQL_MODE */;
/*!40014 SET FOREIGN_KEY_CHECKS=@OLD_FOREIGN_KEY_CHECKS */;
/*!40014 SET UNIQUE_CHECKS=@OLD_UNIQUE_CHECKS */;
/*!40101 SET CHARACTER_SET_CLIENT=@OLD_CHARACTER_SET_CLIENT */;
/*!40101 SET CHARACTER_SET_RESULTS=@OLD_CHARACTER_SET_RESULTS */;
/*!40101 SET COLLATION_CONNECTION=@OLD_COLLATION_CONNECTION */;
/*!40111 SET SQL_NOTES=@OLD_SQL_NOTES */;

-- Dump completed on 2017-08-05  6:10:08
