-- MySQL dump 10.13  Distrib 5.7.17, for Win64 (x86_64)
--
-- Host: 10.162.10.100    Database: inventario_digitex
-- ------------------------------------------------------
-- Server version	5.7.17-log

/*!40101 SET @OLD_CHARACTER_SET_CLIENT=@@CHARACTER_SET_CLIENT */;
/*!40101 SET @OLD_CHARACTER_SET_RESULTS=@@CHARACTER_SET_RESULTS */;
/*!40101 SET @OLD_COLLATION_CONNECTION=@@COLLATION_CONNECTION */;
/*!40101 SET NAMES utf8 */;
/*!40103 SET @OLD_TIME_ZONE=@@TIME_ZONE */;
/*!40103 SET TIME_ZONE='+00:00' */;
/*!40014 SET @OLD_UNIQUE_CHECKS=@@UNIQUE_CHECKS, UNIQUE_CHECKS=0 */;
/*!40014 SET @OLD_FOREIGN_KEY_CHECKS=@@FOREIGN_KEY_CHECKS, FOREIGN_KEY_CHECKS=0 */;
/*!40101 SET @OLD_SQL_MODE=@@SQL_MODE, SQL_MODE='NO_AUTO_VALUE_ON_ZERO' */;
/*!40111 SET @OLD_SQL_NOTES=@@SQL_NOTES, SQL_NOTES=0 */;

--
-- Table structure for table `articulos`
--

DROP TABLE IF EXISTS `articulos`;
/*!40101 SET @saved_cs_client     = @@character_set_client */;
/*!40101 SET character_set_client = utf8 */;
CREATE TABLE `articulos` (
  `id_articulos` int(11) NOT NULL AUTO_INCREMENT,
  `activo` varchar(45) DEFAULT NULL,
  `serial_art` varchar(45) DEFAULT NULL,
  `plaqueta_art` varchar(45) DEFAULT NULL,
  `fecha_creacion` date DEFAULT NULL,
  `fk_items` int(11) NOT NULL,
  `fk_fabricante` int(11) NOT NULL,
  `fk_puesto` int(11) NOT NULL,
  `fk_campaña` int(11) NOT NULL,
  `fk_bodega` int(11) NOT NULL,
  `fk_sede` int(11) NOT NULL,
  PRIMARY KEY (`id_articulos`),
  KEY `id_items_idx` (`fk_items`),
  KEY `id_fabricante_idx` (`fk_fabricante`),
  KEY `id_puesto_idx` (`fk_puesto`),
  KEY `id_campaña_idx` (`fk_campaña`),
  KEY `id_bodega_idx` (`fk_bodega`),
  KEY `id_sede_idx` (`fk_sede`),
  CONSTRAINT `fk_bodega_art` FOREIGN KEY (`fk_bodega`) REFERENCES `bodegas` (`id_bodega`) ON DELETE NO ACTION ON UPDATE NO ACTION,
  CONSTRAINT `fk_campaña_art` FOREIGN KEY (`fk_campaña`) REFERENCES `campaign` (`id_campaign`) ON DELETE NO ACTION ON UPDATE NO ACTION,
  CONSTRAINT `fk_fabricante_art` FOREIGN KEY (`fk_fabricante`) REFERENCES `fabricante` (`id_fabricante`) ON DELETE NO ACTION ON UPDATE NO ACTION,
  CONSTRAINT `fk_items_art` FOREIGN KEY (`fk_items`) REFERENCES `items` (`id_item`) ON DELETE NO ACTION ON UPDATE NO ACTION,
  CONSTRAINT `fk_puesto_art` FOREIGN KEY (`fk_puesto`) REFERENCES `puestos` (`id_puesto`) ON DELETE NO ACTION ON UPDATE NO ACTION,
  CONSTRAINT `fk_sede_art` FOREIGN KEY (`fk_sede`) REFERENCES `sedes` (`id_sede`) ON DELETE NO ACTION ON UPDATE NO ACTION
) ENGINE=InnoDB AUTO_INCREMENT=1993 DEFAULT CHARSET=utf8;
/*!40101 SET character_set_client = @saved_cs_client */;

--
-- Dumping data for table `articulos`
--

LOCK TABLES `articulos` WRITE;
/*!40000 ALTER TABLE `articulos` DISABLE KEYS */;
INSERT INTO `articulos` VALUES (1,'1','V9-006ZYP','024921','2017-03-18',20,1,1,7,7,1),(2,'1','V1PR615','017419','2017-03-18',16,1,2,7,7,1),(3,'1','V9-006YFF','018494','2017-03-18',20,1,4,7,7,1),(4,'1','CNT93568B2','024194','2017-03-18',24,2,5,7,7,1),(5,'1','V1BMF94','010789','2017-03-18',16,1,6,7,7,1),(6,'1','V1BCP43','010106','2017-03-18',16,1,7,7,7,1),(7,'1','V1PR716','010088','2017-03-18',16,1,8,7,7,1),(8,'1','V1PR667','010097','2017-03-18',16,1,9,7,7,1),(9,'1','VNALZVM','000773','2017-03-18',16,1,10,7,7,1),(10,'1','V1ZT639','024803','2017-03-18',16,1,11,7,7,1),(11,'1','V1PR553','010313','2017-03-18',16,1,12,7,7,1),(12,'1','VNAC012','000805','2017-03-18',19,1,13,7,7,1),(13,'1','V1ALK07','010678','2017-03-18',16,1,14,7,7,1),(14,'1','V1PR669','010359','2017-03-18',16,1,15,7,7,1),(15,'1','V1PP891','010724','2017-03-18',16,1,16,7,7,1),(16,'1','V1ZT559','010031','2017-03-18',16,1,17,7,7,1),(17,'1','V1ALK47','024080','2017-03-18',16,1,18,7,7,1),(18,'1','V1ALK48','011134','2017-03-18',16,1,19,7,7,1),(19,'1','VNALZRZ','000892','2017-03-18',19,1,20,7,7,1),(20,'1','VNALZVB','001160','2017-03-18',19,1,21,7,7,1),(21,'1','V257191','008688','2017-03-18',16,1,22,7,7,1),(22,'1','V1PR655','019740','2017-03-18',16,1,23,7,7,1),(23,'1','VNAC1W1','001865','2017-03-18',19,1,24,7,7,1),(24,'1','VNA4D88','001674','2017-03-18',19,1,25,7,7,1),(25,'1','VNAR40M','000811','2017-03-18',19,1,26,7,7,1),(26,'1','VNABZR6','000928','2017-03-18',19,1,27,7,7,1),(27,'1','VNAC1R7','001773','2017-03-18',19,1,28,7,7,1),(28,'1','V1ALH97','024866','2017-03-18',16,1,29,7,7,1),(29,'1','CNC038NR12','002014','2017-03-18',23,2,30,7,7,1),(30,'1','V1PC445','008713','2017-03-18',16,1,31,7,7,1),(31,'1','V1BCR04','010133','2017-03-18',16,1,32,7,7,1),(32,'1','V1PR701','010237','2017-03-18',19,1,33,7,7,1),(33,'1','CNT933629L','014974','2017-03-18',24,2,34,7,7,1),(34,'1','V1BMF72','010098','2017-03-18',16,1,35,7,7,1),(35,'1','V1PR714','010123','2017-03-18',16,1,36,7,7,1),(36,'1','MJGMCNY','012724','2017-03-18',9,1,1,7,7,1),(37,'1','MJGMCPG','024166','2017-03-18',9,1,2,7,7,1),(38,'1','MJEDRDV','008883','2017-03-18',9,1,4,7,7,1),(39,'1','MJEDVGM','024587','2017-03-18',9,1,5,7,7,1),(40,'1','MJ018XWD','024539','2017-03-18',12,1,6,7,7,1),(41,'1','MJ018XS2','018415','2017-03-18',12,1,7,7,7,1),(42,'1','MJ018XXN','024792','2017-03-18',12,1,8,7,7,1),(43,'1','MJVDCV4','024799','2017-03-18',9,1,9,7,7,1),(44,'1','MJEDTYM','024188','2017-03-18',9,1,10,7,7,1),(45,'1','MJEDYZD','014562','2017-03-18',9,1,11,7,7,1),(46,'1','REVISAR','024195','2017-03-18',99,1,12,7,7,1),(47,'1','MJ018Y0P','024756','2017-03-18',12,1,13,7,7,1),(48,'1','MJ018Y0Y','014991','2017-03-18',12,1,14,7,7,1),(49,'1','MJGMCNE','017431','2017-03-18',9,1,15,7,7,1),(50,'1','MJ018Y2G','024766','2017-03-18',6,1,16,7,7,1),(51,'1','MJEDVKZ','018408','2017-03-18',9,1,17,7,7,1),(52,'1','MJGMCNB','016420','2017-03-18',9,1,18,7,7,1),(53,'1','MJEDVER','012788','2017-03-18',9,1,19,7,7,1),(54,'1','MJGMCML','024183','2017-03-18',9,1,20,7,7,1),(55,'1','MJEDVEK','011190','2017-03-18',9,1,21,7,7,1),(56,'1','MJEDZCN','024184','2017-03-18',9,1,22,7,7,1),(57,'1','MJGMCPL','024773','2017-03-18',9,1,23,7,7,1),(58,'1','MJGMCMY','014746','2017-03-18',9,1,24,7,7,1),(59,'1','MJEDVAM','012797','2017-03-18',9,1,25,7,7,1),(60,'1','MJGMCPE','024962','2017-03-18',9,1,26,7,7,1),(61,'1','MJEDVGT','014566','2017-03-18',9,1,27,7,7,1),(62,'1','MJEDTRX','024797','2017-03-18',9,1,28,7,7,1),(63,'1','MJEDVER','014564','2017-03-18',9,1,29,7,7,1),(64,'1','MJEDVAL','024786','2017-03-18',9,1,30,7,7,1),(65,'1','MJEDTVT','024185','2017-03-18',9,1,31,7,7,1),(66,'1','MJBFXB1','024180','2017-03-18',2,1,32,7,7,1),(67,'1','MJEDYYX','018495','2017-03-18',9,1,33,7,7,1),(68,'1','MJ02XN75','016789','2017-03-18',12,1,34,7,7,1),(69,'1','MJEDTYN','018486','2017-03-18',9,1,35,7,7,1),(70,'1','REVISAR','018422','2017-03-18',99,1,36,7,7,1),(71,'1','V1PR688','010047','2017-03-18',16,1,37,15,1,1),(72,'1','VNAC25L','000937','2017-03-18',19,1,38,15,1,1),(73,'1','CN0C38NNQ4','001989','2017-03-18',23,2,39,13,1,1),(74,'1','V1PR656','010112','2017-03-18',16,1,40,13,1,1),(75,'1','VNAC1W5','001850','2017-03-18',16,1,41,13,1,1),(76,'1','CNC038NY31','002426','2017-03-18',23,2,42,13,1,1),(77,'1','V1BMG13','010132','2017-03-18',16,1,43,13,1,1),(78,'1','MJ02XN60','018158','2017-03-18',1,1,37,15,1,1),(79,'1','MJ018XSA','014992','2017-03-18',12,1,38,15,1,1),(80,'1','MJPWF90','017527','2017-03-18',6,1,39,13,1,1),(81,'1','MJEDVMN','010224','2017-03-18',9,1,40,13,1,1),(82,'1','MJEDPYP','012747','2017-03-18',9,1,41,13,1,1),(83,'1','MJEDTWB','024312','2017-03-18',9,1,42,13,1,1),(84,'1','MJEDVBW','024802','2017-03-18',9,1,43,13,1,1),(85,'1','V1ALK17','010687','2017-03-18',16,1,47,1,1,1),(86,'1','VNA4D8K','002393','2017-03-18',19,1,48,1,1,1),(87,'1','VNABWM9','002056','2017-03-18',16,1,49,1,1,1),(88,'1','VNABYMB','001258','2017-03-18',19,1,50,1,1,1),(89,'1','V1ALK54','000916','2017-03-18',16,1,51,1,1,1),(90,'1','V255554','000234','2017-03-18',16,1,52,1,1,1),(91,'1','V1PR625','024675','2017-03-18',16,1,53,1,1,1),(92,'1','V1PR603','011144','2017-03-18',16,1,54,1,1,1),(93,'1','VNALZTV','000776','2017-03-18',19,1,55,1,1,1),(94,'1','V255689','000149','2017-03-18',16,1,56,1,1,1),(95,'1','V1PR611','024833','2017-03-18',16,1,57,1,1,1),(96,'1','V1PR664','008790','2017-03-18',16,1,58,1,1,1),(97,'1','V1BCP35','010634','2017-03-18',16,1,59,1,1,1),(98,'1','V256701','000140','2017-03-18',16,1,60,1,1,1),(99,'1','V255718','000196','2017-03-18',16,1,61,1,1,1),(100,'1','V1PR706','010022','2017-03-18',16,1,62,1,1,1),(101,'1','V1PR652','010353','2017-03-18',16,1,63,1,1,1),(102,'1','V1BMG09','010054','2017-03-18',16,1,64,1,1,1),(103,'1','V1BCP59','010345','2017-03-18',16,1,65,1,1,1),(104,'1','V1PR703','024936','2017-03-18',16,1,67,1,1,1),(105,'1','V1PR712','010728','2017-03-18',16,1,68,1,1,1),(106,'1','CNT93363WQ','001863','2017-03-18',23,2,69,1,1,1),(107,'1','V9-0070XL','015784','2017-03-18',20,1,70,1,1,1),(108,'1','VNA4D6K','001704','2017-03-18',19,1,71,1,1,1),(109,'1','VNABXCF','001355','2017-03-18',16,1,72,1,1,1),(110,'1','V255700','000212','2017-03-18',16,1,73,1,1,1),(111,'1','V1PW224','010314','2017-03-18',16,1,74,1,1,1),(112,'1','V1BMF84','010324','2017-03-18',16,1,75,1,1,1),(113,'1','V1ALK52','010658','2017-03-18',16,1,76,1,1,1),(114,'1','V1BCM86','010038','2017-03-18',16,1,77,1,1,1),(115,'1','V255997','011136','2017-03-18',16,1,78,1,1,1),(116,'1','V335859','000313','2017-03-18',15,1,79,1,1,1),(117,'1','V1BCP60','010347','2017-03-18',16,1,80,1,1,1),(118,'1','V9-0070XH','015756','2017-03-18',20,1,81,1,1,1),(119,'1','V1PP819','010217','2017-03-18',16,1,82,1,1,1),(120,'1','CNC038PN5T','002022','2017-03-18',23,2,83,1,1,1),(121,'1','V9-0070MH','015783','2017-03-18',20,1,84,1,1,1),(122,'1','V1BMF79','019761','2017-03-18',16,1,85,1,1,1),(123,'1','V1BMG18','011237','2017-03-18',16,1,86,1,1,1),(124,'1','VNABYMV','000931','2017-03-18',19,1,87,1,1,1),(125,'1','V1BMF85','010339','2017-03-18',16,1,88,1,1,1),(126,'1','V1BCN67','014622','2017-03-18',16,1,89,1,1,1),(127,'1','VNA4BXM','002357','2017-03-18',19,1,90,1,1,1),(128,'1','VNABY80','000925','2017-03-18',19,1,91,1,1,1),(129,'1','5047-HB2','020908','2017-03-18',99,1,92,1,1,1),(130,'1','V1ZT561','010041','2017-03-18',16,1,93,1,1,1),(131,'1','VNABZTH','000838','2017-03-18',19,1,94,1,1,1),(132,'1','VNAC28M','000868','2017-03-18',19,1,95,1,1,1),(133,'1','VNALZTK','001216','2017-03-18',19,1,96,1,1,1),(134,'1','V1ZT593','024676','2017-03-18',16,1,97,1,1,1),(135,'1','V255719','014964','2017-03-18',16,1,98,1,1,1),(136,'1','VNABY8B','001291','2017-03-18',19,1,99,1,1,1),(137,'1','V255733','000210','2017-03-18',16,1,100,1,1,1),(138,'1','VNABWPT','001787','2017-03-18',19,1,101,1,1,1),(139,'1','VNABY62','001797','2017-03-18',19,1,102,1,1,1),(140,'1','V1BMF85','010339','2017-03-18',16,1,103,1,1,1),(141,'1','V1ZT425','010626','2017-03-18',16,1,104,1,1,1),(142,'1','VNABWPX','001694','2017-03-18',19,1,105,1,1,1),(143,'1','VNABZR4','001231','2017-03-18',19,1,106,1,1,1),(144,'1','VNABYND','000934','2017-03-18',19,1,107,1,1,1),(145,'1','VNABYLN','000865','2017-03-18',19,1,108,1,1,1),(146,'1','VNABYMM','000952','2017-03-18',19,1,109,1,1,1),(147,'1','V1BCP54','015767','2017-03-18',16,1,110,1,1,1),(148,'1','V1AWG61','024505','2017-03-18',16,1,111,1,1,1),(149,'1','VNABWPW','019999','2017-03-18',19,1,112,1,1,1),(150,'1','V1BMG40','010129','2017-03-18',16,1,113,1,1,1),(151,'1','V1BMF78','010791','2017-03-18',16,1,114,1,1,1),(152,'1','V225728','000174','2017-03-18',16,1,115,1,1,1),(153,'1','V1PR757','010100','2017-03-18',16,1,116,1,1,1),(154,'1','V1PR651','019991','2017-03-18',16,1,117,1,1,1),(155,'1','V256022','008753','2017-03-18',16,1,118,1,1,1),(156,'1','V1PW217','010340','2017-03-18',16,1,119,1,1,1),(157,'1','VNAB1N9N','001744','2017-03-18',19,1,120,1,1,1),(158,'1','V1BMB05','010358','2017-03-18',16,1,121,1,1,1),(159,'1','V1BMF93','010795','2017-03-18',16,1,122,1,1,1),(160,'1','VNA4D61','001397','2017-03-18',19,1,123,1,1,1),(161,'1','CNT96363D8','014954','2017-03-18',24,2,124,1,1,1),(162,'1','V1PP476','010352','2017-03-18',16,1,125,1,1,1),(163,'1','VNABWP5','001680','2017-03-18',19,1,126,1,1,1),(164,'1','V1ZT595','010035','2017-03-18',16,1,127,1,1,1),(165,'1','V1ZT584','010351','2017-03-18',16,1,128,1,1,1),(166,'1','V255699','000151','2017-03-18',16,1,129,1,1,1),(167,'1','V1PR692','024527','2017-03-18',16,1,130,1,1,1),(168,'1','V1PC496','008701','2017-03-18',16,1,131,1,1,1),(169,'1','VNA4D84','001706','2017-03-18',19,1,132,1,1,1),(170,'1','V1BMF91','010008','2017-03-18',16,1,133,1,1,1),(171,'1','V12T562','010130','2017-03-18',16,1,134,1,1,1),(172,'1','V9-0070X1','015757','2017-03-18',20,1,135,1,1,1),(173,'1','V256558','000116','2017-03-18',16,1,136,1,1,1),(174,'1','V1PW209','010091','2017-03-18',16,1,137,1,1,1),(175,'1','V1PR697','010120','2017-03-18',16,1,138,1,1,1),(176,'1','V1ZT603','010312','2017-03-18',16,1,139,1,1,1),(177,'1','V255716','000166','2017-03-18',16,1,140,1,1,1),(178,'1','V1BCR01','010121','2017-03-18',16,1,141,1,1,1),(179,'1','V1BCP37','010089','2017-03-18',16,1,142,1,1,1),(180,'1','V1ALK56','024229','2017-03-18',16,1,143,1,1,1),(181,'1','VNA4D6Y','001710','2017-03-18',19,1,144,1,1,1),(182,'1','MJEDTWR','015768','2017-03-18',9,1,47,1,1,1),(183,'1','MJEDVDZ','019726','2017-03-18',9,1,48,1,1,1),(184,'1','MJEDPYG','024633','2017-03-18',9,1,49,1,1,1),(185,'1','MJERDPZ','024634','2017-03-18',9,1,50,1,1,1),(186,'1','MXL040190W','024256','2017-03-18',10,2,51,1,1,1),(187,'1','MJBFWYZ','024236','2017-03-18',2,1,52,1,1,1),(188,'1','MJEDVFH','024695','2017-03-18',9,1,53,1,1,1),(189,'1','MJEDPYG','024619','2017-03-18',9,1,54,1,1,1),(190,'1','MJEDVAD','019792','2017-03-18',9,1,55,1,1,1),(191,'1','MXL0390XQG','024023','2017-03-18',10,2,56,1,1,1),(192,'1','MJGMCNR','024623','2017-03-18',9,1,57,1,1,1),(193,'1','MJEDZBD','019743','2017-03-18',9,1,58,1,1,1),(194,'1','MJEDDZN','024202','2017-03-18',9,1,59,1,1,1),(195,'1','MJVDDK2','024917','2017-03-18',7,1,60,1,1,1),(196,'1','REVISAR','024239','2017-03-18',99,1,61,1,1,1),(197,'1','MJPWA79','024201','2017-03-18',6,1,62,1,1,1),(198,'1','MJEDTYA','019080','2017-03-18',9,1,63,1,1,1),(199,'1','MJVDDA5','024966','2017-03-18',9,1,64,1,1,1),(200,'1','MJYE690','024677','2017-03-18',4,1,65,1,1,1),(201,'1','MJ018XX3','014965','2017-03-18',12,1,67,1,1,1),(202,'1','MJEDVNN','024937','2017-03-18',9,1,68,1,1,1),(203,'1','MJEDTTC','010286','2017-03-18',9,1,69,1,1,1),(204,'1','MJYED073','019756','2017-03-18',4,1,70,1,1,1),(205,'1','MJEDVAB','019755','2017-03-18',9,1,71,1,1,1),(206,'1','MJEDVBB','024970','2017-03-18',9,1,72,1,1,1),(207,'1','MJGMCMK','014731','2017-03-18',9,1,73,1,1,1),(208,'1','REVISAR','019774','2017-03-18',99,1,74,1,1,1),(209,'1','MJEDPXY','024515','2017-03-18',9,1,75,1,1,1),(210,'1','REVISAR','014770','2017-03-18',99,1,76,1,1,1),(211,'1','REVISAR','024227','2017-03-18',99,1,77,1,1,1),(212,'1','MJEPDPE','019735','2017-03-18',9,1,78,1,1,1),(213,'1','MJBFXAT','000177','2017-03-18',2,1,79,1,1,1),(214,'1','MJEDZCD','017411','2017-03-18',9,1,80,1,1,1),(215,'1','MJEDTWC','010754','2017-03-18',9,1,81,1,1,1),(216,'1','MJEDZ8P','012782','2017-03-18',9,1,82,1,1,1),(217,'1','MJ02XMYU','016465','2017-03-18',1,1,83,1,1,1),(218,'1','MJ018XWC','015736','2017-03-18',12,1,84,1,1,1),(219,'1','MJEDPXW','010783','2017-03-18',9,1,85,1,1,1),(220,'1','MJEDVBC','010714','2017-03-18',9,1,86,1,1,1),(221,'1','MJPWG60','024234','2017-03-18',6,1,87,1,1,1),(222,'1','MJYE889','019727','2017-03-18',4,1,88,1,1,1),(223,'1','MJERDNF','024211','2017-03-18',9,1,89,1,1,1),(224,'1','MJPWA42','024787','2017-03-18',6,1,90,1,1,1),(225,'1','MJYE692','010475','2017-03-18',4,1,91,1,1,1),(226,'1','MJ02XMX6','020908','2017-03-18',12,1,92,1,1,1),(227,'1','MJEDYZP','024231','2017-03-18',9,1,93,1,1,1),(228,'1','MJEDTXP','024233','2017-03-18',9,1,94,1,1,1),(229,'1','MJPWH81','002310','2017-03-18',6,1,95,1,1,1),(230,'1','MJBFXCP','017493','2017-03-18',2,1,96,1,1,1),(231,'1','REVISAR','024501','2017-03-18',99,1,97,1,1,1),(232,'1','MJEDVBR','024241','2017-03-18',9,1,98,1,1,1),(233,'1','MJPVZ60','024004','2017-03-18',6,1,99,1,1,1),(234,'1','MJPWF35','000827','2017-03-18',6,1,100,1,1,1),(235,'1','MJPWK66','024864','2017-03-18',6,1,101,1,1,1),(236,'1','MJZKG77','020615','2017-03-18',6,1,102,1,1,1),(237,'1','MJPWH37','019836','2017-03-18',6,1,103,1,1,1),(238,'1','MJPVF21','019746','2017-03-18',6,1,104,1,1,1),(239,'1','MJYED77','019745','2017-03-18',4,1,105,1,1,1),(240,'1','MJEDPXG','017440','2017-03-18',9,1,106,1,1,1),(241,'1','MJPV201','024216','2017-03-18',6,1,107,1,1,1),(242,'1','MJGMCPX','017469','2017-03-18',9,1,108,1,1,1),(243,'1','MJEDVK8','019759','2017-03-18',9,1,109,1,1,1),(244,'1','MJEDTWE','024065','2017-03-18',9,1,110,1,1,1),(245,'1','MJEDZBL','010766','2017-03-18',9,1,111,1,1,1),(246,'1','MJEDTRW','010778','2017-03-18',9,1,112,1,1,1),(247,'1','MJEDVCC','014556','2017-03-18',9,1,113,1,1,1),(248,'1','MJEDTTN','010612','2017-03-18',9,1,114,1,1,1),(249,'1','MJEDVCH','019930','2017-03-18',6,1,115,1,1,1),(250,'1','REVISAR','024230','2017-03-18',99,1,116,1,1,1),(251,'1','MJVKTM7','014553','2017-03-18',5,1,117,1,1,1),(252,'1','MJGMCMG','024255','2017-03-18',9,1,118,1,1,1),(253,'1','MJEDVLK','008829','2017-03-18',9,1,119,1,1,1),(254,'1','MJEDTRZ','014969','2017-03-18',9,1,120,1,1,1),(255,'1','MJ018XX7','015735','2017-03-18',12,1,121,1,1,1),(256,'1','MJEDTRF','019754','2017-03-18',9,1,122,1,1,1),(257,'1','MJPVK68','001605','2017-03-18',6,1,123,1,1,1),(258,'1','MJ018YZF','015740','2017-03-18',12,1,124,1,1,1),(259,'1','MJEDTYE','019748','2017-03-18',9,1,125,1,1,1),(260,'1','MJEDPZL','017414','2017-03-18',9,1,126,1,1,1),(261,'1','MJEDVNC','024769','2017-03-18',9,1,127,1,1,1),(262,'1','MJYE885','024850','2017-03-18',4,1,128,1,1,1),(263,'1','MJYED45','019870','2017-03-18',4,1,129,1,1,1),(264,'1','MJEDRDF','024225','2017-03-18',9,1,130,1,1,1),(265,'1','MJEDVCW','024264','2017-03-18',9,1,131,1,1,1),(266,'1','MJGMCMX','024210','2017-03-18',9,1,132,1,1,1),(267,'1','MJEDVNE','010775','2017-03-18',9,1,133,1,1,1),(268,'1','MJGMCRM','024502','2017-03-18',9,1,134,1,1,1),(269,'1','MJEDPYY','010743','2017-03-18',9,1,135,1,1,1),(270,'1','MJEDPYX','024624','2017-03-18',9,1,136,1,1,1),(271,'1','MJEDTTD','001354','2017-03-18',9,1,137,1,1,1),(272,'1','MJPW602','014704','2017-03-18',6,1,138,1,1,1),(273,'1','MJEDVMR','024838','2017-03-18',9,1,139,1,1,1),(274,'1','MJPWH29','024503','2017-03-18',6,1,140,1,1,1),(275,'1','MJEDVDD','008900','2017-03-18',9,1,141,1,1,1),(276,'1','MJEDVVDY','024228','2017-03-18',9,1,142,1,1,1),(277,'1','MJ6MCRC','011198','2017-03-18',9,1,143,1,1,1),(278,'1','MJGMPCZ','024265','2017-03-18',9,1,144,1,1,1),(279,'1','081636604185','014802','2017-03-18',14,4,47,1,1,1),(280,'1','10WZ35553247','004236','2017-03-18',13,4,48,1,1,1),(281,'1','10WZ19551822','004232','2017-03-18',13,4,49,1,1,1),(282,'1','10WZ33450371','003986','2017-03-18',13,4,50,1,1,1),(283,'1','15WZ52270475','024615','2017-03-18',13,4,51,1,1,1),(284,'1','10WF19550539','003999','2017-03-18',13,4,52,1,1,1),(285,'1','10WZ35551646','003983','2017-03-18',13,4,53,1,1,1),(286,'1','10WZ39655060','004241','2017-03-18',13,4,54,1,1,1),(287,'1','10WZ35551663','004319','2017-03-18',13,4,55,1,1,1),(288,'1','10WZ35552455','004203','2017-03-18',13,4,56,1,1,1),(289,'1','10WZ40050061','003719','2017-03-18',13,4,57,1,1,1),(290,'1','10WZ35050328','004271','2017-03-18',13,4,58,1,1,1),(291,'1','10WZ33450503','003927','2017-03-18',13,4,59,1,1,1),(292,'1','10WZ35551899','004007','2017-03-18',13,4,60,1,1,1),(293,'1','10WZ35553390','004287','2017-03-18',13,4,61,1,1,1),(294,'1','10WZ39655149','004238','2017-03-18',13,4,62,1,1,1),(295,'1','10WZ35553453','004269','2017-03-18',13,4,63,1,1,1),(296,'1','14WZ380700G','024569','2017-03-18',13,4,64,1,1,1),(297,'1','10WZ35552402','004315','2017-03-18',13,4,65,1,1,1),(298,'1','10WZ35551653','004281','2017-03-18',13,4,67,1,1,1),(299,'1','10WZ39655167','004282','2017-03-18',13,4,68,1,1,1),(300,'1','10WZ522704UZ','024608','2017-03-18',13,4,69,1,1,1),(301,'1','15WZ51670023','024574','2017-03-18',13,4,70,1,1,1),(302,'1','10WZ39655211','003419','2017-03-18',13,4,71,1,1,1),(303,'1','10WZ39655115','004495','2017-03-18',13,4,72,1,1,1),(304,'1','10WZ39655178','004214','2017-03-18',13,4,73,1,1,1),(305,'1','10WZ15651482','004335','2017-03-18',13,4,75,1,1,1),(306,'1','08A722580684','004223','2017-03-18',14,4,76,1,1,1),(307,'1','08A7225800475','003995','2017-03-18',14,4,77,1,1,1),(308,'1','10WZ73555431','004310','2017-03-18',13,4,78,1,1,1),(309,'1','10WZ39655095','003392','2017-03-18',13,4,80,1,1,1),(310,'1','15WZ522704ST','024323','2017-03-18',13,4,83,1,1,1),(311,'1','10WZ35551741','004322','2017-03-18',13,4,84,1,1,1),(312,'1','10WZ35551866','004277','2017-03-18',13,4,85,1,1,1),(313,'1','10WZ35552459','003912','2017-03-18',13,4,87,1,1,1),(314,'1','081636604219','014869','2017-03-18',14,4,109,1,1,1),(315,'1','081620301059','014935','2017-03-18',14,4,110,1,1,1),(316,'1','081620201540','014677','2017-03-18',14,4,112,1,1,1),(317,'1','081636604227','014925','2017-03-18',14,4,113,1,1,1),(318,'1','081636604213','014689','2017-03-18',14,4,114,1,1,1),(319,'1','14WZ3807004M','024575','2017-03-18',13,4,115,1,1,1),(320,'1','081636604217','014904','2017-03-18',14,4,118,1,1,1),(321,'1','15WZ522704V6','024614','2017-03-18',13,4,119,1,1,1),(322,'1','14WZ3807003Y','024570','2017-03-18',13,4,120,1,1,1),(323,'1','081636604209','014810','2017-03-18',14,4,121,1,1,1),(324,'1','14WZ3807006A','024571','2017-03-18',13,4,122,1,1,1),(325,'1','14WZ3807003Z','024572','2017-03-18',13,4,123,1,1,1),(326,'1','10WZ35351858','003689','2017-03-18',13,4,124,1,1,1),(327,'1','10WZ35551661','003997','2017-03-18',13,4,127,1,1,1),(328,'1','10WZ35552484','004311','2017-03-18',13,4,128,1,1,1),(329,'1','10WZ35553395','004239','2017-03-18',13,4,129,1,1,1),(330,'1','10WZ22551975','003992','2017-03-18',13,4,130,1,1,1),(331,'1','081636604179','011219','2017-03-18',14,4,131,1,1,1),(332,'1','10WZ35552433','003673','2017-03-18',13,4,132,1,1,1),(333,'1','10WZ35553388','004309','2017-03-18',13,4,133,1,1,1),(334,'1','10WZ35551685','003696','2017-03-18',13,4,134,1,1,1),(335,'1','10WZ35553439','003687','2017-03-18',13,4,135,1,1,1),(336,'1','10WZ35553492','003711','2017-03-18',13,4,136,1,1,1),(337,'1','10WZ15651570','004233','2017-03-18',13,4,137,1,1,1),(338,'1','10WZ35551775','004025','2017-03-18',13,4,138,1,1,1),(339,'1','10WZ35553394','004252','2017-03-18',13,4,139,1,1,1),(340,'1','10WZ35551614','004284','2017-03-18',13,4,140,1,1,1),(341,'1','10WZ15651266','004312','2017-03-18',13,4,141,1,1,1),(342,'1','10WZ35552458','003688','2017-03-18',13,4,142,1,1,1),(343,'1','10WZ22551304','004040','2017-03-18',13,4,143,1,1,1),(344,'1','08A722581124','003937','2017-03-18',14,4,144,1,1,1),(345,'1','V255989','008690','2017-03-18',16,1,145,2,1,1),(346,'1','V1AWF95','008716','2017-03-18',16,1,146,2,1,1),(347,'1','VNA4D5T','001676','2017-03-18',19,1,147,2,1,1),(348,'1','MJEDVCN','024525','2017-03-18',9,1,145,2,1,1),(349,'1','MJO18XVX','024931','2017-03-18',12,1,146,2,1,1),(350,'1','MJO18XX0','024096','2017-03-18',12,1,147,2,1,1),(351,'1','V1PR672','010239','2017-03-18',16,1,148,1,1,1),(352,'1','V1BCN63','010317','2017-03-18',16,1,149,1,1,1),(353,'1','VNABZRY','001777','2017-03-18',19,1,150,1,1,1),(354,'1','V335800','000224','2017-03-18',17,1,151,1,1,1),(355,'1','VNABZR6','001225','2017-03-18',19,1,152,1,1,1),(356,'1','VNALZVC','001139','2017-03-18',19,1,153,1,1,1),(357,'1','VNABWND','011235','2017-03-18',19,1,154,1,1,1),(358,'1','V1ZT580','010039','2017-03-18',16,1,155,1,1,1),(359,'1','VNABY86','000808','2017-03-18',19,1,156,1,1,1),(360,'1','V1PR695','010316','2017-03-18',16,1,157,1,1,1),(361,'1','V1PR039','010343','2017-03-18',16,1,158,1,1,1),(362,'1','V1PR621','010344','2017-03-18',16,1,159,1,1,1),(363,'1','VNABY64','001734','2017-03-18',19,1,160,1,1,1),(364,'1','VNABY1B','001690','2017-03-18',19,1,161,1,1,1),(365,'1','V1AW631','008749','2017-03-18',16,1,162,1,1,1),(366,'1','VNABY75','002086','2017-03-18',19,1,163,1,1,1),(367,'1','V1BMFJ3','010216','2017-03-18',16,1,164,1,1,1),(368,'1','V1BMF95','024510','2017-03-18',16,1,165,1,1,1),(369,'1','V1BM653','010346','2017-03-18',16,1,166,1,1,1),(370,'1','VNALZVF','001151','2017-03-18',19,1,167,1,1,1),(371,'1','VNALZTZ','000770','2017-03-18',19,1,168,1,1,1),(372,'1','V1PP817','010761','2017-03-18',16,1,169,1,1,1),(373,'1','V1BCP66','010095','2017-03-18',16,1,170,1,1,1),(374,'1','VNABZV9','000844','2017-03-18',19,1,171,1,1,1),(375,'1','VNABZT7','000910','2017-03-18',19,1,172,1,1,1),(376,'1','V1PR612','024206','2017-03-18',16,1,173,1,1,1),(377,'1','V1ZT596','010325','2017-03-18',16,1,174,1,1,1),(378,'1','2580-AB1','010242','2017-03-18',99,1,175,1,1,1),(379,'1','V1BMF99','010800','2017-03-18',16,1,176,1,1,1),(380,'1','VNA4D6M','001352','2017-03-18',19,1,177,1,1,1),(381,'1','V1ZT635','010335','2017-03-18',16,1,178,1,1,1),(382,'1','V256594','000136','2017-03-18',16,1,179,1,1,1),(383,'1','V1PW218','010336','2017-03-18',16,1,180,1,1,1),(384,'1','V1ZT635','019763','2017-03-18',16,1,181,1,1,1),(385,'1','V1ZT609','010763','2017-03-18',16,1,182,1,1,1),(386,'1','V1ZT564','010342','2017-03-18',16,1,183,1,1,1),(387,'1','V1PR682','010333','2017-03-18',16,1,184,1,1,1),(388,'1','V1ZT627','010338','2017-03-18',16,1,185,1,1,1),(389,'1','VNABY1K','001702','2017-03-18',18,1,186,1,1,1),(390,'1','VNAC1VB','001700','2017-03-18',19,1,187,1,1,1),(391,'1','V1PR675','010337','2017-03-18',16,1,188,1,1,1),(392,'1','V1PR705','010332','2017-03-18',16,1,189,1,1,1),(393,'1','V1BCP24','010779','2017-03-18',16,1,190,1,1,1),(394,'1','V1PW253','010749','2017-03-18',16,1,191,1,1,1),(395,'1','VNAC1RB','001363','2017-03-18',18,1,192,1,1,1),(396,'1','V1PR721','010326','2017-03-18',16,1,193,1,1,1),(397,'1','VNABWPY','001377','2017-03-18',18,1,194,1,1,1),(398,'1','V1ZT543','010327','2017-03-18',16,1,195,1,1,1),(399,'1','V1PW222','010328','2017-03-18',16,1,196,1,1,1),(400,'1','VNALZV5','001157','2017-03-18',19,1,197,1,1,1),(401,'1','V1ZT621','010330','2017-03-18',16,1,198,1,1,1),(402,'1','VNA4D8B','001361','2017-03-18',18,1,199,1,1,1),(403,'1','VNABY75','002514','2017-03-18',19,1,200,1,1,1),(404,'1','V1PP776','011242','2017-03-18',16,1,201,1,1,1),(405,'1','CNC038NR57','002315','2017-03-18',23,2,202,1,1,1),(406,'1','VNAP4XG','001109','2017-03-18',19,1,203,1,1,1),(407,'1','VNABY5Z','001346','2017-03-18',19,1,204,1,1,1),(408,'1','V1PW190','010334','2017-03-18',16,1,205,1,1,1),(409,'1','V1PR689','010322','2017-03-18',16,1,206,1,1,1),(410,'1','V1PR727','010323','2017-03-18',16,1,207,1,1,1),(411,'1','V1PR645','010320','2017-03-18',16,1,208,1,1,1),(412,'1','V1PP833','010319','2017-03-18',16,1,209,1,1,1),(413,'1','V1ZT581','010318','2017-03-18',16,1,210,1,1,1),(414,'1','V1ZT573','010315','2017-03-18',16,1,211,1,1,1),(415,'1','HSTND-2311','012633','2017-03-18',22,2,212,1,1,1),(416,'1','VNABACT','000961','2017-03-18',19,1,213,1,1,1),(417,'1','V256530','024914','2017-03-18',16,1,214,1,1,1),(418,'1','V256020','008739','2017-03-18',16,1,215,1,1,1),(419,'1','V9-006ZYO','015704','2017-03-18',20,1,216,1,1,1),(420,'1','VNABY71','001772','2017-03-18',19,1,217,1,1,1),(421,'1','V1PR726','010341','2017-03-18',16,1,218,1,1,1),(422,'1','V1ALK51','014754','2017-03-18',16,1,219,1,1,1),(423,'1','V255724','000082','2017-03-18',16,1,220,1,1,1),(424,'1','V1PP793','019800','2017-03-18',16,1,221,1,1,1),(425,'1','V1BMG15','012761','2017-03-18',16,1,222,1,1,1),(426,'1','V1PR711','010726','2017-03-18',16,1,223,1,1,1),(427,'1','V1PR723','010303','2017-03-18',16,1,224,1,1,1),(428,'1','V1BMG03','008761','2017-03-18',16,1,225,1,1,1),(429,'1','V1PR663','010379','2017-03-18',16,1,226,1,1,1),(430,'1','V1ALK37','017523','2017-03-18',16,1,227,1,1,1),(431,'1','VNA4D82','001660','2017-03-18',19,1,228,1,1,1),(432,'1','VNALZTR','001017','2017-03-18',19,1,229,1,1,1),(433,'1','V1ALK06','010654','2017-03-18',16,1,230,1,1,1),(434,'1','V256019','008721','2017-03-18',16,1,231,1,1,1),(435,'1','V1AWG28','008733','2017-03-18',16,1,232,1,1,1),(436,'1','VNABY76','002526','2017-03-18',19,1,233,1,1,1),(437,'1','V256001','024532','2017-03-18',16,1,234,1,1,1),(438,'1','MJEDPYT','012794','2017-03-18',9,1,148,1,1,1),(439,'1','MJEDPZN','024139','2017-03-18',9,1,149,1,1,1),(440,'1','MJGMCNL','014749','2017-03-18',9,1,150,1,1,1),(441,'1','MJEDTZP','012785','2017-03-18',9,1,151,1,1,1),(442,'1','MJEDYZY','024149','2017-03-18',9,1,152,1,1,1),(443,'1','MJEDVAR','014745','2017-03-18',9,1,153,1,1,1),(444,'1','MJ018XXZ','017564','2017-03-18',12,1,154,1,1,1),(445,'1','MJEDVMZ','012798','2017-03-18',9,1,155,1,1,1),(446,'1','MJ6MCN6','024155','2017-03-18',9,1,156,1,1,1),(447,'1','MJEDZCE','019728','2017-03-18',9,1,157,1,1,1),(448,'1','MJEDVEA','024869','2017-03-18',9,1,158,1,1,1),(449,'1','MJEDTZV','011122','2017-03-18',9,1,159,1,1,1),(450,'1','MJBFXAV','024507','2017-03-18',2,1,160,1,1,1),(451,'1','MJEDVNH','024508','2017-03-18',9,1,161,1,1,1),(452,'1','MJEDVXY','017412','2017-03-18',9,1,162,1,1,1),(453,'1','MJEDTRP','024509','2017-03-18',9,1,163,1,1,1),(454,'1','MJEDYYP','014744','2017-03-18',9,1,164,1,1,1),(455,'1','MJEDVCG','019773','2017-03-18',9,1,165,1,1,1),(456,'1','MJEDVLH','024242','2017-03-18',9,1,166,1,1,1),(457,'1','MJPWH14','024902','2017-03-18',6,1,167,1,1,1),(458,'1','MJERDNW','019796','2017-03-18',9,1,168,1,1,1),(459,'1','MJGMCPN','019778','2017-03-18',9,1,169,1,1,1),(460,'1','MJEDTXA','010772','2017-03-18',9,1,170,1,1,1),(461,'1','REVISAR','024305','2017-03-18',99,1,171,1,1,1),(462,'1','MJEDZBM','024138','2017-03-18',9,1,172,1,1,1),(463,'1','MJPWK72','024205','2017-03-18',6,1,173,1,1,1),(464,'1','MJZHH60','024243','2017-03-18',6,1,174,1,1,1),(465,'1','MJVDCZ7','012632','2017-03-18',7,1,175,1,1,1),(466,'1','MJVDDL1','019771','2017-03-18',7,1,176,1,1,1),(467,'1','MJPWH62','019798','2017-03-18',6,1,177,1,1,1),(468,'1','MJEDTVW','019995','2017-03-18',9,1,178,1,1,1),(469,'1','MJEDPYL','014558','2017-03-18',9,1,179,1,1,1),(470,'1','MJEDTYV','024224','2017-03-18',9,1,180,1,1,1),(471,'1','MJEDZBF','010799','2017-03-18',9,1,181,1,1,1),(472,'1','MJEDPW','024511','2017-03-18',9,1,182,1,1,1),(473,'1','MJGMCNZ','012781','2017-03-18',9,1,183,1,1,1),(474,'1','MJPWF92','024245','2017-03-18',6,1,184,1,1,1),(475,'1','MJEDZCK','019770','2017-03-18',9,1,185,1,1,1),(476,'1','MJBFXLH','024246','2017-03-18',2,1,186,1,1,1),(477,'1','MJPWH58','014559','2017-03-18',6,1,187,1,1,1),(478,'1','MJPWH13','017405','2017-03-18',6,1,188,1,1,1),(479,'1','MJEDYYR','024247','2017-03-18',9,1,189,1,1,1),(480,'1','MJGMCMP','019809','2017-03-18',9,1,190,1,1,1),(481,'1','MJPWK78','012727','2017-03-18',6,1,191,1,1,1),(482,'1','MJEDTY2','019975','2017-03-18',9,1,192,1,1,1),(483,'1','MJEDVEB','019784','2017-03-18',9,1,193,1,1,1),(484,'1','MJPWF87','024248','2017-03-18',6,1,194,1,1,1),(485,'1','MJEDTWP','019757','2017-03-18',9,1,195,1,1,1),(486,'1','MJEDTVP','024512','2017-03-18',9,1,196,1,1,1),(487,'1','MJEDTRG','024513','2017-03-18',9,1,197,1,1,1),(488,'1','MJEDTVN','010713','2017-03-18',9,1,198,1,1,1),(489,'1','MJEDTZG','010786','2017-03-18',9,1,199,1,1,1),(490,'1','MJEDPYK','010329','2017-03-18',9,1,200,1,1,1),(491,'1','MJEDZAE','010747','2017-03-18',9,1,201,1,1,1),(492,'1','REVISAR','017239','2017-03-18',99,2,202,1,1,1),(493,'1','MJEDRBL','014529','2017-03-18',9,1,203,1,1,1),(494,'1','MJEDTTF','024157','2017-03-18',9,1,204,1,1,1),(495,'1','MJEDTZD','024223','2017-03-18',9,1,205,1,1,1),(496,'1','MJEDYZX','019793','2017-03-18',9,1,206,1,1,1),(497,'1','MJEDPYR','019910','2017-03-18',9,1,207,1,1,1),(498,'1','MJVDDC6','024915','2017-03-18',7,1,208,1,1,1),(499,'1','MJEDTWX','024971','2017-03-18',9,1,209,1,1,1),(500,'1','MJWYBP5','019779','2017-03-18',7,1,210,1,1,1),(501,'1','MJWY8P6','024250','2017-03-18',7,1,211,1,1,1),(502,'1','REVISAR','024132','2017-03-18',99,1,212,1,1,1),(503,'1','MJEDTXF','024870','2017-03-18',9,1,213,1,1,1),(504,'1','MJEDTYY','024913','2017-03-18',9,1,214,1,1,1),(505,'1','MJEDVVX','019799','2017-03-18',9,1,215,1,1,1),(506,'1','MJEDVDW','010722','2017-03-18',9,1,216,1,1,1),(507,'1','MXL0390XLY','024024','2017-03-18',10,1,217,1,1,1),(508,'1','MJEDTXC','019775','2017-03-18',9,1,218,1,1,1),(509,'1','MJEDVKL','019732','2017-03-18',9,1,219,1,1,1),(510,'1','MJEDTRB','008826','2017-03-18',9,1,220,1,1,1),(511,'1','MJEDRCN','008814','2017-03-18',9,1,221,1,1,1),(512,'1','MJEDPZZ','008896','2017-03-18',9,1,222,1,1,1),(513,'1','MJEDTZT','019781','2017-03-18',9,1,223,1,1,1),(514,'1','MJEDTXL','019767','2017-03-18',9,1,224,1,1,1),(515,'1','MJEDPXE','024516','2017-03-18',9,1,225,1,1,1),(516,'1','REVISAR','017408','2017-03-18',99,1,226,1,1,1),(517,'1','MJEDRAR','019785','2017-03-18',9,1,227,1,1,1),(518,'1','MJPWK73','024253','2017-03-18',9,1,228,1,1,1),(519,'1','MJEDVLR','024517','2017-03-18',9,1,229,1,1,1),(520,'1','MJEDY2A','017407','2017-03-18',9,1,230,1,1,1),(521,'1','MJEDPZW','024930','2017-03-18',9,1,231,1,1,1),(522,'1','MJEDVCO','024518','2017-03-18',9,1,232,1,1,1),(523,'1','MJBXCR','024131','2017-03-18',2,1,233,1,1,1),(524,'1','REVISAR','019931','2017-03-18',99,1,234,1,1,1),(525,'1','15WZ522704UN','024319','2017-03-18',13,4,149,1,1,1),(526,'1','15WZ522703J4','024320','2017-03-18',13,4,150,1,1,1),(527,'1','15WZ522704RR','024321','2017-03-18',13,4,151,1,1,1),(528,'1','15WZ522704UK','024322','2017-03-18',13,4,152,1,1,1),(529,'1','10WZ35553484','004253','2017-03-18',13,4,153,1,1,1),(530,'1','10WZ39655105','004302','2017-03-18',13,4,154,1,1,1),(531,'1','10WZ35552486','004032','2017-03-18',13,4,155,1,1,1),(532,'1','15WZ522704WB','024318','2017-03-18',13,4,156,1,1,1),(533,'1','15WZ522704TK','024609','2017-03-18',13,4,157,1,1,1),(534,'1','10WZ35551767','004329','2017-03-18',13,4,160,1,1,1),(535,'1','10WZ33450606','003984','2017-03-18',13,4,161,1,1,1),(536,'1','10WZ15651154','003996','2017-03-18',13,4,162,1,1,1),(537,'1','10WZ15651784','004292','2017-03-18',13,4,163,1,1,1),(538,'1','10WZ33450472','003434','2017-03-18',13,4,164,1,1,1),(539,'1','10WZ39655170','004209','2017-03-18',13,4,165,1,1,1),(540,'1','10WZ39552424','004256','2017-03-18',13,4,166,1,1,1),(541,'1','10WZ35552460','003869','2017-03-18',13,4,167,1,1,1),(542,'1','08A722580571','003947','2017-03-18',13,4,168,1,1,1),(543,'1','15WZ52270447','024612','2017-03-18',13,4,169,1,1,1),(544,'1','15W7522704UC','024326','2017-03-18',13,4,171,1,1,1),(545,'1','15WZ522704W7','024317','2017-03-18',13,4,172,1,1,1),(546,'1','10WZ35052297','003746','2017-03-18',13,4,173,1,1,1),(547,'1','10WZ31651903','004328','2017-03-18',13,4,174,1,1,1),(548,'1','10WZ35551562','003823','2017-03-18',13,4,175,1,1,1),(549,'1','10WZ33450558','004204','2017-03-18',13,4,176,1,1,1),(550,'1','10WZ35552019','003723','2017-03-18',13,4,177,1,1,1),(551,'1','10WZ35553423','003385','2017-03-18',13,4,178,1,1,1),(552,'1','15WZ522704VS','024351','2017-03-18',13,4,179,1,1,1),(553,'1','081620302567','014876','2017-03-18',14,4,180,1,1,1),(554,'1','10WZ35051630','004251','2017-03-18',13,4,181,1,1,1),(555,'1','10WZ35552403','003423','2017-03-18',13,4,182,1,1,1),(556,'1','10WZ22551956','004216','2017-03-18',13,4,183,1,1,1),(557,'1','10WZ35552492','004307','2017-03-18',13,4,184,1,1,1),(558,'1','10WZ33652084','003406','2017-03-18',13,4,185,1,1,1),(559,'1','10WZ35552440','004307','2017-03-18',13,4,186,1,1,1),(560,'1','10W195550625','004220','2017-03-18',13,4,187,1,1,1),(561,'1','10WZ39655137','003849','2017-03-18',13,4,188,1,1,1),(562,'1','10WZ35553409','004230','2017-03-18',13,4,189,1,1,1),(563,'1','10WZ39655000','004327','2017-03-18',13,4,190,1,1,1),(564,'1','10WZ35553378','003368','2017-03-18',13,4,191,1,1,1),(565,'1','10WZ35553414','004217','2017-03-18',13,4,192,1,1,1),(566,'1','10WZ35551842','004264','2017-03-18',13,4,193,1,1,1),(567,'1','10WZ35551780','003402','2017-03-18',13,4,194,1,1,1),(568,'1','10WZ35553485','004275','2017-03-18',13,4,195,1,1,1),(569,'1','10WZ35553438','004314','2017-03-18',13,4,196,1,1,1),(570,'1','10WZ35551719','003962','2017-03-18',13,4,200,1,1,1),(571,'1','10WZ39655172','004290','2017-03-18',13,4,201,1,1,1),(572,'1','14wz38070063','024573','2017-03-18',13,4,202,1,1,1),(573,'1','10WZ35553455','004289','2017-03-18',13,4,203,1,1,1),(574,'1','08A722580420','004218','2017-03-18',13,4,204,1,1,1),(575,'1','10WZ35551811','003920','2017-03-18',13,4,205,1,1,1),(576,'1','08A722580462','004326','2017-03-18',13,4,206,1,1,1),(577,'1','10WZ35552404','003875','2017-03-18',13,4,207,1,1,1),(578,'1','10WZ33450424','003447','2017-03-18',13,4,208,1,1,1),(579,'1','14WZ36270219','016839','2017-03-18',13,4,209,1,1,1),(580,'1','10WZ40050075','003816','2017-03-18',13,4,210,1,1,1),(581,'1','10WZ33652093','024240','2017-03-18',13,4,212,1,1,1),(582,'1','08A722580697','003949','2017-03-18',13,4,213,1,1,1),(583,'1','10WZ35551529','003931','2017-03-18',13,4,214,1,1,1),(584,'1','10WZ35551556','004278','2017-03-18',13,4,215,1,1,1),(585,'1','10WZ35551570','003852','2017-03-18',13,4,216,1,1,1),(586,'1','10WZ33450569','003812','2017-03-18',13,4,217,1,1,1),(587,'1','10WZ33450568','004316','2017-03-18',13,4,224,1,1,1),(588,'1','10WZ35553487','003923','2017-03-18',13,4,225,1,1,1),(589,'1','10WZ35552438','003807','2017-03-18',13,4,226,1,1,1),(590,'1','10WZ35553298','004320','2017-03-18',13,4,227,1,1,1),(591,'1','10WZ35553434','003988','2017-03-18',13,4,228,1,1,1),(592,'1','10WZ35553491','003987','2017-03-18',13,4,229,1,1,1),(593,'1','10WZ33450401','003836','2017-03-18',13,4,230,1,1,1),(594,'1','10WZ40050060','004255','2017-03-18',13,4,231,1,1,1),(595,'1','09WZ49552304','004228','2017-03-18',13,4,232,1,1,1),(596,'1','10WZ35551659','003770','2017-03-18',13,4,233,1,1,1),(597,'1','10WZ33450461','003731','2017-03-18',13,4,234,1,1,1),(598,'1','VNB3AG0','002030','2017-03-18',19,1,235,2,1,1),(599,'1','VNB3982','002032','2017-03-18',19,1,236,2,1,1),(600,'1','VNB4DZL','002034','2017-03-18',19,1,237,2,1,1),(601,'1','VNB3985','002036','2017-03-18',19,1,238,2,1,1),(602,'1','VNB3AFY','002038','2017-03-18',19,1,239,2,1,1),(603,'1','VNB3983','002040','2017-03-18',19,1,240,2,1,1),(604,'1','VNB4FOH','011102','2017-03-18',19,1,241,2,1,1),(605,'1','VNB3980','002044','2017-03-18',19,1,242,2,1,1),(606,'1','VNABY77','002143','2017-03-18',19,1,243,2,1,1),(607,'1','V1ZT328','014548','2017-03-18',16,1,244,2,1,1),(608,'1','V255982','008741','2017-03-18',16,1,245,2,1,1),(609,'1','V1AWG38','008750','2017-03-18',16,1,246,2,1,1),(610,'1','V1PP825','019944','2017-03-18',16,1,247,2,1,1),(611,'1','V1PP949','008699','2017-03-18',19,1,248,2,1,1),(612,'1','VNAN9B','002048','2017-03-18',19,1,249,2,1,1),(613,'1','VNB1N73','002050','2017-03-18',19,1,250,2,1,1),(614,'1','V1ZT613','010307','2017-03-18',16,1,251,2,1,1),(615,'1','VNB1N75','024105','2017-03-18',19,1,252,2,1,1),(616,'1','V1BMGOO','010154','2017-03-18',16,1,253,2,1,1),(617,'1','VNB1N9L','024521','2017-03-18',19,1,254,2,1,1),(618,'1','VNB1N90','002060','2017-03-18',19,1,255,2,1,1),(619,'1','VNB1N9G','002062','2017-03-18',19,1,256,2,1,1),(620,'1','VNB1N82','002082','2017-03-18',19,1,257,2,1,1),(621,'1','V1PR579','011106','2017-03-18',16,1,258,2,1,1),(622,'1','VNB1N72','002078','2017-03-18',19,1,259,2,1,1),(623,'1','VNB1N9K','024300','2017-03-18',19,1,260,2,1,1),(624,'1','VNB1N8X','014537','2017-03-18',19,1,261,2,1,1),(625,'1','VNB1N9H','002072','2017-03-18',19,1,262,2,1,1),(626,'1','VNB1N9D','002070','2017-03-18',19,1,263,2,1,1),(627,'1','VNB1N9C','002068','2017-03-18',19,1,264,2,1,1),(628,'1','VNB1N70','002066','2017-03-18',19,1,265,2,1,1),(629,'1','VNB1N8Y','014532','2017-03-18',19,1,266,2,1,1),(630,'1','VNABWPZ','002098','2017-03-18',19,1,267,2,1,1),(631,'1','V1ALK46','010676','2017-03-18',16,1,268,2,1,1),(632,'1','V1AWG62','011569','2017-03-18',16,1,269,2,1,1),(633,'1','V1ZT628','008765','2017-03-18',16,1,270,2,1,1),(634,'1','VNB1N74','002084','2017-03-18',19,1,271,2,1,1),(635,'1','V1PC420','008692','2017-03-18',16,1,272,2,1,1),(636,'1','V1ALK12','011108','2017-03-18',16,1,273,2,1,1),(637,'1','V1BCP34','024289','2017-03-18',16,1,274,2,1,1),(638,'1','V256005','024288','2017-03-18',16,1,275,2,1,1),(639,'1','V1AW650','024287','2017-03-18',16,1,276,2,1,1),(640,'1','VNA4D6W','002088','2017-03-18',19,1,277,2,1,1),(641,'1','VNAC1NB','002090','2017-03-18',19,1,278,2,1,1),(642,'1','VNABY79','002092','2017-03-18',19,1,279,2,1,1),(643,'1','VNABY6P','002096','2017-03-18',19,1,280,2,1,1),(644,'1','VNA4D6Y','002094','2017-03-18',19,1,281,2,1,1),(645,'1','VNABY6P','008700','2017-03-18',16,1,282,2,1,1),(646,'1','V1AWG04','008764','2017-03-18',16,1,283,2,1,1),(647,'1','V1ZT586','010356','2017-03-18',16,1,284,2,1,1),(648,'1','V256021','008719','2017-03-18',16,1,285,2,1,1),(649,'1','V1AWF87','008757','2017-03-18',16,1,286,2,1,1),(650,'1','V1BCR03','010025','2017-03-18',16,1,287,2,1,1),(651,'1','V1PR718','008791','2017-03-18',16,1,288,2,1,1),(652,'1','V1ZT591','024524','2017-03-18',16,1,289,2,1,1),(653,'1','V9-006ZXB','015717','2017-03-18',20,1,290,2,1,1),(654,'1','V1AWG17','008763','2017-03-18',16,1,291,2,1,1),(655,'1','V1AW635','008722','2017-03-18',16,1,292,2,1,1),(656,'1','V1BCP89','008732','2017-03-18',16,1,293,2,1,1),(657,'1','V1PR610','010435','2017-03-18',16,1,294,2,1,1),(658,'1','V1BLX05','010793','2017-03-18',16,1,295,2,1,1),(659,'1','V1BCP28','010049','2017-03-18',16,1,296,2,1,1),(660,'1','V1PR668','010101','2017-03-18',16,1,297,2,1,1),(661,'1','V1PR720','024325','2017-03-18',16,1,298,2,1,1),(662,'1','V1AW620','008694','2017-03-18',16,1,299,2,1,1),(663,'1','V1ZT631','010094','2017-03-18',16,1,300,2,1,1),(664,'1','V1ALK50','019989','2017-03-18',16,1,301,2,1,1),(665,'1','V1AWF78','008740','2017-03-18',16,1,302,2,1,1),(666,'1','V1AW629','008714','2017-03-18',16,1,303,2,1,1),(667,'1','V1ALF43','011109','2017-03-18',16,1,304,2,1,1),(668,'1','V1PR699','008760','2017-03-18',16,1,305,2,1,1),(669,'1','V1PC466','008693','2017-03-18',16,1,306,2,1,1),(670,'1','V1PC338','008752','2017-03-18',16,1,307,2,1,1),(671,'1','V1BLW00','011274','2017-03-18',16,1,308,2,1,1),(672,'1','V1ALK57','011113','2017-03-18',16,1,309,2,1,1),(673,'1','VNABY3T','001696','2017-03-18',19,1,310,2,1,1),(674,'1','V1PC476','024526','2017-03-18',16,1,311,2,1,1),(675,'1','VNABZTC','010500','2017-03-18',19,1,312,2,1,1),(676,'1','VNAAD7W','001708','2017-03-18',19,1,313,2,1,1),(677,'1','V1BMF70','010084','2017-03-18',16,1,314,2,1,1),(678,'1','V1PR578','024204','2017-03-18',16,1,315,2,1,1),(679,'1','V1PR616','011135','2017-03-18',16,1,316,2,1,1),(680,'1','V1PR613','010651','2017-03-18',16,1,317,2,1,1),(681,'1','V1ALK11','011110','2017-03-18',16,1,318,2,1,1),(682,'1','MJEDTXL','012787','2017-03-18',9,1,235,2,1,1),(683,'1','MJVKTC1','014555','2017-03-18',5,1,236,2,1,1),(684,'1','MJGMCPF','024334','2017-03-18',9,1,237,2,1,1),(685,'1','MJ018Y0W','024908','2017-03-18',12,1,238,2,1,1),(686,'1','MJ018Y29','015744','2017-03-18',12,1,239,2,1,1),(687,'1','MJVKTK8','024519','2017-03-18',5,1,240,2,1,1),(688,'1','MJGMCMR','024175','2017-03-18',9,1,241,2,1,1),(689,'1','MJVKTK3','019946','2017-03-18',5,1,242,2,1,1),(690,'1','MJPWH17','024520','2017-03-18',6,1,243,2,1,1),(691,'1','MJEDTVC','024102','2017-03-18',9,1,244,2,1,1),(692,'1','MJERDRH','024919','2017-03-18',9,1,245,2,1,1),(693,'1','MJEDTYD','019951','2017-03-18',9,1,246,2,1,1),(694,'1','MJGMCNV','024107','2017-03-18',9,1,247,2,1,1),(695,'1','MJEDZAN','019935','2017-03-18',9,1,248,2,1,1),(696,'1','MJEDRCW','014531','2017-03-18',9,1,249,2,1,1),(697,'1','MJHEDL8','014546','2017-03-18',3,1,250,2,1,1),(698,'1','MJHEDZA','014545','2017-03-18',3,1,251,2,1,1),(699,'1','MJFNPY9','014544','2017-03-18',3,1,252,2,1,1),(700,'1','MJZHH67','024554','2017-03-18',6,1,253,2,1,1),(701,'1','MJFNPW2','024969','2017-03-18',3,1,254,2,1,1),(702,'1','MJHEDM3','019965','2017-03-18',3,1,255,2,1,1),(703,'1','MJFNPX4','014543','2017-03-18',3,1,256,2,1,1),(704,'1','MJFNPXZ3','019964','2017-03-18',3,1,257,2,1,1),(705,'1','MJHEDC0','014542','2017-03-18',3,1,258,2,1,1),(706,'1','MJHEDE5','019954','2017-03-18',3,1,259,2,1,1),(707,'1','MJFNRA9','019956','2017-03-18',3,1,260,2,1,1),(708,'1','MJFNRD4','024884','2017-03-18',3,1,261,2,1,1),(709,'1','MJHEDMO','014536','2017-03-18',3,1,262,2,1,1),(710,'1','MJFNPW4','024910','2017-03-18',3,1,263,2,1,1),(711,'1','MJPNPA1','024911','2017-03-18',3,1,264,2,1,1),(712,'1','MJFNPY7','024885','2017-03-18',3,1,265,2,1,1),(713,'1','MJEDZAF','024912','2017-03-18',9,1,266,2,1,1),(714,'1','MJPWH98','019960','2017-03-18',6,1,267,2,1,1),(715,'1','MJEDYZE','024968','2017-03-18',9,1,268,2,1,1),(716,'1','REVISAR','024886','2017-03-18',99,1,269,2,1,1),(717,'1','MJERDND','024906','2017-03-18',9,1,270,2,1,1),(718,'1','MJEDRDNG','024887','2017-03-18',9,1,271,2,1,1),(719,'1','MJEDVNW','024888','2017-03-18',9,1,272,2,1,1),(720,'1','MJPWK77','001899','2017-03-18',6,1,273,2,1,1),(721,'1','MJFNPW3','024907','2017-03-18',3,1,274,2,1,1),(722,'1','MJEDVRL','024901','2017-03-18',9,1,275,2,1,1),(723,'1','MJEDVHT','012751','2017-03-18',9,1,276,2,1,1),(724,'1','MJEDVNR','014547','2017-03-18',9,1,277,2,1,1),(725,'1','MJEDVCY','012793','2017-03-18',9,1,278,2,1,1),(726,'1','MJPWH85','024523','2017-03-18',6,1,279,2,1,1),(727,'1','MJEDYZF','014766','2017-03-18',9,1,280,2,1,1),(728,'1','MJYED38','024903','2017-03-18',4,1,281,2,1,1),(729,'1','MJEDVNV','024883','2017-03-18',9,1,282,2,1,1),(730,'1','MJEDRDX','024616','2017-03-18',9,1,283,2,1,1),(731,'1','MJEDTZA','024918','2017-03-18',9,1,284,2,1,1),(732,'1','MJVKTL4','019947','2017-03-18',5,1,285,2,1,1),(733,'1','MJEDTXR','024920','2017-03-18',9,1,286,2,1,1),(734,'1','MJEDTWH','019950','2017-03-18',9,1,287,2,1,1),(735,'1','MJEDRCD','019981','2017-03-18',9,1,288,2,1,1),(736,'1','MJEDVNK','014767','2017-03-18',9,1,289,2,1,1),(737,'1','REVISAR','014774','2017-03-18',99,1,290,2,1,1),(738,'1','MJEDPW','024972','2017-03-18',9,1,291,2,1,1),(739,'1','MJYE093','024922','2017-03-18',7,1,292,2,1,1),(740,'1','MJVDCX8','024655','2017-03-18',9,1,293,2,1,1),(741,'1','MJPWG08','019927','2017-03-18',6,1,294,2,1,1),(742,'1','MXL039XNB','024664','2017-03-18',12,1,295,2,1,1),(743,'1','MJHEDMG','024077','2017-03-18',3,1,296,2,1,1),(744,'1','MXL039XNB','012707','2017-03-18',10,1,297,2,1,1),(745,'1','MJPWK71','011246','2017-03-18',6,1,298,2,1,1),(746,'1','MJEDZCB','017409','2017-03-18',9,1,299,2,1,1),(747,'1','MJEDDJD','024174','2017-03-18',9,1,300,2,1,1),(748,'1','MJEDTVR','024622','2017-03-18',9,1,301,2,1,1),(749,'1','MJEVTXV','024306','2017-03-18',9,1,302,2,1,1),(750,'1','MJEDVFE','024965','2017-03-18',9,1,303,2,1,1),(751,'1','MJEDTPP','024927','2017-03-18',9,1,304,2,1,1),(752,'1','MJEDTWN','024926','2017-03-18',9,1,305,2,1,1),(753,'1','MJERDRX','011192','2017-03-18',9,1,306,2,1,1),(754,'1','MJEDVAW','024925','2017-03-18',9,1,307,2,1,1),(755,'1','MJ018Y11','019742','2017-03-18',12,1,308,2,1,1),(756,'1','MJEDTVZ','024244','2017-03-18',9,1,309,2,1,1),(757,'1','MJEDTTY','010773','2017-03-18',9,1,310,2,1,1),(758,'1','MJGMCND','017203','2017-03-18',9,1,311,2,1,1),(759,'1','MJPWH36','024208','2017-03-18',6,1,312,2,1,1),(760,'1','MJEDZD6','024235','2017-03-18',9,1,313,2,1,1),(761,'1','MJ02XN4E','026057','2017-03-18',1,1,314,2,1,1),(762,'1','MJEDVDF','024203','2017-03-18',9,1,315,2,1,1),(763,'1','MJPWH26','014784','2017-03-18',9,1,316,2,1,1),(764,'1','MJPWK76','001868','2017-03-18',6,1,317,2,1,1),(765,'1','MJEDVCE','024924','2017-03-18',9,1,318,2,1,1),(766,'1','10WZ35553406','004018','2017-03-18',13,4,287,2,1,1),(767,'1','REVISAR','004249','2017-03-18',13,4,290,2,1,1),(768,'1','15WZ522704VT','024610','2017-03-18',13,4,309,2,1,1),(769,'1','V1PR752','010159','2017-03-18',16,1,1,3,2,1),(770,'1','V1BCP67','010160','2017-03-18',16,1,2,3,2,1),(771,'1','REVISAR','001904','2017-03-18',99,3,3,3,2,1),(772,'1','V1PW192','010157','2017-03-18',16,1,4,3,2,1),(773,'1','V1PP804','010158','2017-03-18',16,1,5,3,2,1),(774,'1','V1PW210','010161','2017-03-18',16,1,6,3,2,1),(775,'1','V1PW212','010162','2017-03-18',16,1,7,3,2,1),(776,'1','CNC038NQJD','002314','2017-03-18',23,2,8,3,2,1),(777,'1','V1PW251','010175','2017-03-18',16,1,9,3,2,1),(778,'1','V1BMG20','010174','2017-03-18',16,1,10,3,2,1),(779,'1','V1PP824','010177','2017-03-18',16,1,11,3,2,1),(780,'1','V1BMG35','010176','2017-03-18',16,1,12,3,2,1),(781,'1','VNABY5X','002311','2017-03-18',19,1,13,3,2,1),(782,'1','V1BCP78','010449','2017-03-18',16,1,14,3,2,1),(783,'1','V255708','000194','2017-03-18',16,1,15,3,2,1),(784,'1','VNABWNK','002212','2017-03-18',19,1,16,3,2,1),(785,'1','V255706','000200','2017-03-18',16,1,17,3,2,1),(786,'1','V255551','000086','2017-03-18',16,1,18,3,2,1),(787,'1','CNC038NNR5','002318','2017-03-18',23,2,19,3,2,1),(788,'1','CNC038NP15','002319','2017-03-18',23,2,20,3,2,1),(789,'1','CNC038NNYC','002320','2017-03-18',23,2,21,3,2,1),(790,'1','CNC038NPJJ','002321','2017-03-18',23,2,22,3,2,1),(791,'1','CNC038NP5R','002322','2017-03-18',23,2,23,3,2,1),(792,'1','CNC038NQC6','002323','2017-03-18',23,2,24,3,2,1),(793,'1','CNC038NQBK','002324','2017-03-18',23,2,25,3,2,1),(794,'1','CNC038NQY2','002325','2017-03-18',23,2,26,3,2,1),(795,'1','CNC038NQ2L','002326','2017-03-18',23,2,27,3,2,1),(796,'1','CNC038NQJ5','002327','2017-03-18',23,2,28,3,2,1),(797,'1','CNC038NQCH','002328','2017-03-18',23,2,29,3,2,1),(798,'1','CNC038NQDD','002188','2017-03-18',23,2,30,3,2,1),(799,'1','CNC038NP5H','002195','2017-03-18',23,2,31,3,2,1),(800,'1','CNC038NQBD','002197','2017-03-18',23,2,32,3,2,1),(801,'1','CNC038NQJP','002194','2017-03-18',23,2,33,3,2,1),(802,'1','CNC038NP3G','002190','2017-03-18',23,2,34,3,2,1),(803,'1','V1BCP38','008696','2017-03-18',16,1,35,3,2,1),(804,'1','CNC038NQ94','002193','2017-03-18',23,2,36,3,2,1),(805,'1','CNC038NQJH','002189','2017-03-18',23,2,37,3,2,1),(806,'1','VNA4D8G','001846','2017-03-18',19,1,38,3,2,1),(807,'1','VNA4D86','002351','2017-03-18',19,1,39,3,2,1),(808,'1','V335830','000325','2017-03-18',17,1,40,3,2,1),(809,'1','V1ZT630','010151','2017-03-18',16,1,41,3,2,1),(810,'1','VNABY6B','001750','2017-03-18',19,1,42,3,2,1),(811,'1','V1PR707','010093','2017-03-18',16,1,43,3,2,1),(812,'1','V255697','000080','2017-03-18',16,1,44,3,2,1),(813,'1','CNC038NNTH','002192','2017-03-18',23,2,45,3,2,1),(814,'1','CNC038NR55','002316','2017-03-18',23,2,46,3,2,1),(815,'1','CNC038NP3B','002317','2017-03-18',23,2,47,3,2,1),(816,'1','V256670','008748','2017-03-18',16,1,48,3,2,1),(817,'1','VNABWP7','002215','2017-03-18',19,1,49,3,2,1),(818,'1','VNA4D66','002273','2017-03-18',19,1,50,3,2,1),(819,'1','VNA4D8A','002275','2017-03-18',19,1,51,3,2,1),(820,'1','VNA4D68','002225','2017-03-18',19,1,52,3,2,1),(821,'1','VNA4D5W','002271','2017-03-18',19,1,53,3,2,1),(822,'1','VNABY7M','002227','2017-03-18',19,1,54,3,2,1),(823,'1','VNABWNY','002105','2017-03-18',19,1,55,3,2,1),(824,'1','V1PP828','010075','2017-03-18',16,1,56,3,2,1),(825,'1','V1PR617','024343','2017-03-18',16,1,57,3,2,1),(826,'1','VNA4D6T','002282','2017-03-18',19,1,58,3,2,1),(827,'1','VNA4D6H','002210','2017-03-18',19,1,59,3,2,1),(828,'1','V1AWM12','008712','2017-03-18',16,1,60,3,2,1),(829,'1','V1ZT558','008767','2017-03-18',16,1,61,3,2,1),(830,'1','V1BMC02','010010','2017-03-18',16,1,62,3,2,1),(831,'1','VNABY75','002514','2017-03-18',19,1,63,3,2,1),(832,'1','VNABWNB','002501','2017-03-18',19,1,64,3,2,1),(833,'1','VNA4D80','002277','2017-03-18',19,1,65,3,2,1),(834,'1','VNA4D8F','002280','2017-03-18',19,1,66,3,2,1),(835,'1','VNAC1W8','002297','2017-03-18',19,1,67,3,2,1),(836,'1','VNABZHP','002287','2017-03-18',19,1,68,3,2,1),(837,'1','V1BMG33','010134','2017-03-18',16,1,69,3,2,1),(838,'1','VNABWPF','002289','2017-03-18',19,1,70,3,2,1),(839,'1','V1PC471','008772','2017-03-18',16,1,71,3,2,1),(840,'1','VNA4D71','002237','2017-03-18',19,1,72,3,2,1),(841,'1','V256671','008709','2017-03-18',16,1,73,3,2,1),(842,'1','VNABWPC','002291','2017-03-18',19,1,74,3,2,1),(843,'1','V256452','000206','2017-03-18',16,1,75,3,2,1),(844,'1','VNABWP0','002299','2017-03-18',19,1,76,3,2,1),(845,'1','VNABWP2','002293','2017-03-18',19,1,77,3,2,1),(846,'1','VNAC1V9','002529','2017-03-18',19,1,78,3,2,1),(847,'1','V255743','000208','2017-03-18',16,1,79,3,2,1),(848,'1','VNABY17','002368','2017-03-18',19,1,80,3,2,1),(849,'1','V256018','008710','2017-03-18',16,1,81,3,2,1),(850,'1','V1PC467','008144','2017-03-18',16,1,82,3,2,1),(851,'1','V256517','008697','2017-03-18',16,1,83,3,2,1),(852,'1','V1AWF93','008782','2017-03-18',16,1,84,3,2,1),(853,'1','V256009','008703','2017-03-18',16,1,85,3,2,1),(854,'1','V1BCR10','010718','2017-03-18',16,1,86,3,2,1),(855,'1','V1ZT542','008146','2017-03-18',16,1,87,3,2,1),(856,'1','V257153','000198','2017-03-18',16,1,88,3,2,1),(857,'1','VNAC21Z','002503','2017-03-18',19,1,89,3,2,1),(858,'1','V255717','000122','2017-03-18',16,1,90,3,2,1),(859,'1','V335827','000329','2017-03-18',16,1,91,3,2,1),(860,'1','V1BMG11','008754','2017-03-18',16,1,92,3,2,1),(861,'1','V1PR750','010639','2017-03-18',16,1,93,3,2,1),(862,'1','V1AWG66','024120','2017-03-18',16,1,94,3,2,1),(863,'1','V1ZT389','008774','2017-03-18',16,1,95,3,2,1),(864,'1','VNA4D65','002247','2017-03-18',19,1,96,3,2,1),(865,'1','V1PP821','008147','2017-03-18',16,1,97,3,2,1),(866,'1','VNA4D7P','002355','2017-03-18',19,1,98,3,2,1),(867,'1','VNAC1VK','002366','2017-03-18',19,1,99,3,2,1),(868,'1','VNABWNF','002391','2017-03-18',19,1,100,3,2,1),(869,'1','V1AWG63','008140','2017-03-18',16,1,101,3,2,1),(870,'1','V256669','017515','2017-03-18',16,1,102,3,2,1),(871,'1','VNA4D5Z','002349','2017-03-18',19,1,103,3,2,1),(872,'1','V1BMF92','008759','2017-03-18',16,1,104,3,2,1),(873,'1','V1AWG65','008148','2017-03-18',16,1,105,3,2,1),(874,'1','V1PC469','008702','2017-03-18',16,1,106,3,2,1),(875,'1','VNALZT1','001424','2017-03-18',19,1,107,3,2,1),(876,'1','VNABY7K','002113','2017-03-18',19,1,108,3,2,1),(877,'1','V1PC472','008711','2017-03-18',16,1,109,3,2,1),(878,'1','V1PV940','010238','2017-03-18',16,1,110,3,2,1),(879,'1','V1ZT572','008766','2017-03-18',16,1,111,3,2,1),(880,'1','V1AWD83','008141','2017-03-18',16,1,112,3,2,1),(881,'1','V1ZT636','010350','2017-03-18',16,1,113,3,2,1),(882,'1','V1A4D6G','002261','2017-03-18',19,1,114,3,2,1),(883,'1','V1PP890','010125','2017-03-18',16,1,115,3,2,1),(884,'1','VNA4D60','002520','2017-03-18',19,1,116,3,2,1),(885,'1','VNA4D8C','002406','2017-03-18',19,1,117,3,2,1),(886,'1','V1BMF73','010065','2017-03-18',16,1,118,3,2,1),(887,'1','VNA4D5X','002258','2017-03-18',19,1,119,3,2,1),(888,'1','VNA4D6D','002255','2017-03-18',19,1,120,3,2,1),(889,'1','VNA4CDX','002253','2017-03-18',19,1,121,3,2,1),(890,'1','VNA4D6F','002251','2017-03-18',19,1,122,3,2,1),(891,'1','VNA4D6B','002249','2017-03-18',19,1,123,3,2,1),(892,'1','VNA4D6F','002241','2017-03-18',19,1,124,3,2,1),(893,'1','VNALZT4','002267','2017-03-18',19,1,125,3,2,1),(894,'1','V1ALK65','011114','2017-03-18',16,1,126,3,2,1),(895,'1','V1PR662','017477','2017-03-18',16,1,127,3,2,1),(896,'1','CNT93363ZK','024128','2017-03-18',24,2,128,3,2,1),(897,'1','V1ZT567','010128','2017-03-18',16,1,129,3,2,1),(898,'1','VNA4D62','002235','2017-03-18',19,1,130,3,2,1),(899,'1','VNA4D89','002233','2017-03-18',99,1,131,3,2,1),(900,'1','VNA4D8D','002231','2017-03-18',19,1,132,3,2,1),(901,'1','VNABY6V','002229','2017-03-18',19,1,133,3,2,1),(902,'1','V1BMG30','010153','2017-03-18',16,1,134,3,2,1),(903,'1','VNA4D83','002243','2017-03-18',19,1,135,3,2,1),(904,'1','VNA4D6V','002269','2017-03-18',19,1,136,3,2,1),(905,'1','VNA4D6P','002221','2017-03-18',19,1,137,3,2,1),(906,'1','V1PC347','008770','2017-03-18',16,1,138,3,2,1),(907,'1','VNA4D6X','002217','2017-03-18',19,1,139,3,2,1),(908,'1','V1PW211','010454','2017-03-18',16,1,140,3,2,1),(909,'1','VNABY19','000904','2017-03-18',19,1,141,3,2,1),(910,'1','V1ZT606','010118','2017-03-18',16,1,142,3,2,1),(911,'1','VNA4D6R','011315','2017-03-18',19,1,143,3,2,1),(912,'1','V1PR722','010127','2017-03-18',16,1,144,3,2,1),(913,'1','CNC038NQJZ','002020','2017-03-18',23,2,145,3,2,1),(914,'1','V256531','008698','2017-03-18',16,1,146,3,2,1),(915,'1','VNABYMR','001303','2017-03-18',19,1,147,3,2,1),(916,'1','VNAC28X','001454','2017-03-18',19,1,148,3,2,1),(917,'1','VNABYNX','000922','2017-03-18',19,1,149,3,2,1),(918,'1','VNAC24Z','000974','2017-03-18',19,1,150,3,2,1),(919,'1','VNALZPP','001154','2017-03-18',19,1,151,3,2,1),(920,'1','V9-006Y65','024837','2017-03-18',20,1,152,3,2,1),(921,'1','V1ZT577','010156','2017-03-18',16,1,153,3,2,1),(922,'1','V1AZT563','010207','2017-03-18',16,1,154,3,2,1),(923,'1','VNAC1VP','002516','2017-03-18',19,1,155,3,2,1),(924,'1','V1BMG23','010183','2017-03-18',16,1,156,3,2,1),(925,'1','V1PP834','010184','2017-03-18',16,1,157,3,2,1),(926,'1','VNABY6H','002524','2017-03-18',19,1,158,3,2,1),(927,'1','V1BMG18','010131','2017-03-18',16,1,159,3,2,1),(928,'1','V1BCP63','010152','2017-03-18',16,1,160,3,2,1),(929,'1','VNABWN7','002522','2017-03-18',19,1,161,3,2,1),(930,'1','VNAC1R9','002518','2017-03-18',19,1,162,3,2,1),(931,'1','V1PR691','010150','2017-03-18',16,1,163,3,2,1),(932,'1','VNABY7B','002313','2017-03-18',19,1,164,3,2,1),(933,'1','V1ALK34','010674','2017-03-18',16,1,165,3,2,1),(934,'1','V1ZT598','010206','2017-03-18',16,1,166,3,2,1),(935,'1','VNABY61','002401','2017-03-18',19,1,167,3,2,1),(936,'1','V9-006YFD','019843','2017-03-18',20,1,168,3,2,1),(937,'1','V1ZT610','010149','2017-03-18',16,1,169,3,2,1),(938,'1','V1BM649','010182','2017-03-18',16,1,170,3,2,1),(939,'1','V1ZT619','010181','2017-03-18',16,1,171,3,2,1),(940,'1','V1BMD52','010180','2017-03-18',16,1,172,3,2,1),(941,'1','VNABWPK','002397','2017-03-18',19,1,173,3,2,1),(942,'1','VNA4D85','002388','2017-03-18',19,1,174,3,2,1),(943,'1','CNC038NQDO','002207','2017-03-18',23,2,175,3,2,1),(944,'1','VNABY6D','002395','2017-03-18',19,1,176,3,2,1),(945,'1','VNA4D63','002239','2017-03-18',19,1,177,3,2,1),(946,'1','V9-006YFC','015712','2017-03-18',20,1,178,3,2,1),(947,'1','V1BMG12','010148','2017-03-18',16,1,179,3,2,1),(948,'1','V1BMG02','010155','2017-03-18',16,1,180,3,2,1),(949,'1','V1ZT571','010178','2017-03-18',16,1,181,3,2,1),(950,'1','V9-006YG3','019833','2017-03-18',20,1,182,3,2,1),(951,'1','VNA4D5R','002284','2017-03-18',19,1,183,3,2,1),(952,'1','VNA4COB','002263','2017-03-18',19,1,184,3,2,1),(953,'1','VNABWNP','002338','2017-03-18',19,1,185,3,2,1),(954,'1','V9-006YFX','019828','2017-03-18',20,1,186,3,2,1),(955,'1','VNAC136','002404','2017-03-18',19,1,187,3,2,1),(956,'1','VNABWPR','002399','2017-03-18',19,1,190,3,2,1),(957,'1','V9-006YFR','020635','2017-03-18',20,1,191,3,2,1),(958,'1','V9-006ZYF','019813','2017-03-18',20,1,192,3,2,1),(959,'1','V9-006YF6','019801','2017-03-18',20,1,193,3,2,1),(960,'1','V9-006YFT','019849','2017-03-18',20,1,194,3,2,1),(961,'1','V9-006YFH','019829','2017-03-18',20,1,195,3,2,1),(962,'1','V9-006YFS','019869','2017-03-18',20,1,196,3,2,1),(963,'1','V9-006YFV','019832','2017-03-18',20,1,197,3,2,1),(964,'1','V9-006ZXV','019818','2017-03-18',20,1,198,3,2,1),(965,'1','V9-006YF3','020641','2017-03-18',20,1,199,3,2,1),(966,'1','V9-006YFN','019891','2017-03-18',20,1,200,3,2,1),(967,'1','V9-006ZYX','019812','2017-03-18',20,1,201,3,2,1),(968,'1','V9-006ZY3','019864','2017-03-18',20,1,202,3,2,1),(969,'1','MJEDPXR','014526','2017-03-18',9,1,1,3,2,1),(970,'1','MJEDVDT','014525','2017-03-18',9,1,2,3,2,1),(971,'1','MJYE688','019875','2017-03-18',4,1,3,3,2,1),(972,'1','MJEDVAN','019876','2017-03-18',9,1,4,3,2,1),(973,'1','MJEDVDM','019854','2017-03-18',9,1,5,3,2,1),(974,'1','MJERDPW','019880','2017-03-18',9,1,6,3,2,1),(975,'1','MJGMCNA','024890','2017-03-18',9,1,7,3,2,1),(976,'1','MXL04001BF','011300','2017-03-18',10,2,8,3,2,1),(977,'1','MJEDVKA','014523','2017-03-18',9,1,9,3,2,1),(978,'1','MJEDVDX','014522','2017-03-18',9,1,10,3,2,1),(979,'1','MJGMCPD','012774','2017-03-18',9,1,11,3,2,1),(980,'1','MJEDVGL','014521','2017-03-18',9,1,12,3,2,1),(981,'1','MJGMCPP','024153','2017-03-18',9,1,13,3,2,1),(982,'1','MJERDRA','008907','2017-03-18',9,1,14,3,2,1),(983,'1','MJEDTTZ','024111','2017-03-18',9,1,15,3,2,1),(984,'1','MJEDZAG','024112','2017-03-18',9,1,16,3,2,1),(985,'1','MJEDVNB','012783','2017-03-18',9,1,17,3,2,1),(986,'1','MJERDRH','024113','2017-03-18',9,1,18,3,2,1),(987,'1','MXL040190Z','014518','2017-03-18',10,2,19,3,2,1),(988,'1','MXL040190T','019855','2017-03-18',10,2,20,3,2,1),(989,'1','MXL0390XQB','019851','2017-03-18',10,2,21,3,2,1),(990,'1','MXL04018Z7','014515','2017-03-18',10,2,22,3,2,1),(991,'1','MXL04018WR','019852','2017-03-18',10,2,23,3,2,1),(992,'1','MXL04018XH','019866','2017-03-18',10,2,24,3,2,1),(993,'1','MXL0390XNQ','024114','2017-03-18',10,2,25,3,2,1),(994,'1','MJEDV8P','012557','2017-03-18',9,1,26,3,2,1),(995,'1','MXL040014K','019868','2017-03-18',10,2,27,3,2,1),(996,'1','MXL04001B6','019853','2017-03-18',10,2,28,3,2,1),(997,'1','MXL04018WB','019867','2017-03-18',10,2,29,3,2,1),(998,'1','MXL04018ZG','019879','2017-03-18',10,2,30,3,2,1),(999,'1','MXL0390XPQ','019878','2017-03-18',10,2,31,3,2,1),(1000,'1','MXL040018R','019877','2017-03-18',10,2,32,3,2,1),(1001,'1','MXL0400116P','024868','2017-03-18',10,2,33,3,2,1),(1002,'1','MJGMCMM','014732','2017-03-18',9,1,34,3,2,1),(1003,'1','MJPWGO6','014713','2017-03-18',6,1,35,3,2,1),(1004,'1','MXL04001CB','014514','2017-03-18',10,2,36,3,2,1),(1005,'1','MX10390XPN','024115','2017-03-18',10,2,37,3,2,1),(1006,'1','MJEDTYX','014724','2017-03-18',9,1,38,3,2,1),(1007,'1','MJO18XXC','020614','2017-03-18',12,1,39,3,2,1),(1008,'1','MXL04018WT','024116','2017-03-18',10,2,40,3,2,1),(1009,'1','MJEDPZC','014511','2017-03-18',9,1,41,3,2,1),(1010,'1','MX104018ZC','019846','2017-03-18',10,2,42,3,2,1),(1011,'1','MJPWH11','019844','2017-03-18',6,1,43,3,2,1),(1012,'1','MJPWH25','019884','2017-03-18',6,1,44,3,2,1),(1013,'1','MJEDZCZ','019841','2017-03-18',9,1,45,3,2,1),(1014,'1','MXL0390XN6','011341','2017-03-18',10,2,46,3,2,1),(1015,'1','MJEDTRA','019815','2017-03-18',9,1,47,3,2,1),(1016,'1','MJEDVLL','014508','2017-03-18',9,1,48,3,2,1),(1017,'1','MJYE062','019817','2017-03-18',4,1,49,3,2,1),(1018,'1','MJGMCPC','024057','2017-03-18',9,1,50,3,2,1),(1019,'1','MJERDRG','024964','2017-03-18',9,1,51,3,2,1),(1020,'1','MJEDVGB','019838','2017-03-18',9,1,52,3,2,1),(1021,'1','MJEDRBD','011559','2017-03-18',9,1,53,3,2,1),(1022,'1','MJERDRF','011340','2017-03-18',9,1,54,3,2,1),(1023,'1','MJEDRCK','019835','2017-03-18',9,1,55,3,2,1),(1024,'1','MJEDRC8','014507','2017-03-18',9,1,56,3,2,1),(1025,'1','MJERDRN','014626','2017-03-18',9,1,57,3,2,1),(1026,'1','MJPWH87','024117','2017-03-18',6,1,58,3,2,1),(1027,'1','MJEDRBT','019883','2017-03-18',9,1,59,3,2,1),(1028,'1','MJPVF29','014720','2017-03-18',6,1,60,3,2,1),(1029,'1','MJEDVMW','011319','2017-03-18',9,1,61,3,2,1),(1030,'1','MJEDVPA','011197','2017-03-18',9,1,62,3,2,1),(1031,'1','MJEDYYW','011310','2017-03-18',9,1,63,3,2,1),(1032,'1','MJEDRCE','019839','2017-03-18',9,1,64,3,2,1),(1033,'1','MJEDVCV','011558','2017-03-18',9,1,65,3,2,1),(1034,'1','MJEDVBC','014504','2017-03-18',9,1,66,3,2,1),(1035,'1','MJYE060','011557','2017-03-18',4,1,67,3,2,1),(1036,'1','MJYE976','014503','2017-03-18',4,1,68,3,2,1),(1037,'1','MJEDRCF','011337','2017-03-18',9,1,69,3,2,1),(1038,'1','MJEDRAM','014502','2017-03-18',9,1,70,3,2,1),(1039,'1','MJEDRBG','014501','2017-03-18',9,1,71,3,2,1),(1040,'1','MJEDRBY','014627','2017-03-18',9,1,72,3,2,1),(1041,'1','MJEDVGZ','011556','2017-03-18',9,1,73,3,2,1),(1042,'1','MJEDVHV','024154','2017-03-18',9,1,74,3,2,1),(1043,'1','MJEDYZN','012758','2017-03-18',9,1,75,3,2,1),(1044,'1','MJPWG10','019840','2017-03-18',6,1,76,3,2,1),(1045,'1','MJERDNV','011312','2017-03-18',9,1,77,3,2,1),(1046,'1','MJEDVMV','014702','2017-03-18',9,1,78,3,2,1),(1047,'1','MJPVF07','011555','2017-03-18',6,1,79,3,2,1),(1048,'1','MJEDRCY','014706','2017-03-18',9,1,80,3,2,1),(1049,'1','MJEDRDC','014705','2017-03-18',9,1,81,3,2,1),(1050,'1','MJEDRCV','014707','2017-03-18',9,1,82,3,2,1),(1051,'1','MJEDPXA','014708','2017-03-18',9,1,83,3,2,1),(1052,'1','MJEDZAT','014709','2017-03-18',9,1,84,3,2,1),(1053,'1','MJEDVNY','014710','2017-03-18',9,1,85,3,2,1),(1054,'1','MJEY050','019814','2017-03-18',4,1,86,3,2,1),(1055,'1','MJYED53','011336','2017-03-18',4,1,87,3,2,1),(1056,'1','MJGMCPY','024118','2017-03-18',9,1,88,3,2,1),(1057,'1','MJEDPZM','011326','2017-03-18',9,1,89,3,2,1),(1058,'1','MJEDVFL','024119','2017-03-18',9,1,90,3,2,1),(1059,'1','MJEDVEE','019810','2017-03-18',9,1,91,3,2,1),(1060,'1','MJGMCMH','012709','2017-03-18',9,1,92,3,2,1),(1061,'1','MJPWH84','011304','2017-03-18',6,1,93,3,2,1),(1062,'1','MJYE075','010483','2017-03-18',4,1,94,3,2,1),(1063,'1','MJPWF95','014714','2017-03-18',6,1,95,3,2,1),(1064,'1','MJPVZ22','011317','2017-03-18',6,1,96,3,2,1),(1065,'1','MJPWF34','024121','2017-03-18',6,1,97,3,2,1),(1066,'1','MJPWK60','020664','2017-03-18',6,1,98,3,2,1),(1067,'1','MJEDTWZ','024038','2017-03-18',9,1,99,3,2,1),(1068,'1','MJEDRDE','REVISAR','2017-03-18',9,1,100,3,2,1),(1069,'1','MJPWA52','014605','2017-03-18',6,1,101,3,2,1),(1070,'1','MJPWH91','017505','2017-03-18',6,1,102,3,2,1),(1071,'1','MJPWA55','024849','2017-03-18',6,1,103,3,2,1),(1072,'1','MJBFXBC','019783','2017-03-18',6,1,104,3,2,1),(1073,'1','MJPWH97','011323','2017-03-18',6,1,105,3,2,1),(1074,'1','MJYE055','024843','2017-03-18',4,1,106,3,2,1),(1075,'1','MJPWH22','024140','2017-03-18',6,1,107,3,2,1),(1076,'1','MJPZC22','024212','2017-03-18',6,1,108,3,2,1),(1077,'1','MJGMCNK','014733','2017-03-18',9,1,109,3,2,1),(1078,'1','MJYE046','014715','2017-03-18',4,1,110,3,2,1),(1079,'1','MJEDPZA','019865','2017-03-18',9,1,111,3,2,1),(1080,'1','MJPWK74','024122','2017-03-18',6,1,112,3,2,1),(1081,'1','MJVDDA2','024340','2017-03-18',7,1,113,3,2,1),(1082,'1','MJ018XXG','019860','2017-03-18',12,1,114,3,2,1),(1083,'1','MJZHK39','014790','2017-03-18',6,1,115,3,2,1),(1084,'1','MJEDTRC','019889','2017-03-18',9,1,116,3,2,1),(1085,'1','MJYE057','014716','2017-03-18',4,1,117,3,2,1),(1086,'1','MJGMCRD','012740','2017-03-18',9,1,118,3,2,1),(1087,'1','MJYE056','019888','2017-03-18',4,1,119,3,2,1),(1088,'1','MJYE052','011339','2017-03-18',4,1,120,3,2,1),(1089,'1','MJYE894','011324','2017-03-18',4,1,121,3,2,1),(1090,'1','MJYE035','024125','2017-03-18',4,1,122,3,2,1),(1091,'1','MJYE979','024126','2017-03-18',4,1,123,3,2,1),(1092,'1','MJYE974','011315','2017-03-18',4,1,124,3,2,1),(1093,'1','MJPWF88','024643','2017-03-18',6,1,125,3,2,1),(1094,'1','MJPWK09','024763','2017-03-18',6,1,126,3,2,1),(1095,'1','MJEDRAF','024061','2017-03-18',9,1,127,3,2,1),(1096,'1','MJYE054','014717','2017-03-18',4,1,128,3,2,1),(1097,'1','MJWYBP2','014718','2017-03-18',7,1,129,3,2,1),(1098,'1','MJPVE87','001441','2017-03-18',6,1,130,3,2,1),(1099,'1','MJYE044','019890','2017-03-18',4,1,131,3,2,1),(1100,'1','MJYE059','019819','2017-03-18',4,1,132,3,2,1),(1101,'1','MJEDPXF','019826','2017-03-18',9,1,133,3,2,1),(1102,'1','MJEDPYB','019806','2017-03-18',9,1,134,3,2,1),(1103,'1','MJEDZCC','024129','2017-03-18',9,1,135,3,2,1),(1104,'1','MJEDVCX','011526','2017-03-18',9,1,136,3,2,1),(1105,'1','MJDEZBZ','014722','2017-03-18',9,1,137,3,2,1),(1106,'1','MJ1018K','019857','2017-03-18',12,1,138,3,2,1),(1107,'1','MJ018XYQ','020618','2017-03-18',12,1,139,3,2,1),(1108,'1','MJEDZ8W','017425','2017-03-18',9,1,140,3,2,1),(1109,'1','MJVDDBG','024130','2017-03-18',7,1,141,3,2,1),(1110,'1','MJGMCNX','019914','2017-03-18',9,1,142,3,2,1),(1111,'1','MXL04018YZ','002223','2017-03-18',10,1,143,3,2,1),(1112,'1','MXL04018TT','024853','2017-03-18',10,2,144,3,2,1),(1113,'1','MJPWG68','024591','2017-03-18',6,1,145,3,2,1),(1114,'1','MJEDVLB','024860','2017-03-18',9,1,146,3,2,1),(1115,'1','MJEDTTV','014768','2017-03-18',9,1,147,3,2,1),(1116,'1','MJ2HK28','024597','2017-03-18',6,1,148,3,2,1),(1117,'1','MJPWF21','024839','2017-03-18',6,1,149,3,2,1),(1118,'1','MJKCH99','024630','2017-03-18',6,1,150,3,2,1),(1119,'1','MJYE070','024835','2017-03-18',6,1,151,3,2,1),(1120,'1','MJ018X5A','014997','2017-03-18',12,1,152,3,2,1),(1121,'1','MJPWG26','002211','2017-03-18',6,1,153,3,2,1),(1122,'1','MJ018Y2S','019824','2017-03-18',12,1,154,3,2,1),(1123,'1','REVISAR','REVISAR','2017-03-18',99,99,155,3,2,1),(1124,'1','MJEDPYC','008910','2017-03-18',9,1,156,3,2,1),(1125,'1','MJPWH63','002513','2017-03-18',6,1,157,3,2,1),(1126,'1','MJEDTVB','019820','2017-03-18',9,1,158,3,2,1),(1127,'1','MJPWK69','002511','2017-03-18',6,1,159,3,2,1),(1128,'1','MJEDVEC','011499','2017-03-18',9,1,160,3,2,1),(1129,'1','MJEDPXD','024257','2017-03-18',9,1,161,3,2,1),(1130,'1','MJEDTZE','010205','2017-03-18',9,1,162,3,2,1),(1131,'1','V1PR691','010150','2017-03-18',9,1,163,3,2,1),(1132,'1','MJPWF01','014711','2017-03-18',6,1,164,3,2,1),(1133,'1','MJEDZAH','011305','2017-03-18',9,1,165,3,2,1),(1134,'1','REVISAR','014711','2017-03-18',6,1,166,3,2,1),(1135,'1','MJPWF86','002521','2017-03-18',6,1,167,3,2,1),(1136,'1','MJEDPXB','024259','2017-03-18',9,1,168,3,2,1),(1137,'1','MJEDTYP','010198','2017-03-18',9,1,169,3,2,1),(1138,'1','MJPWA78','014712','2017-03-18',6,1,170,3,2,1),(1139,'1','MJZDTZK','024260','2017-03-18',9,1,171,3,2,1),(1140,'1','MJEDRCG','008906','2017-03-18',9,1,172,3,2,1),(1141,'1','MJPWH12','019856','2017-03-18',6,1,173,3,2,1),(1142,'1','MJ018XX5','019834','2017-03-18',12,1,174,3,2,1),(1143,'1','MJEDTPG','024160','2017-03-18',9,1,175,3,2,1),(1144,'1','MJBFXCZ','014505','2017-03-18',2,1,176,3,2,1),(1145,'1','MJEDTPE','024263','2017-03-18',9,1,177,3,2,1),(1146,'1','MJEDZCY','024262','2017-03-18',9,1,178,3,2,1),(1147,'1','MJYE064','024336','2017-03-18',4,1,179,3,2,1),(1148,'1','MJYEDTYT','010191','2017-03-18',9,1,180,3,2,1),(1149,'1','MJEDVHG','024123','2017-03-18',9,1,181,3,2,1),(1150,'1','MJ018Y1P','014981','2017-03-18',12,1,182,3,2,1),(1151,'1','MJEDYTL','010193','2017-03-18',9,1,183,3,2,1),(1152,'1','MJ018XS9','014985','2017-03-18',12,1,184,3,2,1),(1153,'1','MJEDTYW','014599','2017-03-18',9,1,185,3,2,1),(1154,'1','MJ018Y13','015710','2017-03-18',12,1,186,3,2,1),(1155,'1','MJYE058','024566','2017-03-18',4,1,187,3,2,1),(1156,'1','MJPWH27','002398','2017-03-18',6,1,190,3,2,1),(1157,'1','MJ018XXF','019862','2017-03-18',12,1,191,3,2,1),(1158,'1','MJERDRB','024762','2017-03-18',9,1,192,3,2,1),(1159,'1','MJEDTPH','024862','2017-03-18',9,1,193,3,2,1),(1160,'1','MJYE047','016482','2017-03-18',4,1,194,3,2,1),(1161,'1','MJPWAB1','002312','2017-03-18',6,1,195,3,2,1),(1162,'1','MJ018Y0T','019861','2017-03-18',12,1,196,3,2,1),(1163,'1','MJ018Y1F','019863','2017-03-18',12,1,197,3,2,1),(1164,'1','MJPWG09','019827','2017-03-18',6,1,198,3,2,1),(1165,'1','MXL04018WS','024335','2017-03-18',10,2,199,3,2,1),(1166,'1','MJ018XXJ','019823','2017-03-18',12,1,200,3,2,1),(1167,'1','MJ018YZN','019848','2017-03-18',12,1,201,3,2,1),(1168,'1','MJ018Y2P','019816','2017-03-18',12,1,202,3,2,1),(1169,'1','VNAC25B','001219','2017-03-18',19,1,1,4,3,1),(1170,'1','VNABYLR','001314','2017-03-18',19,1,2,4,3,1),(1171,'1','V1ZT615','010219','2017-03-18',16,1,3,4,3,1),(1172,'1','VNABWMB','012710','2017-03-18',19,1,4,4,3,1),(1173,'1','VNALZNY','001041','2017-03-18',19,1,5,4,3,1),(1174,'1','VNAC011','001436','2017-03-18',19,1,6,4,3,1),(1175,'1','VNAC25Y','000877','2017-03-18',19,1,7,4,3,1),(1176,'1','VNAC25P','001439','2017-03-18',19,1,8,4,3,1),(1177,'1','VNAC257','001445','2017-03-18',19,1,9,4,3,1),(1178,'1','V1ZT565','010003','2017-03-18',16,1,10,4,3,1),(1179,'1','V1PR665','011125','2017-03-18',16,1,11,4,3,1),(1180,'1','VNABYM5','001201','2017-03-18',19,1,12,4,3,1),(1181,'1','VNABY5Y','001791','2017-03-18',19,1,13,4,3,1),(1182,'1','VNABYLX','001457','2017-03-18',19,1,14,4,3,1),(1183,'1','VNABYMB','001055','2017-03-18',19,1,15,4,3,1),(1184,'1','V1ALK03','010490','2017-03-18',16,1,16,4,3,1),(1185,'1','VNALZNX','001178','2017-03-18',19,1,17,4,3,1),(1186,'1','V1PP837','010246','2017-03-18',16,1,18,4,3,1),(1187,'1','V1ALH94','012750','2017-03-18',16,1,19,4,3,1),(1188,'1','VNAC26B','001081','2017-03-18',19,1,20,4,3,1),(1189,'1','V1BCP73','011128','2017-03-18',16,1,21,4,3,1),(1190,'1','V1BMF75','010369','2017-03-18',16,1,22,4,3,1),(1191,'1','V1BMF69','010244','2017-03-18',16,1,23,4,3,1),(1192,'1','V256557','000161','2017-03-18',16,1,24,4,3,1),(1193,'1','V1PR575','010660','2017-03-18',16,1,25,4,3,1),(1194,'1','V1BMF74','010376','2017-03-18',16,1,26,4,3,1),(1195,'1','V1PR660','010306','2017-03-18',16,1,27,4,3,1),(1196,'1','V1BCP62','010377','2017-03-18',16,1,28,4,3,1),(1197,'1','VNALZRP','000791','2017-03-18',19,1,29,4,3,1),(1198,'1','V1PR628','010375','2017-03-18',16,1,30,4,3,1),(1199,'1','V1ZT638','010374','2017-03-18',16,1,31,4,3,1),(1200,'1','V1BCP97','010243','2017-03-18',16,1,32,4,3,1),(1201,'1','V1ALK60','011142','2017-03-18',16,1,33,4,3,1),(1202,'1','V1BMG45','010214','2017-03-18',16,1,34,4,3,1),(1203,'1','V1PP680','010213','2017-03-18',16,1,35,4,3,1),(1204,'1','V1BMF96','010727','2017-03-18',16,1,36,4,3,1),(1205,'1','V1BCP92','010212','2017-03-18',16,1,37,4,3,1),(1206,'1','VNABZVH','001023','2017-03-18',19,1,38,4,3,1),(1207,'1','V1PP835','010209','2017-03-18',16,1,39,4,3,1),(1208,'1','VNAC265','000998','2017-03-18',19,1,40,4,3,1),(1209,'1','V1BMF98','010210','2017-03-18',16,1,41,4,3,1),(1210,'1','V1ALZTO','001137','2017-03-18',19,1,42,4,3,1),(1211,'1','V1ALK01','011139','2017-03-18',16,1,43,4,3,1),(1212,'1','VNALZRM','001008','2017-03-18',19,1,44,4,3,1),(1213,'1','V1BCP98','010304','2017-03-18',16,1,45,4,3,1),(1214,'1','VNALZV8','001026','2017-03-18',19,1,46,4,3,1),(1215,'1','VNALZPZ','001035','2017-03-18',19,1,47,4,3,1),(1216,'1','VNABWNW','001869','2017-03-18',19,1,48,4,3,1),(1217,'1','VNALZT7','001029','2017-03-18',19,1,49,4,3,1),(1218,'1','VNAC27N','001053','2017-03-18',19,1,50,4,3,1),(1219,'1','VNALZRH','001038','2017-03-18',19,1,51,4,3,1),(1220,'1','VNALZRX','001044','2017-03-18',19,1,52,4,3,1),(1221,'1','VNALZTL','001047','2017-03-18',19,1,53,4,3,1),(1222,'1','VNAHP7B','001050','2017-03-18',19,1,54,4,3,1),(1223,'1','VNALZRG','001163','2017-03-18',19,1,55,4,3,1),(1224,'1','VNALZV6','001166','2017-03-18',19,1,56,4,3,1),(1225,'1','VNALZRT','001169','2017-03-18',19,1,57,4,3,1),(1226,'1','VNALZV9','001172','2017-03-18',19,1,58,4,3,1),(1227,'1','VNALZRV','001175','2017-03-18',19,1,59,4,3,1),(1228,'1','V1BCP93','010305','2017-03-18',16,1,60,4,3,1),(1229,'1','VNALZRF','001181','2017-03-18',19,1,61,4,3,1),(1230,'1','VNALZML','001184','2017-03-18',19,1,62,4,3,1),(1231,'1','VNALZVG','001187','2017-03-18',19,1,63,4,3,1),(1232,'1','CNC038NR1Y','001993','2017-03-18',23,2,64,4,3,1),(1233,'1','VNALZRD','001421','2017-03-18',19,1,65,4,3,1),(1234,'1','VNALZTG','001020','2017-03-18',19,1,66,4,3,1),(1235,'1','VNALZT8','001409','2017-03-18',19,1,67,4,3,1),(1236,'1','VNAC00R','001210','2017-03-18',19,1,68,4,3,1),(1237,'1','V256507','008695','2017-03-18',16,1,69,4,3,1),(1238,'1','VQPR650','011140','2017-03-18',16,1,70,4,3,1),(1239,'1','VNALZRR','001418','2017-03-18',19,1,71,4,3,1),(1240,'1','VNALZT9','001415','2017-03-18',19,1,72,4,3,1),(1241,'1','VNALZV4','001412','2017-03-18',19,1,73,4,3,1),(1242,'1','VNABYNV','001237','2017-03-18',19,1,74,4,3,1),(1243,'1','VNALZTM','001406','2017-03-18',19,1,75,4,3,1),(1244,'1','VNALZT6','001403','2017-03-18',19,1,76,4,3,1),(1245,'1','VNABZT2','001100','2017-03-18',19,1,77,4,3,1),(1246,'1','VNAC259','001070','2017-03-18',19,1,78,4,3,1),(1247,'1','VNABYNG','001094','2017-03-18',19,1,79,4,3,1),(1248,'1','V1PR671','014616','2017-03-18',16,1,80,4,3,1),(1249,'1','VNABYMH','001087','2017-03-18',19,1,81,4,3,1),(1250,'1','V1ZT578','010311','2017-03-18',16,1,82,4,3,1),(1251,'1','VNABYMN','001084','2017-03-18',19,1,83,4,3,1),(1252,'1','VNAC28Z','001079','2017-03-18',19,1,84,4,3,1),(1253,'1','VNABYLL','001076','2017-03-18',19,1,85,4,3,1),(1254,'1','VNABYMX','001073','2017-03-18',19,1,86,4,3,1),(1255,'1','VNABYLB','001097','2017-03-18',19,1,87,4,3,1),(1256,'1','VNABY7W','001067','2017-03-18',19,1,88,4,3,1),(1257,'1','VNABYMG','001064','2017-03-18',19,1,89,4,3,1),(1258,'1','VNABYLW','001061','2017-03-18',19,1,90,4,3,1),(1259,'1','V1ZT549','010215','2017-03-18',16,1,91,4,3,1),(1260,'1','VNALZRY','001125','2017-03-18',19,1,92,4,3,1),(1261,'1','VNABYN1','000958','2017-03-18',19,1,93,4,3,1),(1262,'1','VNABZR7','000871','2017-03-18',19,1,94,4,3,1),(1263,'1','V1PR713','010087','2017-03-18',16,1,95,4,3,1),(1264,'1','V1BCP53','010267','2017-03-18',16,1,96,4,3,1),(1265,'1','VNABWP4','001773','2017-03-18',19,1,97,4,3,1),(1266,'1','VNABZRD','001460','2017-03-18',19,1,98,4,3,1),(1267,'1','VNABZR4','001463','2017-03-18',19,1,99,4,3,1),(1268,'1','VNABYML','001466','2017-03-18',19,1,100,4,3,1),(1269,'1','VNABYN3','001469','2017-03-18',19,1,101,4,3,1),(1270,'1','VNAC28N','001472','2017-03-18',19,1,102,4,3,1),(1271,'1','VNABZR8','001475','2017-03-18',19,1,103,4,3,1),(1272,'1','VNAC28W','001478','2017-03-18',19,1,104,4,3,1),(1273,'1','VNAC214','001481','2017-03-18',19,1,105,4,3,1),(1274,'1','VNABZT8','001484','2017-03-18',19,1,106,4,3,1),(1275,'1','VNALZLK','001128','2017-03-18',19,1,107,4,3,1),(1276,'1','VNABYLD','001337','2017-03-18',19,1,108,4,3,1),(1277,'1','VNABZRB','001335','2017-03-18',19,1,109,4,3,1),(1278,'1','VNABYN5','001331','2017-03-18',19,1,110,4,3,1),(1279,'1','VNAC25C','001328','2017-03-18',19,1,111,4,3,1),(1280,'1','VNABZPK','001325','2017-03-18',19,1,112,4,3,1),(1281,'1','VNAC25H','001322','2017-03-18',19,1,113,4,3,1),(1282,'1','VNABZR3','001319','2017-03-18',19,1,114,4,3,1),(1283,'1','VNABYM7','001317','2017-03-18',19,1,115,4,3,1),(1284,'1','VNABYNB','001427','2017-03-18',19,1,116,4,3,1),(1285,'1','VNABZRW','001311','2017-03-18',19,1,117,4,3,1),(1286,'1','VNALZV3','001196','2017-03-18',19,1,122,4,3,1),(1287,'1','V1PR696','010443','2017-03-18',16,1,119,4,3,1),(1288,'1','VNALZTN','001005','2017-03-18',19,1,120,4,3,1),(1289,'1','V1PR684','010037','2017-03-18',16,1,121,4,3,1),(1290,'1','VNABZTB','001448','2017-03-18',19,1,118,4,3,1),(1291,'1','VNAC281','001287','2017-03-18',19,1,123,4,3,1),(1292,'1','VNALK53','011630','2017-03-18',16,1,124,4,3,1),(1293,'1','VNALZPN','001433','2017-03-18',19,1,125,4,3,1),(1294,'1','VNAC250','001273','2017-03-18',19,1,126,4,3,1),(1295,'1','VNABZW5','001270','2017-03-18',19,1,127,4,3,1),(1296,'1','VNACOF1','001267','2017-03-18',19,1,128,4,3,1),(1297,'1','V1ALK02','010488','2017-03-18',16,1,129,4,3,1),(1298,'1','VNAC25T','001294','2017-03-18',19,1,130,4,3,1),(1299,'1','VNALZT4','001134','2017-03-18',19,1,131,4,3,1),(1300,'1','VNABYLY','001255','2017-03-18',19,1,132,4,3,1),(1301,'1','VNABYMZ','001252','2017-03-18',19,1,133,4,3,1),(1302,'1','VNABYMF','001249','2017-03-18',19,1,134,4,3,1),(1303,'1','VNABZTF','001246','2017-03-18',19,1,135,4,3,1),(1304,'1','V1ADB83','002080','2017-03-18',16,1,136,4,3,1),(1305,'1','V1ZT601','010023','2017-03-18',16,1,137,4,3,1),(1306,'1','VNALZTD','011190','2017-03-18',19,1,138,4,3,1),(1307,'1','VNABZRX','001234','2017-03-18',19,1,139,4,3,1),(1308,'1','V1PW200','010218','2017-03-18',16,1,140,4,3,1),(1309,'1','VNABZRA','001288','2017-03-18',19,1,141,4,3,1),(1310,'1','V1ZT545','010310','2017-03-18',16,1,142,4,3,1),(1311,'1','VNALZV1','001285','2017-03-18',19,1,143,4,3,1),(1312,'1','V1PR679','010283','2017-03-18',16,1,144,4,3,1),(1313,'1','VNABYLV','001213','2017-03-18',19,1,145,4,3,1),(1314,'1','VNABWPN','002138','2017-03-18',19,1,146,4,3,1),(1315,'1','CNC038NR58','001995','2017-03-18',23,2,147,4,3,1),(1316,'1','VNALYYD','001145','2017-03-18',19,1,148,4,3,1),(1317,'1','VNABZTR','001204','2017-03-18',19,1,149,4,3,1),(1318,'1','VNAC24Z','001442','2017-03-18',19,1,150,4,3,1),(1319,'1','VNABYLZ','000979','2017-03-18',19,1,151,4,3,1),(1320,'1','VNABYLG','000995','2017-03-18',19,1,152,4,3,1),(1321,'1','VNAC25A','000992','2017-03-18',19,1,153,4,3,1),(1322,'1','VNAC218','000989','2017-03-18',19,1,154,4,3,1),(1323,'1','VNAC216','000986','2017-03-18',19,1,155,4,3,1),(1324,'1','VNABYNT','000943','2017-03-18',19,1,156,4,3,1),(1325,'1','VNAC21A','001207','2017-03-18',19,1,157,4,3,1),(1326,'1','VNABZRM','001002','2017-03-18',19,1,158,4,3,1),(1327,'1','VNABZRF','000973','2017-03-18',19,1,159,4,3,1),(1328,'1','VNAC28K','000970','2017-03-18',19,1,160,4,3,1),(1329,'1','VNABYM1','000967','2017-03-18',19,1,161,4,3,1),(1330,'1','VNABYM3','000964','2017-03-18',19,1,162,4,3,1),(1331,'1','V1PR735','010378','2017-03-18',16,1,163,4,3,1),(1332,'1','V1PR608','010682','2017-03-18',16,1,164,4,3,1),(1333,'1','VNABYM9','001340','2017-03-18',19,1,165,4,3,1),(1334,'1','VNAC267','001058','2017-03-18',19,1,167,4,3,1),(1335,'1','V1PR624','010240','2017-03-18',16,1,168,4,3,1),(1336,'1','V1BMG14','010260','2017-03-18',16,1,169,4,3,1),(1337,'1','VNABZWM','000874','2017-03-18',19,1,170,4,3,1),(1338,'1','V1BMG27','010269','2017-03-18',16,1,171,4,3,1),(1339,'1','V1BFM80','010287','2017-03-18',16,1,172,4,3,1),(1340,'1','V1PR661','010491','2017-03-18',16,1,173,4,3,1),(1341,'1','V1PR702','010263','2017-03-18',16,1,174,4,3,1),(1342,'1','V1PR717','010262','2017-03-18',16,1,175,4,3,1),(1343,'1','V1HKD90','014799','2017-03-18',16,1,176,4,3,1),(1344,'1','V1BMG22','010264','2017-03-18',16,1,177,4,3,1),(1345,'1','V1PR670','010288','2017-03-18',16,1,178,4,3,1),(1346,'1','VNABZT5','001279','2017-03-18',19,1,179,4,3,1),(1347,'1','V1ZT597','010266','2017-03-18',16,1,180,4,3,1),(1348,'1','V1ZT617','010265','2017-03-18',16,1,181,4,3,1),(1349,'1','V1ZT590','010248','2017-03-18',16,1,182,4,3,1),(1350,'1','V1PR683','010247','2017-03-18',16,1,183,4,3,1),(1351,'1','VNA4087','002136','2017-03-18',16,1,184,4,3,1),(1352,'1','VNALZR0','001193','2017-03-18',19,1,185,4,3,1),(1353,'1','VNAR7R9','000850','2017-03-18',19,1,187,4,3,1),(1354,'1','V1BMG01','010018','2017-03-18',16,1,188,4,3,1),(1355,'1','V1PR710','010006','2017-03-18',16,1,189,4,3,1),(1356,'1','V1PR681','010220','2017-03-18',16,1,190,4,3,1),(1357,'1','V1ALK55','010497','2017-03-18',16,1,191,4,3,1),(1358,'1','V9-006YFA','024017','2017-03-18',20,1,192,4,3,1),(1359,'1','VNABY7Y','000841','2017-03-18',19,1,193,4,3,1),(1360,'1','V9-006YFK','024016','2017-03-18',20,1,194,4,3,1),(1361,'1','V256597','000088','2017-03-18',16,1,195,4,3,1),(1362,'1','VNABZTN','000862','2017-03-18',19,1,196,4,3,1),(1363,'1','V256024','008691','2017-03-18',16,1,197,4,3,1),(1364,'1','VNABZM9','000946','2017-03-18',19,1,198,4,3,1),(1365,'1','VNAC26D','000940','2017-03-18',19,1,199,4,3,1),(1366,'1','VNBK7X1','011688','2017-03-18',19,1,200,4,3,1),(1367,'1','VNA4D6A','002353','2017-03-18',19,1,201,4,3,1),(1368,'1','VNALZTC','001142','2017-03-18',19,1,202,4,3,1),(1369,'1','V1BCP71','010013','2017-03-18',16,1,203,4,3,1),(1370,'1','VNAL1VT','004613','2017-03-18',19,1,204,4,3,1),(1371,'1','V1ALK43','012721','2017-03-18',19,1,205,4,3,1),(1372,'1','VNALZVD','001118','2017-03-18',19,1,206,4,3,1),(1373,'1','VNAC00Z','000976','2017-03-18',19,1,207,4,3,1),(1374,'1','VNABWR0','001852','2017-03-18',19,1,208,4,3,1),(1375,'1','VNAC260','000883','2017-03-18',19,1,209,4,3,1),(1376,'1','VNABN1V','020650','2017-03-18',19,1,210,4,3,1),(1377,'1','VNABZT4','000835','2017-03-18',19,1,211,4,3,1),(1378,'1','REVISAR','015762','2017-03-18',99,3,212,4,3,1),(1379,'1','REVISAR','024002','2017-03-18',99,3,213,4,3,1),(1380,'1','REVISAR','015763','2017-03-18',99,3,214,4,3,1),(1381,'1','REVISAR','015765','2017-03-18',99,3,215,4,3,1),(1382,'1','REVISAR','015766','2017-03-18',99,3,216,4,3,1),(1383,'1','MJZKX61','001127','2017-03-18',6,1,1,4,3,1),(1384,'1','MJPVZ66','001776','2017-03-18',6,1,2,4,3,1),(1385,'1','MJPWH18','024261','2017-03-18',6,1,3,4,3,1),(1386,'1','MJEDTZW','018431','2017-03-18',9,1,4,4,3,1),(1387,'1','MJEDVKN','020949','2017-03-18',9,1,5,4,3,1),(1388,'1','MJEDVNL','024852','2017-03-18',9,1,6,4,3,1),(1389,'1','MJEDTVV','024851','2017-03-18',9,1,7,4,3,1),(1390,'1','MJEDVHP','019912','2017-03-18',9,1,8,4,3,1),(1391,'1','MJPWH45','020630','2017-03-18',6,1,9,4,3,1),(1392,'1','MJPWA14','024345','2017-03-18',6,1,10,4,3,1),(1393,'1','MJZKW21','020687','2017-03-18',6,1,11,4,3,1),(1394,'1','MJZKH33','020621','2017-03-18',6,1,12,4,3,1),(1395,'1','MJEDYZC','024097','2017-03-18',9,1,13,4,3,1),(1396,'1','MJPWG41','020610','2017-03-18',6,1,14,4,3,1),(1397,'1','MJEDTYN','024034','2017-03-18',9,1,15,4,3,1),(1398,'1','MJPWH92','011335','2017-03-18',6,1,16,4,3,1),(1399,'1','MJPWA69','018432','2017-03-18',6,1,17,4,3,1),(1400,'1','MJPZC42','020623','2017-03-18',6,1,18,4,3,1),(1401,'1','MJZHH65','018433','2017-03-18',6,1,19,4,3,1),(1402,'1','MJPWF17','000948','2017-03-18',6,1,20,4,3,1),(1403,'1','MJPWF36','014606','2017-03-18',6,1,21,4,3,1),(1404,'1','MJEDPYF','014736','2017-03-18',9,1,22,4,3,1),(1405,'1','MJZHK21','001150','2017-03-18',6,1,23,4,3,1),(1406,'1','MJZKG49','020609','2017-03-18',6,1,24,4,3,1),(1407,'1','MJZKH29','020662','2017-03-18',6,1,25,4,3,1),(1408,'1','MJPWA00','020643','2017-03-18',6,1,26,4,3,1),(1409,'1','MJZHK31','020622','2017-03-18',6,1,27,4,3,1),(1410,'1','MJZHK17','020619','2017-03-18',6,1,28,4,3,1),(1411,'1','MJZHH59','020603','2017-03-18',6,1,29,4,3,1),(1412,'1','MJZHK25','020665','2017-03-18',6,1,30,4,3,1),(1413,'1','MJZHK35','024016','2017-03-18',6,1,31,4,3,1),(1414,'1','MJPVF05','000906','2017-03-18',6,1,32,4,3,1),(1415,'1','MJPVZ80','024015','2017-03-18',6,1,33,4,3,1),(1416,'1','MJZKF02','020681','2017-03-18',6,1,34,4,3,1),(1417,'1','MJZKE99','020638','2017-03-18',6,1,35,4,3,1),(1418,'1','MJZHK42','020602','2017-03-18',6,1,36,4,3,1),(1419,'1','MJZHK23','020649','2017-03-18',6,1,37,4,3,1),(1420,'1','MJPWG54','014610','2017-03-18',6,1,38,4,3,1),(1421,'1','MJZHH66','020693','2017-03-18',6,1,39,4,3,1),(1422,'1','MJEDVBK','011195','2017-03-18',9,1,40,4,3,1),(1423,'1','MJPWK67','020670','2017-03-18',6,1,41,4,3,1),(1424,'1','MJGMCMV','017467','2017-03-18',9,1,42,4,3,1),(1425,'1','MJPWF02','001066','2017-03-18',6,1,43,4,3,1),(1426,'1','REVISAR','014795','2017-03-18',99,1,44,4,3,1),(1427,'1','MJPVD69','014776','2017-03-18',6,1,45,4,3,1),(1428,'1','MJPVZ51','020632','2017-03-18',6,1,46,4,3,1),(1429,'1','MJZHK27','024012','2017-03-18',6,1,47,4,3,1),(1430,'1','MJZKX72','024011','2017-03-18',6,1,48,4,3,1),(1431,'1','MJPWH47','024010','2017-03-18',6,1,49,4,3,1),(1432,'1','MJPVE85','020660','2017-03-18',6,1,50,4,3,1),(1433,'1','MJZHK34','024214','2017-03-18',6,1,51,4,3,1),(1434,'1','MJPWE99','020616','2017-03-18',6,1,52,4,3,1),(1435,'1','MJZKX83','001046','2017-03-18',6,1,53,4,3,1),(1436,'1','MJZHK37','024313','2017-03-18',6,1,54,4,3,1),(1437,'1','MJPVD56','000831','2017-03-18',6,1,55,4,3,1),(1438,'1','MJZKX69','020608','2017-03-18',6,1,56,4,3,1),(1439,'1','MJPV204','014601','2017-03-18',6,1,57,4,3,1),(1440,'1','MJPZC15','020631','2017-03-18',6,1,58,4,3,1),(1441,'1','MJPZKX70','020669','2017-03-18',6,1,59,4,3,1),(1442,'1','MJZHK18','001043','2017-03-18',6,1,60,4,3,1),(1443,'1','MJPWF03','001447','2017-03-18',6,1,61,4,3,1),(1444,'1','MJPWF89','000997','2017-03-18',6,1,62,4,3,1),(1445,'1','MJPWG75','020694','2017-03-18',6,1,63,4,3,1),(1446,'1','MJZHK13','024847','2017-03-18',6,1,64,4,3,1),(1447,'1','MJPWH46','014794','2017-03-18',6,1,65,4,3,1),(1448,'1','MJPWF51','001296','2017-03-18',6,1,66,4,3,1),(1449,'1','MJEDTWM','024594','2017-03-18',9,1,67,4,3,1),(1450,'1','MJPVZ86','001477','2017-03-18',6,1,68,4,3,1),(1451,'1','MJPWF44','017524','2017-03-18',6,1,69,4,3,1),(1452,'1','MJZKH65','020629','2017-03-18',6,1,70,4,3,1),(1453,'1','MJPWH09','017532','2017-03-18',6,1,71,4,3,1),(1454,'1','MJZKW44','014775','2017-03-18',6,1,72,4,3,1),(1455,'1','MJZKW79','001153','2017-03-18',6,1,73,4,3,1),(1456,'1','MJZHK40','010667','2017-03-18',6,1,74,4,3,1),(1457,'1','MJZKH31','014789','2017-03-18',6,1,75,4,3,1),(1458,'1','MJEDPXL','024007','2017-03-18',9,1,76,4,3,1),(1459,'1','MJERDRC','024176','2017-03-18',6,1,77,4,3,1),(1460,'1','MJZHK24','020679','2017-03-18',6,1,78,4,3,1),(1461,'1','MJPWK11','019822','2017-03-18',6,1,79,4,3,1),(1462,'1','MJZKH39','020696','2017-03-18',6,1,80,4,3,1),(1463,'1','MJPWA02','017526','2017-03-18',6,1,81,4,3,1),(1464,'1','MJPWH78','001086','2017-03-18',6,1,82,4,3,1),(1465,'1','MJPWK29','017502','2017-03-18',6,1,83,4,3,1),(1466,'1','MJPVY93','020628','2017-03-18',6,1,84,4,3,1),(1467,'1','MJPVE21','020678','2017-03-18',6,1,85,4,3,1),(1468,'1','MJPWG57','020653','2017-03-18',6,1,86,4,3,1),(1469,'1','MJZKH62','020658','2017-03-18',6,1,87,4,3,1),(1470,'1','MJZKW81','020652','2017-03-18',6,1,88,4,3,1),(1471,'1','MJPWA05','024109','2017-03-18',6,1,89,4,3,1),(1472,'1','MJZHK29','020620','2017-03-18',6,1,90,4,3,1),(1473,'1','MJPWH89','017559','2017-03-18',6,1,91,4,3,1),(1474,'1','MJGMCPT','014568','2017-03-18',9,1,92,4,3,1),(1475,'1','MJZKW78','001124','2017-03-18',6,1,93,4,3,1),(1476,'1','MJGMCPR','014753','2017-03-18',9,1,94,4,3,1),(1477,'1','MJPVF09','020648','2017-03-18',6,1,95,4,3,1),(1478,'1','MJGMCNT','014761','2017-03-18',9,1,96,4,3,1),(1479,'1','MJPWK59','024344','2017-03-18',6,1,97,4,3,1),(1480,'1','MJZHK26','020684','2017-03-18',6,1,98,4,3,1),(1481,'1','MJZKF03','024217','2017-03-18',6,1,99,4,3,1),(1482,'1','MJPWG28','018411','2017-03-18',6,1,100,4,3,1),(1483,'1','MJPWK63','001054','2017-03-18',6,1,101,4,3,1),(1484,'1','MJPWF22','020699','2017-03-18',6,1,102,4,3,1),(1485,'1','MJPWH44','024218','2017-03-18',6,1,103,4,3,1),(1486,'1','MJKCK92','018500','2017-03-18',6,1,104,4,3,1),(1487,'1','MJPWF40','001480','2017-03-18',6,1,105,4,3,1),(1488,'1','MJPWH48','024856','2017-03-18',6,1,106,4,3,1),(1489,'1','REVISAR','018434','2017-03-18',99,1,107,4,3,1),(1490,'1','MJPWF33','024854','2017-03-18',6,1,108,4,3,1),(1491,'1','MJPWG39','024219','2017-03-18',6,1,109,4,3,1),(1492,'1','MJPVE23','001069','2017-03-18',6,1,110,4,3,1),(1493,'1','MJPVZ11','020689','2017-03-18',6,1,111,4,3,1),(1494,'1','MJZHH58','014783','2017-03-18',6,1,112,4,3,1),(1495,'1','MJPVE58','001078','2017-03-18',6,1,113,4,3,1),(1496,'1','MJPVY99','024220','2017-03-18',6,1,114,4,3,1),(1497,'1','MJPVY97','001474','2017-03-18',6,1,115,4,3,1),(1498,'1','MJPWF13','020690','2017-03-18',6,1,116,4,3,1),(1499,'1','MJZHH62','020685','2017-03-18',6,1,117,4,3,1),(1500,'1','REVISAR','024179','2017-03-18',99,1,122,4,3,1),(1501,'1','MJGMCPK','010043','2017-03-18',9,1,119,4,3,1),(1502,'1','MJPWG84','001186','2017-03-18',6,1,120,4,3,1),(1503,'1','MJPWE91','020644','2017-03-18',6,1,121,4,3,1),(1504,'1','MJPWF37','001236','2017-03-18',6,1,118,4,3,1),(1505,'1','MJZHH63','020613','2017-03-18',6,1,123,4,3,1),(1506,'1','MJPVZ12','020633','2017-03-18',6,1,124,4,3,1),(1507,'1','MJZKW25','014786','2017-03-18',6,1,125,4,3,1),(1508,'1','MJPWH51','020676','2017-03-18',6,1,126,4,3,1),(1509,'1','MJDZB92','020654','2017-03-18',6,1,127,4,3,1),(1510,'1','MJPVZ54','001215','2017-03-18',6,1,128,4,3,1),(1511,'1','MJPWF11','014785','2017-03-18',6,1,129,4,3,1),(1512,'1','MJZKH66','020671','2017-03-18',6,1,130,4,3,1),(1513,'1','MJPWA68','014798','2017-03-18',6,1,131,4,3,1),(1514,'1','MJPWK70','012713','2017-03-18',6,1,132,4,3,1),(1515,'1','MJPWG56','024221','2017-03-18',6,1,133,4,3,1),(1516,'1','MJPZD4D','020637','2017-03-18',6,1,134,4,3,1),(1517,'1','MJPVE18','014782','2017-03-18',6,1,135,4,3,1),(1518,'1','MJBFWYX','024145','2017-03-18',2,1,136,4,3,1),(1519,'1','MJZKF17','001031','2017-03-18',6,1,137,4,3,1),(1520,'1','MJZHK30','020672','2017-03-18',6,1,138,4,3,1),(1521,'1','MJPWF38','001063','2017-03-18',6,1,139,4,3,1),(1522,'1','MJZKW48','014779','2017-03-18',6,1,140,4,3,1),(1523,'1','MJPWE87','014781','2017-03-18',6,1,141,4,3,1),(1524,'1','MJPWA40','014788','2017-03-18',6,1,142,4,3,1),(1525,'1','MJZKW71','024110','2017-03-18',6,1,143,4,3,1),(1526,'1','MJZHK15','014777','2017-03-18',6,1,144,4,3,1),(1527,'1','MJEDVNK','010780','2017-03-18',9,1,145,4,3,1),(1528,'1','MJPWF04','024013','2017-03-18',6,1,146,4,3,1),(1529,'1','MJPVZ20','017520','2017-03-18',6,1,147,4,3,1),(1530,'1','MJGMCNF','017417','2017-03-18',9,1,148,4,3,1),(1531,'1','MJPVZ79','001483','2017-03-18',6,1,149,4,3,1),(1532,'1','MJKCH99','024222','2017-03-18',6,1,150,4,3,1),(1533,'1','MJPVZ55','014787','2017-03-18',6,1,151,4,3,1),(1534,'1','MJPWK61','024044','2017-03-18',6,1,152,4,3,1),(1535,'1','MJPWF12','001080','2017-03-18',6,1,153,4,3,1),(1536,'1','MJPWA61','024030','2017-03-18',6,1,154,4,3,1),(1537,'1','MJPWK43','024104','2017-03-18',6,1,155,4,3,1),(1538,'1','MJPWA73','024845','2017-03-18',6,1,156,4,3,1),(1539,'1','MJPWA77','011232','2017-03-18',6,1,157,4,3,1),(1540,'1','MJ2KW50','024005','2017-03-18',6,1,158,4,3,1),(1541,'1','MJYPVF08','014791','2017-03-18',6,1,159,4,3,1),(1542,'1','MJPV283','024031','2017-03-18',6,1,160,4,3,1),(1543,'1','MJPWG55','014780','2017-03-18',6,1,161,4,3,1),(1544,'1','MJPWE97','014792','2017-03-18',6,1,162,4,3,1),(1545,'1','MJPWF14','001096','2017-03-18',6,1,163,4,3,1),(1546,'1','MJZHK35','020686','2017-03-18',6,1,164,4,3,1),(1547,'1','MJTDEXV','019905','2017-03-18',9,1,165,4,3,1),(1548,'1','REVISAR','018438','2017-03-18',99,1,167,4,3,1),(1549,'1','MJPVF01','014796','2017-03-18',6,1,168,4,3,1),(1550,'1','MJEDVAF','024333','2017-03-18',9,1,169,4,3,1),(1551,'1','MJPVE13','020605','2017-03-18',6,1,170,4,3,1),(1552,'1','MJPWF39','020666','2017-03-18',6,1,171,4,3,1),(1553,'1','MJPWH33','000918','2017-03-18',6,1,172,4,3,1),(1554,'1','MJPWA04','024855','2017-03-18',6,1,173,4,3,1),(1555,'1','MJPWH79','014793','2017-03-18',6,1,174,4,3,1),(1556,'1','MJPVZ61','024032','2017-03-18',6,1,175,4,3,1),(1557,'1','MJPWA90','014721','2017-03-18',6,1,176,4,3,1),(1558,'1','MJZKE97','020647','2017-03-18',6,1,177,4,3,1),(1559,'1','MJPWE98','020617','2017-03-18',6,1,178,4,3,1),(1560,'1','MJPWG58','024846','2017-03-18',6,1,179,4,3,1),(1561,'1','MJPWF41','020673','2017-03-18',6,1,180,4,3,1),(1562,'1','MJEDTXM','018404','2017-03-18',9,1,181,4,3,1),(1563,'1','MJPVZ02','018400','2017-03-18',6,1,182,4,3,1),(1564,'1','MJPWH28','024033','2017-03-18',6,1,183,4,3,1),(1565,'1','MJEDTYK','024006','2017-03-18',9,1,184,4,3,1),(1566,'1','MJPWF43','024215','2017-03-18',6,1,185,4,3,1),(1567,'1','MJZKH28','000846','2017-03-18',6,1,187,4,3,1),(1568,'1','MJPWF10','001105','2017-03-18',6,1,188,4,3,1),(1569,'1','MJEDVMY','010274','2017-03-18',9,1,189,4,3,1),(1570,'1','MJZHK19','014602','2017-03-18',6,1,190,4,3,1),(1571,'1','MJGMCPW','014737','2017-03-18',9,1,191,4,3,1),(1572,'1','MJPVZ76','019845','2017-03-18',6,1,192,4,3,1),(1573,'1','MJEDTWG','010733','2017-03-18',9,1,193,4,3,1),(1574,'1','MJZHK20','017503','2017-03-18',6,1,194,4,3,1),(1575,'1','MJEDTZY','024158','2017-03-18',9,1,195,4,3,1),(1576,'1','MJZKG40','000849','2017-03-18',6,1,196,4,3,1),(1577,'1','MJPWH53','014797','2017-03-18',6,1,197,4,3,1),(1578,'1','MJEDRBE','014701','2017-03-18',9,1,198,4,3,1),(1579,'1','MJZHK14','014611','2017-03-18',6,1,199,4,3,1),(1580,'1','MJPZC23','014778','2017-03-18',6,1,200,4,3,1),(1581,'1','MJEDTXX','019906','2017-03-18',9,1,201,4,3,1),(1582,'1','MJPVE16','020606','2017-03-18',6,1,202,4,3,1),(1583,'1','MJPWK28','000864','2017-03-18',6,1,203,4,3,1),(1584,'1','MJEDVHR','024078','2017-03-18',9,1,204,4,3,1),(1585,'1','MJPVY96','024598','2017-03-18',6,1,205,4,3,1),(1586,'1','MJPWA87','024801','2017-03-18',6,1,206,4,3,1),(1587,'1','MJ018XV3','014979','2017-03-18',12,1,207,4,3,1),(1588,'1','REVISAR','014734','2017-03-18',99,1,208,4,3,1),(1589,'1','REVISAR','018419','2017-03-18',99,1,209,4,3,1),(1590,'1','MJPVF06','024040','2017-03-18',6,1,210,4,3,1),(1591,'1','MJEDRAC','014735','2017-03-18',9,1,211,4,3,1),(1592,'1','5D71Y12','015760','2017-03-18',99,3,212,4,3,1),(1593,'1','5D71Y12','024001','2017-03-18',99,3,213,4,3,1),(1594,'1','REVISAR','024035','2017-03-18',99,3,214,4,3,1),(1595,'1','5D62X12','015759','2017-03-18',99,3,215,4,3,1),(1596,'1','5D73Y12','014898','2017-03-18',99,3,216,4,3,1),(1597,'1','VNBMF90','010355','2017-03-18',19,1,1,4,4,1),(1598,'1','V1ALK36','014747','2017-03-18',16,1,2,4,4,1),(1599,'1','CNC038NQ6V','001997','2017-03-18',23,2,3,4,4,1),(1600,'1','CNC038NNY9','002001','2017-03-18',23,2,4,4,4,1),(1601,'1','V1BCP99','010348','2017-03-18',16,1,5,4,4,1),(1602,'1','V1BCP57','010367','2017-03-18',16,1,6,4,4,1),(1603,'1','V1BCP58','010285','2017-03-18',16,1,7,4,4,1),(1604,'1','V1ALH99','010485','2017-03-18',16,1,8,4,4,1),(1605,'1','VNALZVA','001032','2017-03-18',19,1,9,4,4,1),(1606,'1','V1ALK10','010428','2017-03-18',16,1,10,4,4,1),(1607,'1','VNABWPM','001799','2017-03-18',19,1,11,4,4,1),(1608,'1','CNC038NNQG','002024','2017-03-18',23,2,12,4,4,1),(1609,'1','VNABZT9','001300','2017-03-18',19,1,15,4,4,1),(1610,'1','V9-006ZYM','015701','2017-03-18',20,1,19,15,4,1),(1611,'1','V1BMF97','010720','2017-03-18',19,1,21,4,4,1),(1612,'1','V9-0070XT','015753','2017-03-18',20,1,22,4,4,1),(1613,'1','V1PW266','010349','2017-03-18',16,1,26,4,4,1),(1614,'1','VNABZRN','000853','2017-03-18',19,1,27,4,4,1),(1615,'1','V1PW213','017577','2017-03-18',16,1,28,4,4,1),(1616,'1','CNC038NR41','002006','2017-03-18',23,2,29,4,4,1),(1617,'1','V1ALK39','024062','2017-03-18',16,1,30,4,4,1),(1618,'1','VNALZTT','001115','2017-03-18',19,1,31,6,4,1),(1619,'1','VNAB2TV','024075','2017-03-18',19,1,32,6,4,1),(1620,'1','V1ZT594','010050','2017-03-18',16,1,33,6,4,1),(1621,'1','V1PC545','008731','2017-03-18',19,1,34,6,4,1),(1622,'1','V1BMG24','010045','2017-03-18',16,1,35,6,4,1),(1623,'1','V1ALKV9','012753','2017-03-18',16,1,36,6,4,1),(1624,'1','VNAC1V5','001789','2017-03-18',19,1,37,6,4,1),(1625,'1','VNALZR6','001222','2017-03-18',19,1,38,6,4,1),(1626,'1','VNABY6T','000802','2017-03-18',19,1,39,8,4,1),(1627,'1','VNABZTD','001243','2017-03-18',19,1,40,8,4,1),(1628,'1','VNABYGZ','000913','2017-03-18',19,1,41,8,4,1),(1629,'1','VNABZRL','000907','2017-03-18',19,1,42,8,4,1),(1630,'1','VNABY73','001610','2017-03-18',16,1,43,8,4,1),(1631,'1','VNALZTF','001430','2017-03-18',19,1,44,8,4,1),(1632,'1','VNALZTW','000788','2017-03-18',19,1,45,8,4,1),(1633,'1','VNAC1VD','001606','2017-03-18',19,1,46,8,4,1),(1634,'1','VNABZT3','000949','2017-03-18',19,1,47,8,4,1),(1635,'1','VNALZV2','001148','2017-03-18',19,1,48,8,4,1),(1636,'1','VNABY7P','001795','2017-03-18',19,1,49,8,4,1),(1637,'1','V1BMF77','010012','2017-03-18',16,1,50,6,4,1),(1638,'1','CNC038NP2R','002147','2017-03-18',23,2,51,6,4,1),(1639,'1','CNC038NR410','002196','2017-03-18',23,2,52,6,4,1),(1640,'1','CNC038NPJW','002012','2017-03-18',23,2,53,6,4,1),(1641,'1','V1BM632','008762','2017-03-18',16,1,54,6,4,1),(1642,'1','V9-006YFM','024020','2017-03-18',20,1,55,6,4,1),(1643,'1','V1BCP21','010221','2017-03-18',16,1,56,6,4,1),(1644,'1','V1ALK08','010499','2017-03-18',16,1,57,6,4,1),(1645,'1','VNABWPV','001775','2017-03-18',19,1,58,6,4,1),(1646,'1','VNALZRW','000785','2017-03-18',19,1,59,6,4,1),(1647,'1','V255739','000126','2017-03-18',16,1,60,6,4,1),(1648,'1','V12T574','010705','2017-03-18',16,1,61,6,4,1),(1649,'1','V1PR700','010048','2017-03-18',16,1,62,6,4,1),(1650,'1','VNAB2RC','000898','2017-03-18',19,1,63,6,4,1),(1651,'1','V1BMG36','024076','2017-03-18',16,1,64,6,4,1),(1652,'1','V1BMF64','010092','2017-03-18',16,1,65,6,4,1),(1653,'1','CNC038NP6C','002008','2017-03-18',23,2,66,6,4,1),(1654,'1','V255705','024641','2017-03-18',16,1,67,6,4,1),(1655,'1','V1PR658','010109','2017-03-18',16,1,68,6,4,1),(1656,'1','V1ZT600','010114','2017-03-18',16,1,69,6,4,1),(1657,'1','V1PR719','010085','2017-03-18',16,1,70,6,4,1),(1658,'1','CNC038NP39','002010','2017-03-18',23,2,71,6,4,1),(1659,'1','V1ALH93','024182','2017-03-18',16,1,72,6,4,1),(1660,'1','V1PR572','011141','2017-03-18',16,1,73,6,4,1),(1661,'1','V1AWB54','024079','2017-03-18',16,1,74,6,4,1),(1662,'1','V255690','000124','2017-03-18',16,1,75,6,4,1),(1663,'1','V256600','000146','2017-03-18',16,1,76,6,4,1),(1664,'1','V1ZT599','010354','2017-03-18',16,1,77,6,4,1),(1665,'1','V255693','000202','2017-03-18',16,1,78,6,4,1),(1666,'1','V1PR725','010016','2017-03-18',16,1,79,6,4,1),(1667,'1','V1PP826','010301','2017-03-18',16,1,80,6,4,1),(1668,'1','V1PR620','010208','2017-03-18',16,1,81,6,4,1),(1669,'1','V1BMG21','018407','2017-03-18',16,1,82,6,4,1),(1670,'1','V1BMF81','010046','2017-03-18',16,1,83,6,4,1),(1671,'1','V1PW215','010042','2017-03-18',16,1,84,6,4,1),(1672,'1','V1ZT602','024059','2017-03-18',16,1,85,6,4,1),(1673,'1','V1ZT422','008717','2017-03-18',16,1,86,6,4,1),(1674,'1','V1ALK05','010668','2017-03-18',16,1,87,6,4,1),(1675,'1','V12T611','011252','2017-03-18',16,1,93,5,9,1),(1676,'1','V1ALF40','024072','2017-03-18',16,1,94,5,9,1),(1677,'1','V1ALK38','017486','2017-03-18',16,1,95,5,9,1),(1678,'1','V1ALH92','010425','2017-03-18',16,1,96,5,9,1),(1679,'1','V1BMG31','010079','2017-03-18',16,1,97,5,9,1),(1680,'1','V1PP836','010060','2017-03-18',16,1,98,5,9,1),(1681,'1','V335714','000331','2017-03-18',17,1,99,5,9,1),(1682,'1','V1BMF86','010078','2017-03-18',16,1,100,5,9,1),(1683,'1','V1ALK41','024067','2017-03-18',16,1,102,5,9,1),(1684,'1','V255740','000084','2017-03-18',16,1,103,5,9,1),(1685,'1','VNAL2TP','000782','2017-03-18',19,1,104,5,9,1),(1686,'1','V1ALK69','012800','2017-03-18',16,1,105,5,9,1),(1687,'1','V1PR724','010076','2017-03-18',16,1,106,5,9,1),(1688,'1','VNABYMD','000919','2017-03-18',19,1,107,5,9,1),(1689,'1','V1ALK40','024309','2017-03-18',16,1,108,5,9,1),(1690,'1','V1BCP69','024068','2017-03-18',16,1,109,5,9,1),(1691,'1','V1BMF82','024071','2017-03-18',16,1,117,5,9,1),(1692,'1','V1ALK45','024069','2017-03-18',16,1,118,5,9,1),(1693,'1','VNALZTY','001106','2017-03-18',16,1,119,5,9,1),(1694,'1','V275720','017421','2017-03-18',16,1,120,5,9,1),(1695,'1','V255749','000002','2017-03-18',16,1,121,5,9,1),(1696,'1','V1PR753','010108','2017-03-18',16,1,122,5,9,1),(1697,'1','MJGMCNN','024193','2017-03-18',9,1,1,4,4,1),(1698,'1','MJPVE96','020682','2017-03-18',6,1,2,4,4,1),(1699,'1','REVISAR','011334','2017-03-18',99,1,3,4,4,1),(1700,'1','REVISAR','019718','2017-03-18',99,1,4,4,4,1),(1701,'1','MJEDVCR','024504','2017-03-18',9,1,5,4,4,1),(1702,'1','MJPVE17','020668','2017-03-18',6,1,6,4,4,1),(1703,'1','MJPVEJ0','020634','2017-03-18',6,1,7,4,4,1),(1704,'1','MJEDVFT','014567','2017-03-18',9,1,8,4,4,1),(1705,'1','MJERDPG','008892','2017-03-18',9,1,9,4,4,1),(1706,'1','MJEDPZK','010251','2017-03-18',9,1,10,4,4,1),(1707,'1','MJPWH49','020601','2017-03-18',6,1,11,4,4,1),(1708,'1','MJPWH80','018406','2017-03-18',6,1,12,4,4,1),(1709,'1','MJ018XT2','024042','2017-03-18',12,1,15,4,4,1),(1710,'1','REVISAR','024056','2017-03-18',99,1,19,15,4,1),(1711,'1','MJEDTWD','024600','2017-03-18',9,1,21,4,4,1),(1712,'1','MJEDVEH','024169','2017-03-18',9,1,22,4,4,1),(1713,'1','REVISAR','014762','2017-03-18',99,1,26,4,4,1),(1714,'1','MJZHH57','024014','2017-03-18',6,1,27,4,4,1),(1715,'1','MJPVF03','024555','2017-03-18',6,1,28,4,4,1),(1716,'1','MJEDTWV','024187','2017-03-18',9,1,29,4,4,1),(1717,'1','REVISAR','024099','2017-03-18',99,1,30,4,4,1),(1718,'1','MJEDRAT','011196','2017-03-18',9,1,31,6,4,1),(1719,'1','MJEDTZZ','017458','2017-03-18',9,1,32,6,4,1),(1720,'1','MJEDZ8H','012790','2017-03-18',9,1,33,6,4,1),(1721,'1','MJ018X58','024551','2017-03-18',12,1,34,6,4,1),(1722,'1','MJEDRCH','024548','2017-03-18',9,1,35,6,4,1),(1723,'1','MJGMCNW','024162','2017-03-18',9,1,36,6,4,1),(1724,'1','MJEDVMG','017436','2017-03-18',9,1,37,6,4,1),(1725,'1','MJEDYNO','024159','2017-03-18',9,1,38,6,4,1),(1726,'1','MJEDVDP','019717','2017-03-18',9,1,39,8,4,1),(1727,'1','MJGMCRE','012768','2017-03-18',9,1,40,8,4,1),(1728,'1','MJEDVGF','017439','2017-03-18',9,1,41,8,4,1),(1729,'1','MJEDVEZ','024137','2017-03-18',9,1,42,8,4,1),(1730,'1','MJGMCRA','024178','2017-03-18',9,1,43,8,4,1),(1731,'1','MJGMCPA','024025','2017-03-18',9,1,44,8,4,1),(1732,'1','MJEDTVH','011309','2017-03-18',9,1,45,8,4,1),(1733,'1','MJEDVCN','024135','2017-03-18',9,1,46,8,4,1),(1734,'1','MJGMCNN','024301','2017-03-18',9,1,47,8,4,1),(1735,'1','MJEDTTM','011227','2017-03-18',9,1,48,8,4,1),(1736,'1','MJEDVMD','014524','2017-03-18',9,1,49,8,4,1),(1737,'1','MJEDVKT','024353','2017-03-18',9,1,50,6,4,1),(1738,'1','MJEDZBV','017491','2017-03-18',9,1,51,6,4,1),(1739,'1','MJEDPXV','024173','2017-03-18',9,1,52,6,4,1),(1740,'1','MJEDVNP','024161','2017-03-18',9,1,53,6,4,1),(1741,'1','MJEDVMK','011228','2017-03-18',9,1,54,6,4,1),(1742,'1','MJEDRDR','024186','2017-03-18',9,1,55,6,4,1),(1743,'1','MJGMCRK','014772','2017-03-18',9,1,56,6,4,1),(1744,'1','MJEDTXH','024177','2017-03-18',9,1,57,6,4,1),(1745,'1','MJEDTWK','024932','2017-03-18',9,1,58,6,4,1),(1746,'1','MJEDVFK','024163','2017-03-18',9,1,59,6,4,1),(1747,'1','MJEDTRT','024339','2017-03-18',9,1,60,6,4,1),(1748,'1','MJEDVFM','024342','2017-03-18',9,1,61,6,4,1),(1749,'1','MJBFWZP','017432','2017-03-18',2,1,62,6,4,1),(1750,'1','MJEDRDZ','024774','2017-03-18',9,1,63,6,4,1),(1751,'1','MJEDTXD','024172','2017-03-18',9,1,64,6,4,1),(1752,'1','MJEDTZM','018436','2017-03-18',9,1,65,6,4,1),(1753,'1','REVISAR','024090','2017-03-18',9,1,66,6,4,1),(1754,'1','MJEDPYH','014742','2017-03-18',9,1,67,6,4,1),(1755,'1','MJGMCMZ','024168','2017-03-18',9,1,68,6,4,1),(1756,'1','MJGMCPU','014752','2017-03-18',9,1,69,6,4,1),(1757,'1','MJGMCMT','024081','2017-03-18',9,1,70,6,4,1),(1758,'1','MJEDVHC','024170','2017-03-18',9,1,71,6,4,1),(1759,'1','MJEDTZN','024190','2017-03-18',9,1,72,6,4,1),(1760,'1','MXJ943026S','014951','2017-03-18',99,2,72,6,4,1),(1761,'1','MJEDTPZ','024164','2017-03-18',9,1,73,6,4,1),(1762,'1','MJEDVED','024089','2017-03-18',9,1,74,6,4,1),(1763,'1','MJEDVDE','024088','2017-03-18',9,1,75,6,4,1),(1764,'1','MJO10XW7','015745','2017-03-18',9,1,76,6,4,1),(1765,'1','MJEDRCP','024085','2017-03-18',9,1,77,6,4,1),(1766,'1','MJBFWZK','018487','2017-03-18',2,1,78,6,4,1),(1767,'1','MJEDZBV','024882','2017-03-18',9,1,79,6,4,1),(1768,'1','MJEDTPX','024083','2017-03-18',9,1,80,6,4,1),(1769,'1','MJEDTZC','024171','2017-03-18',9,1,81,6,4,1),(1770,'1','MJEDVCT','024530','2017-03-18',9,1,82,6,4,1),(1771,'1','MJEDVEL','024780','2017-03-18',9,1,83,6,4,1),(1772,'1','MJEDRBA','024302','2017-03-18',9,1,84,6,4,1),(1773,'1','MJEDTVA','012717','2017-03-18',9,1,85,6,4,1),(1774,'1','MJGMCRG','014757','2017-03-18',9,1,86,6,4,1),(1775,'1','MJGMCRF','024531','2017-03-18',9,1,87,6,4,1),(1776,'1','MJGMCNM','017430','2017-03-18',9,1,93,5,9,1),(1777,'1','MJEPPYZ','014794','2017-03-18',9,1,94,5,9,1),(1778,'1','MJEDYMF','024074','2017-03-18',9,1,95,5,9,1),(1779,'1','MJGMCRH','024599','2017-03-18',9,1,96,5,9,1),(1780,'1','MJGMCMW','014739','2017-03-18',9,1,97,5,9,1),(1781,'1','MJ018XX6','019859','2017-03-18',12,1,98,5,9,1),(1782,'1','MJPWH32','002337','2017-03-18',6,1,99,5,9,1),(1783,'1','MJEDTWT','024060','2017-03-18',9,1,100,5,9,1),(1784,'1','MJEDVFD','024066','2017-03-18',9,1,102,5,9,1),(1785,'1','MJEDTZB','024307','2017-03-18',9,1,103,5,9,1),(1786,'1','MJGMCRN','024063','2017-03-18',9,1,104,5,9,1),(1787,'1','MJPWH83','017420','2017-03-18',6,1,105,5,9,1),(1788,'1','MJEDTWA','017418','2017-03-18',9,1,106,5,9,1),(1789,'1','MJEDTRX','014763','2017-03-18',9,1,107,5,9,1),(1790,'1','MJPVE14','024308','2017-03-18',6,1,108,5,9,1),(1791,'1','MJGMCNC','011487','2017-03-18',9,1,109,5,9,1),(1792,'1','MJEDTWL','024073','2017-03-18',9,1,117,5,9,1),(1793,'1','MJVDDD2','024611','2017-03-18',7,1,118,5,9,1),(1794,'1','MJEDTWA','012770','2017-03-18',9,1,119,5,9,1),(1795,'1','MJEDMK','019909','2017-03-18',9,1,120,5,9,1),(1796,'1','MJ6MCRB','024064','2017-03-18',9,1,121,5,9,1),(1797,'1','MJPWA76','024141','2017-03-18',6,1,122,5,9,1),(1798,'1','10WZ35553218','039014','2017-03-18',99,4,15,4,4,1),(1799,'1','V9-0070XH','015754','2017-03-18',20,1,1,13,10,1),(1800,'1','V9-006ZY6','018435','2017-03-18',20,1,2,13,10,1),(1801,'1','V90-0070WM','014976','2017-03-18',20,1,3,13,10,1),(1802,'1','VNB1N9P','024549','2017-03-18',19,1,4,13,10,1),(1803,'1','V1BM605','017519','2017-03-18',16,1,5,13,10,1),(1804,'1','V9-0070X7','014993','2017-03-18',20,1,6,13,10,1),(1805,'1','V9-006ZK3','015747','2017-03-18',20,1,7,13,10,1),(1806,'1','V9-006ZY1','017217','2017-03-18',20,1,8,13,10,1),(1807,'1','V9-006ZYT','017600','2017-03-18',20,1,9,13,10,1),(1808,'1','V9-0070XX','014977','2017-03-18',20,1,10,13,10,1),(1809,'1','V9-0070M9','014975','2017-03-18',20,1,11,13,10,1),(1810,'1','V9-006Z7Y','015749','2017-03-18',20,1,12,13,10,1),(1811,'1','V1ZT587','008758','2017-03-18',16,1,13,13,10,1),(1812,'1','V9-0070X6','015752','2017-03-18',20,1,14,13,10,1),(1813,'1','V9-0070X4','014971','2017-03-18',20,1,15,13,10,1),(1814,'1','V90-070WW','015748','2017-03-18',20,1,16,13,10,1),(1815,'1','NVNA4R4X','024098','2017-03-18',19,1,17,13,10,1),(1816,'1','V90070XC','014984','2017-03-18',20,1,18,13,10,1),(1817,'1','V9-006ZXF','017567','2017-03-18',20,1,19,13,10,1),(1818,'1','CNC038NNB3','002018','2017-03-18',23,2,20,13,10,1),(1819,'1','V335787','024537','2017-03-18',17,1,1,13,11,1),(1820,'1','V1BCP29','010072','2017-03-18',16,1,2,13,11,1),(1821,'1','V1BMC70','010302','2017-03-18',16,1,3,13,11,1),(1822,'1','V256709','000147','2017-03-18',16,1,4,13,11,1),(1823,'1','V1ZT559','010020','2017-03-18',16,1,5,13,11,1),(1824,'1','V1BCP74','010067','2017-03-18',16,1,6,13,11,1),(1825,'1','V1BMG10','010309','2017-03-18',16,1,8,13,11,1),(1826,'1','V9-0070W3','024538','2017-03-18',20,1,10,13,11,1),(1827,'1','V1ALF30','024086','2017-03-18',16,1,11,13,11,1),(1828,'1','V1PP889','010066','2017-03-18',16,1,12,13,11,1),(1829,'1','V1ALH98','024642','2017-03-18',16,1,13,13,11,1),(1830,'1','V255723','000144','2017-03-18',16,1,14,13,11,1),(1831,'1','V1PR686','010245','2017-03-18',16,1,15,13,11,1),(1832,'1','VNABY67','024550','2017-03-18',19,1,16,13,11,1),(1833,'1','V1PR707','000155','2017-03-18',16,1,19,13,11,1),(1834,'1','REVISAR','010001','2017-03-18',99,1,20,13,11,1),(1835,'1','REVISAR','REVISAR','2017-03-18',99,99,1,13,12,1),(1836,'1','V1ALK73','010418','2017-03-18',16,1,2,13,12,1),(1837,'1','VNALZT5','018403','2017-03-18',19,1,3,13,12,1),(1838,'1','V335814','018416','2017-03-18',17,1,4,13,12,1),(1839,'1','V256464','000172','2017-03-18',16,1,5,13,12,1),(1840,'1','V1PR694','017522','2017-03-18',16,1,6,13,12,1),(1841,'1','V1KTB41','012789','2017-03-18',16,1,7,13,12,1),(1842,'1','V1PP830','010127','2017-03-18',16,1,8,13,12,1),(1843,'1','V1BCR01','010126','2017-03-18',16,1,9,13,12,1),(1844,'1','VNAC25W','024197','2017-03-18',19,1,11,13,12,1),(1845,'1','REVISAR','024196','2017-03-18',99,6,12,13,12,1),(1846,'1','REVISAR','015746','2017-03-18',20,1,13,13,12,1),(1847,'1','VNABZRD','000880','2017-03-18',19,1,14,13,12,1),(1848,'1','VNALZTH','001122','2017-03-18',19,1,15,13,12,1),(1849,'1','V1ZT555','010102','2017-03-18',16,1,16,13,12,1),(1850,'1','VNABYN9','018440','2017-03-18',19,1,17,13,12,1),(1851,'1','VNABWMD','001783','2017-03-18',19,1,18,13,12,1),(1852,'1','VNA4D7T','001688','2017-03-18',19,1,19,13,12,1),(1853,'1','VNAC1W3','001656','2017-03-18',19,1,20,13,12,1),(1854,'1','VNAC13L','001779','2017-03-18',19,1,2,13,13,1),(1855,'1','VNABWPA','001785','2017-03-18',19,1,3,13,13,1),(1856,'1','CNC038NQDW','001999','2017-03-18',99,99,4,13,13,1),(1857,'1','V255552','000216','2017-03-18',16,1,5,13,13,1),(1858,'1','V1ZT568','024546','2017-03-18',16,1,6,13,13,1),(1859,'1','V9-0032BX','017518','2017-03-18',20,1,7,13,13,1),(1860,'1','V9-006ZXT','015714','2017-03-18',20,1,8,13,13,1),(1861,'1','V9-006YFP','014957','2017-03-18',20,1,9,13,13,1),(1862,'1','VNABZRT','REVISAR','2017-03-18',19,1,10,13,13,1),(1863,'1','V9-006YF9','015716','2017-03-18',20,1,11,13,13,1),(1864,'1','VNALZT2','001112','2017-03-18',19,1,12,13,13,1),(1865,'1','V1PR619','011249','2017-03-18',16,1,13,13,13,1),(1866,'1','VNABZT1','000955','2017-03-18',19,1,14,13,13,1),(1867,'1','V1BCR00','010063','2017-03-18',16,1,15,13,13,1),(1868,'1','V1ZT620','010029','2017-03-18',16,1,16,13,13,1),(1869,'1','VNA4D8H','001740','2017-03-18',19,1,17,13,13,1),(1870,'1','V1PR674','010096','2017-03-18',16,1,18,13,13,1),(1871,'1','V1BMB57','024768','2017-03-18',16,1,1,13,14,1),(1872,'1','V1BCM51','010368','2017-03-18',16,1,2,13,14,1),(1873,'1','V1ZT547','010289','2017-03-18',16,1,3,13,14,1),(1874,'1','V1BMF62','010366','2017-03-18',16,1,4,13,14,1),(1875,'1','V1PR677','010117','2017-03-18',16,1,5,13,14,1),(1876,'1','V1BMF63','010291','2017-03-18',16,1,6,13,14,1),(1877,'1','V1BMF65','010373','2017-03-18',16,1,7,13,14,1),(1878,'1','V1BMB43','024764','2017-03-18',16,1,8,13,14,1),(1879,'1','V1ZT582','010308','2017-03-18',16,1,9,13,14,1),(1880,'1','V1ALK72','018484','2017-03-18',16,1,10,13,14,1),(1881,'1','V1BCP22','010370','2017-03-18',16,1,11,13,14,1),(1882,'1','V1ZT537','010371','2017-03-18',16,1,12,13,14,1),(1883,'1','V1PR680','010073','2017-03-18',16,1,13,13,14,1),(1884,'1','V1PR656','018488','2017-03-18',16,1,14,13,14,1),(1885,'1','V1PR690','010292','2017-03-18',16,1,15,13,14,1),(1886,'1','V1ZT629','018413','2017-03-18',16,1,16,13,14,1),(1887,'1','V1ALK09','024556','2017-03-18',16,1,17,13,14,1),(1888,'1','V1PR729','010268','2017-03-18',16,1,18,13,14,1),(1889,'1','V255744','024757','2017-03-18',16,1,19,13,14,1),(1890,'1','V1BMF66','010290','2017-03-18',16,1,20,13,14,1),(1891,'1','MJPWH35','024783','2017-03-18',6,1,1,13,10,1),(1892,'1','MJYE005','024152','2017-03-18',4,1,2,13,10,1),(1893,'1','MJPWA26','017525','2017-03-18',6,1,3,13,10,1),(1894,'1','MJVDDAD','024338','2017-03-18',7,1,5,13,10,1),(1895,'1','MJYE071','REVISAR','2017-03-18',4,1,6,13,10,1),(1896,'1','MJPVZ05','024540','2017-03-18',6,1,8,13,10,1),(1897,'1','MJYE006','001876','2017-03-18',4,1,9,13,10,1),(1898,'1','MJPBF04','024782','2017-03-18',6,1,10,13,10,1),(1899,'1','MJPVF22','024785','2017-03-18',6,1,11,13,10,1),(1900,'1','MJPVE99','024542','2017-03-18',6,1,12,13,10,1),(1901,'1','MJPWF16','000815','2017-03-18',6,1,13,13,10,1),(1902,'1','MJYE039','001703','2017-03-18',4,1,15,13,10,1),(1903,'1','REVISAR','019874','2017-03-18',99,2,16,13,10,1),(1904,'1','MJYE036','024146','2017-03-18',4,1,18,13,10,1),(1905,'1','MJVDDM4','024543','2017-03-18',7,1,20,13,10,1),(1906,'1','MJYE885','024093','2017-03-18',4,1,1,13,11,1),(1907,'1','MJVDDN7','024094','2017-03-18',7,1,2,13,11,1),(1908,'1','MJVDDP3','024095','2017-03-18',7,1,3,13,11,1),(1909,'1','MJPWH94','019872','2017-03-18',6,1,4,13,11,1),(1910,'1','MXL04018TV','019850','2017-03-18',99,2,5,13,11,1),(1911,'1','MXL0390XMW','024036','2017-03-18',99,2,6,13,11,1),(1912,'1','MJVDDF4','017204','2017-03-18',7,1,8,13,11,1),(1913,'1','MJPWH23','018482','2017-03-18',6,1,10,13,11,1),(1914,'1','MXL04001CJ','012741','2017-03-18',99,2,11,13,11,1),(1915,'1','MXL0400144','002019','2017-03-18',99,2,12,13,11,1),(1916,'1','MXL0400198','019901','2017-03-18',99,2,13,13,11,1),(1917,'1','MJPVE20','016301','2017-03-18',6,1,14,13,11,1),(1918,'1','MJPWH90','001438','2017-03-18',6,1,15,13,11,1),(1919,'1','MJPZD73','024133','2017-03-18',6,1,16,13,11,1),(1920,'1','REVISAR','REVISAR','2017-03-18',99,99,1,13,12,1),(1921,'1','MJPWQ00','011233','2017-03-18',6,1,2,13,12,1),(1922,'1','MXJ8390DJ6','017521','2017-03-18',99,2,3,13,12,1),(1923,'1','MJVDDG2','024148','2017-03-18',7,1,4,13,12,1),(1924,'1','MXL039XNS','011116','2017-03-18',99,2,5,13,12,1),(1925,'1','MJPZD14','012714','2017-03-18',6,1,6,13,12,1),(1926,'1','MJPVE09','018480','2017-03-18',6,1,7,13,12,1),(1927,'1','MJYE890','024143','2017-03-18',4,1,8,13,12,1),(1928,'1','MJPWK30','024791','2017-03-18',6,1,10,13,12,1),(1929,'1','MJYE078','024533','2017-03-18',4,1,11,13,12,1),(1930,'1','MJVDDH7','015776','2017-03-18',7,1,12,13,12,1),(1931,'1','MJYE068','011552','2017-03-18',4,1,13,13,12,1),(1932,'1','MXJ9430277','018437','2017-03-18',99,2,14,13,12,1),(1933,'1','MJPW635','024534','2017-03-18',6,1,15,13,12,1),(1934,'1','MJPWF24','024150','2017-03-18',99,99,16,13,12,1),(1935,'1','MJVDDK0','024535','2017-03-18',7,1,17,13,12,1),(1936,'1','MJZKH64','024142','2017-03-18',4,1,18,13,12,1),(1937,'1','MJPWF85','024536','2017-03-18',6,1,20,13,12,1),(1938,'1','MJVDCX4','018481','2017-03-18',7,1,2,13,13,1),(1939,'1','MJYE069','024127','2017-03-18',4,1,3,13,13,1),(1940,'1','MJVDDE1','024506','2017-03-18',7,1,4,13,13,1),(1941,'1','MJ018Y2L','024278','2017-03-18',12,1,5,13,13,1),(1942,'1','MJPNPA1','024911','2017-03-18',3,1,6,13,13,1),(1943,'1','MJVDDK1','017560','2017-03-18',7,1,7,13,13,1),(1944,'1','MXL040015Q','012757','2017-03-18',10,2,8,13,13,1),(1945,'1','MJVDDM0','011255','2017-03-18',7,1,9,13,13,1),(1946,'1','MJVDDN5','000143','2017-03-18',7,1,10,13,13,1),(1947,'1','MJVDDA4','024865','2017-03-18',7,1,11,13,13,1),(1948,'1','MJVDDA6','REVISAR','2017-03-18',7,1,12,13,13,1),(1949,'1','MXJ943026S','014951','2017-03-18',99,2,13,13,13,1),(1950,'1','MJVKTK2','017456','2017-03-18',7,1,14,13,13,1),(1951,'1','REVISAR','015732','2017-03-18',12,1,15,13,13,1),(1952,'1','MJYE982','011311','2017-03-18',4,1,16,13,13,1),(1953,'1','MJXY3D2CF','024022','2017-03-18',99,2,17,13,13,1),(1954,'1','MJ018XS5','014980','2017-03-18',12,1,18,13,13,1),(1955,'1','MJYE065','017517','2017-03-18',4,1,1,13,14,1),(1956,'1','REVISAR','REVISAR','2017-03-18',99,1,2,13,14,1),(1957,'1','MJPWK12','000888','2017-03-18',6,1,3,13,14,1),(1958,'1','MJ018Y28','017205','2017-03-18',12,1,4,13,14,1),(1959,'1','MJPVZ13','001083','2017-03-18',6,1,5,13,14,1),(1960,'1','REVISAR','014956','2017-03-18',99,1,6,13,14,1),(1961,'1','MJPWF83','024767','2017-03-18',6,1,7,13,14,1),(1962,'1','MX14001C5','024037','2017-03-18',99,2,8,13,14,1),(1963,'1','MJZKX65','024759','2017-03-18',6,1,9,13,14,1),(1964,'1','MJPWH95','018485','2017-03-18',6,1,10,13,14,1),(1965,'1','MJPWF99','024553','2017-03-18',6,1,11,13,14,1),(1966,'1','MJPWA85','018420','2017-03-18',6,1,12,13,14,1),(1967,'1','MJPVY94','000843','2017-03-18',6,1,13,13,14,1),(1968,'1','MJYE661','019887','2017-03-18',4,1,14,13,14,1),(1969,'1','MJYE074','014703','2017-03-18',4,1,15,13,14,1),(1970,'1','MPWK13','011230','2017-03-18',6,1,16,13,14,1),(1971,'1','MJVDCV4','016452','2017-03-18',7,1,17,13,14,1),(1972,'1','MJPWH42','020691','2017-03-18',6,1,18,13,14,1),(1973,'1','REVISAR','018417','2017-03-18',99,1,19,13,14,1),(1974,'1','MJVDDF1','024758','2017-03-18',7,1,20,13,14,1),(1975,'1','VNABZT6','000825','2017-03-18',19,1,1,4,8,1),(1976,'1','VNAC00V','000828','2017-03-18',19,1,2,4,8,1),(1977,'1','VNAC28T','000822','2017-03-18',19,1,3,4,8,1),(1978,'1','VNABYMC','000816','2017-03-18',19,1,4,4,8,1),(1979,'1','VNALZVK','000819','2017-03-18',19,1,5,4,8,1),(1980,'1','VNABZRK','000813','2017-03-18',19,1,6,4,8,1),(1981,'1','MJ018XSO','017553','2017-03-18',12,1,1,4,8,1),(1982,'1','MJ018Y19','017569','2017-03-18',12,1,2,4,8,1),(1983,'1','MJ018X56','017552','2017-03-18',12,1,3,4,8,1),(1984,'1','MJ018Y2E','015751','2017-03-18',12,1,4,4,8,1),(1985,'1','MJ018XVY','015741','2017-03-18',12,1,5,4,8,1),(1986,'1','MJ018XT9','015719','2017-03-18',12,1,6,4,8,1),(1987,'1','081620301063','024668','2017-03-18',14,4,1,4,8,1),(1988,'1','081620302575','014902','2017-03-18',14,4,2,4,8,1),(1989,'1','081620301035','014877','2017-03-18',14,4,3,4,8,1),(1990,'1','081621302999','014691','2017-03-18',14,4,4,4,8,1),(1991,'1','081636604256','014910','2017-03-18',14,4,5,4,8,1),(1992,'1','081621303005','024661','2017-03-18',14,4,6,4,8,1);
/*!40000 ALTER TABLE `articulos` ENABLE KEYS */;
UNLOCK TABLES;

--
-- Table structure for table `bodegas`
--

DROP TABLE IF EXISTS `bodegas`;
/*!40101 SET @saved_cs_client     = @@character_set_client */;
/*!40101 SET character_set_client = utf8 */;
CREATE TABLE `bodegas` (
  `id_bodega` int(11) NOT NULL AUTO_INCREMENT,
  `nombre_bodega` varchar(45) DEFAULT NULL,
  `fk_sede` int(11) NOT NULL,
  PRIMARY KEY (`id_bodega`),
  KEY `id_sede_idx` (`fk_sede`),
  CONSTRAINT `fk_sede_bod` FOREIGN KEY (`fk_sede`) REFERENCES `sedes` (`id_sede`) ON DELETE NO ACTION ON UPDATE NO ACTION
) ENGINE=InnoDB AUTO_INCREMENT=15 DEFAULT CHARSET=utf8;
/*!40101 SET character_set_client = @saved_cs_client */;

--
-- Dumping data for table `bodegas`
--

LOCK TABLES `bodegas` WRITE;
/*!40000 ALTER TABLE `bodegas` DISABLE KEYS */;
INSERT INTO `bodegas` VALUES (1,'BODEGA 1',1),(2,'BODEGA 2',1),(3,'BODEGA 3',1),(4,'BODEGA 4',1),(5,'ADMINISTRATIVA',1),(6,'LABORAL',1),(7,'BODEGA 1 - ENCERRAMIENTO',1),(8,'BODEGA 3 - CLIENTES BCS',1),(9,'BODEGA 4 - ENCERRAMIENTO',1),(10,'SALA DE FORMACION 1',1),(11,'SALA DE FORMACION 2',1),(12,'SALA DE FORMACION 3',1),(13,'SALA DE FORMACION 4',1),(14,'SALA DE FORMACION 5',1);
/*!40000 ALTER TABLE `bodegas` ENABLE KEYS */;
UNLOCK TABLES;

--
-- Table structure for table `campaign`
--

DROP TABLE IF EXISTS `campaign`;
/*!40101 SET @saved_cs_client     = @@character_set_client */;
/*!40101 SET character_set_client = utf8 */;
CREATE TABLE `campaign` (
  `id_campaign` int(11) NOT NULL AUTO_INCREMENT,
  `nombre_campaign` varchar(45) NOT NULL,
  `cliente_campaign` varchar(45) NOT NULL,
  `fk_sede` int(11) NOT NULL,
  PRIMARY KEY (`id_campaign`),
  KEY `fk_sede_idx` (`fk_sede`),
  CONSTRAINT `fk_sede_campaign` FOREIGN KEY (`fk_sede`) REFERENCES `sedes` (`id_sede`) ON DELETE NO ACTION ON UPDATE NO ACTION
) ENGINE=InnoDB AUTO_INCREMENT=17 DEFAULT CHARSET=utf8;
/*!40101 SET character_set_client = @saved_cs_client */;

--
-- Dumping data for table `campaign`
--

LOCK TABLES `campaign` WRITE;
/*!40000 ALTER TABLE `campaign` DISABLE KEYS */;
INSERT INTO `campaign` VALUES (1,'COLMENA SEGUROS','FUNDACION SOCIAL',1),(2,'TELEVENTAS ARL','FUNDACION SOCIAL',1),(3,'BANCO CAJA SOCIAL','FUNDACION SOCIAL',1),(4,'COBRANZAS BCS','FUNDACION SOCIAL',1),(5,'RETENCION BCS','FUNDACION SOCIAL',1),(6,'MOVISTAR FIJA','MOVISTAR COLOMBIA',1),(7,'MOVISTAR MOVIL','MOVISTAR COLOMBIA',1),(8,'CHILE FIJA','MOVISTAR CHILE',1),(9,'HELPDESK','DIGITEX INTERNACIONAL',1),(10,'SELECCION','DIGITEX INTERNACIONAL',1),(11,'LABORAL','DIGITEX INTERNACIONAL',1),(12,'SERVICIOS GENERALES','DIGITEX INTERNACIONAL',1),(13,'FORMACION','DIGITEX INTERNACIONAL',1),(14,'DEVOLUCION','DEVOLUCION',1),(15,'DESARROLLO','DIGITEX INTERNACIONAL',1),(16,'SALUD OCUPACIONAL','DIGITEX INTERNACIONAL',1);
/*!40000 ALTER TABLE `campaign` ENABLE KEYS */;
UNLOCK TABLES;

--
-- Table structure for table `estados`
--

DROP TABLE IF EXISTS `estados`;
/*!40101 SET @saved_cs_client     = @@character_set_client */;
/*!40101 SET character_set_client = utf8 */;
CREATE TABLE `estados` (
  `id_estados` int(11) NOT NULL AUTO_INCREMENT,
  `nombre_estado` varchar(45) DEFAULT NULL,
  PRIMARY KEY (`id_estados`)
) ENGINE=InnoDB AUTO_INCREMENT=3 DEFAULT CHARSET=utf8;
/*!40101 SET character_set_client = @saved_cs_client */;

--
-- Dumping data for table `estados`
--

LOCK TABLES `estados` WRITE;
/*!40000 ALTER TABLE `estados` DISABLE KEYS */;
INSERT INTO `estados` VALUES (1,'ACTIVO'),(2,'DEVUELTO');
/*!40000 ALTER TABLE `estados` ENABLE KEYS */;
UNLOCK TABLES;

--
-- Table structure for table `fabricante`
--

DROP TABLE IF EXISTS `fabricante`;
/*!40101 SET @saved_cs_client     = @@character_set_client */;
/*!40101 SET character_set_client = utf8 */;
CREATE TABLE `fabricante` (
  `id_fabricante` int(11) NOT NULL AUTO_INCREMENT,
  `nombre_fabricante` varchar(45) DEFAULT NULL,
  PRIMARY KEY (`id_fabricante`)
) ENGINE=InnoDB AUTO_INCREMENT=100 DEFAULT CHARSET=utf8;
/*!40101 SET character_set_client = @saved_cs_client */;

--
-- Dumping data for table `fabricante`
--

LOCK TABLES `fabricante` WRITE;
/*!40000 ALTER TABLE `fabricante` DISABLE KEYS */;
INSERT INTO `fabricante` VALUES (1,'LENOVO'),(2,'HEWLETT PACKARD'),(3,'DELL'),(4,'AVAYA'),(5,'CISCO'),(6,'SAMSUNG'),(99,'REVISAR');
/*!40000 ALTER TABLE `fabricante` ENABLE KEYS */;
UNLOCK TABLES;

--
-- Table structure for table `items`
--

DROP TABLE IF EXISTS `items`;
/*!40101 SET @saved_cs_client     = @@character_set_client */;
/*!40101 SET character_set_client = utf8 */;
CREATE TABLE `items` (
  `id_item` int(11) NOT NULL AUTO_INCREMENT,
  `nombre_item` varchar(45) DEFAULT NULL,
  `modelo_item` varchar(45) DEFAULT NULL,
  `fk_fabricante` int(11) NOT NULL,
  PRIMARY KEY (`id_item`),
  KEY `id_fabricante_idx` (`fk_fabricante`),
  CONSTRAINT `fk_fabricante_item` FOREIGN KEY (`fk_fabricante`) REFERENCES `fabricante` (`id_fabricante`) ON DELETE NO ACTION ON UPDATE NO ACTION
) ENGINE=InnoDB AUTO_INCREMENT=100 DEFAULT CHARSET=utf8;
/*!40101 SET character_set_client = @saved_cs_client */;

--
-- Dumping data for table `items`
--

LOCK TABLES `items` WRITE;
/*!40000 ALTER TABLE `items` DISABLE KEYS */;
INSERT INTO `items` VALUES (1,'CPU','A1H400',1),(2,'CPU','C5S',1),(3,'CPU','D3S',1),(4,'CPU','D9S',1),(5,'CPU','E1S',1),(6,'CPU','F3S',1),(7,'CPU','FB9',1),(9,'CPU','PR7',1),(10,'CPU','SFF',2),(12,'CPU','003TLS',1),(13,'HARDPHONE','1616-I',4),(14,'HARDPHONE','4621SW',4),(15,'MONITOR','1431-HEI',1),(16,'MONITOR','2580-AB1',1),(17,'MONITOR','4434-HE1',1),(18,'MONITOR','4750-HB2',1),(19,'MONITOR','5047-HB2',1),(20,'MONITOR','60B8-AAR6',1),(22,'MONITOR','L1710',2),(23,'MONITOR','S1933',2),(24,'MONITOR','V185ES',2),(99,'REVISAR','REVISAR',1);
/*!40000 ALTER TABLE `items` ENABLE KEYS */;
UNLOCK TABLES;

--
-- Table structure for table `movimientos`
--

DROP TABLE IF EXISTS `movimientos`;
/*!40101 SET @saved_cs_client     = @@character_set_client */;
/*!40101 SET character_set_client = utf8 */;
CREATE TABLE `movimientos` (
  `id_movimiento` int(11) NOT NULL AUTO_INCREMENT,
  `dest_sede` int(11) DEFAULT NULL,
  `dest_bodega` varchar(45) DEFAULT NULL,
  `dest_posicion` varchar(45) DEFAULT NULL,
  `dest_campaña` varchar(45) DEFAULT NULL,
  `ori_sede` varchar(45) DEFAULT NULL,
  `ori_bodega` varchar(45) DEFAULT NULL,
  `ori_posicion` varchar(45) DEFAULT NULL,
  `ori_campaña` varchar(45) DEFAULT NULL,
  `ticket` int(11) DEFAULT NULL,
  `fecha_mov` datetime DEFAULT NULL,
  `fk_usuario` int(11) NOT NULL,
  `fk_puesto` int(11) NOT NULL,
  `fk_campaign` int(11) NOT NULL,
  `fk_bodega` int(11) NOT NULL,
  `fk_sede` int(11) NOT NULL,
  PRIMARY KEY (`id_movimiento`),
  KEY `id_sede_idx` (`fk_sede`),
  KEY `id_bodega_idx` (`fk_bodega`),
  KEY `id_campaña_idx` (`fk_campaign`),
  KEY `id_puesto_idx` (`fk_puesto`),
  KEY `id_usuario_idx` (`fk_usuario`),
  CONSTRAINT `fk_bodega_mov` FOREIGN KEY (`fk_bodega`) REFERENCES `bodegas` (`id_bodega`) ON DELETE NO ACTION ON UPDATE NO ACTION,
  CONSTRAINT `fk_campaign_mov` FOREIGN KEY (`fk_campaign`) REFERENCES `campaign` (`id_campaign`) ON DELETE NO ACTION ON UPDATE NO ACTION,
  CONSTRAINT `fk_puesto_mov` FOREIGN KEY (`fk_puesto`) REFERENCES `puestos` (`id_puesto`) ON DELETE NO ACTION ON UPDATE NO ACTION,
  CONSTRAINT `fk_sede_mov` FOREIGN KEY (`fk_sede`) REFERENCES `sedes` (`id_sede`) ON DELETE NO ACTION ON UPDATE NO ACTION,
  CONSTRAINT `fk_usuario_mov` FOREIGN KEY (`fk_usuario`) REFERENCES `usuarios` (`id_usuario`) ON DELETE NO ACTION ON UPDATE NO ACTION
) ENGINE=InnoDB DEFAULT CHARSET=utf8;
/*!40101 SET character_set_client = @saved_cs_client */;

--
-- Dumping data for table `movimientos`
--

LOCK TABLES `movimientos` WRITE;
/*!40000 ALTER TABLE `movimientos` DISABLE KEYS */;
/*!40000 ALTER TABLE `movimientos` ENABLE KEYS */;
UNLOCK TABLES;

--
-- Table structure for table `puestos`
--

DROP TABLE IF EXISTS `puestos`;
/*!40101 SET @saved_cs_client     = @@character_set_client */;
/*!40101 SET character_set_client = utf8 */;
CREATE TABLE `puestos` (
  `id_puesto` int(11) NOT NULL AUTO_INCREMENT,
  `posicion` int(11) DEFAULT NULL,
  `fk_sede` int(11) NOT NULL,
  `fk_bodega` int(11) NOT NULL,
  `fk_campaign` int(11) NOT NULL,
  `fk_estado` int(11) NOT NULL,
  PRIMARY KEY (`id_puesto`),
  KEY `id_sede_idx` (`fk_sede`),
  KEY `id_bodega_idx` (`fk_bodega`),
  KEY `id_campaña_idx` (`fk_campaign`),
  KEY `id_estado_idx` (`fk_estado`),
  CONSTRAINT `fk_bodega_puesto` FOREIGN KEY (`fk_bodega`) REFERENCES `bodegas` (`id_bodega`) ON DELETE NO ACTION ON UPDATE NO ACTION,
  CONSTRAINT `fk_campaign_puesto` FOREIGN KEY (`fk_campaign`) REFERENCES `campaign` (`id_campaign`) ON DELETE NO ACTION ON UPDATE NO ACTION,
  CONSTRAINT `fk_estado_puesto` FOREIGN KEY (`fk_estado`) REFERENCES `estados` (`id_estados`) ON DELETE NO ACTION ON UPDATE NO ACTION,
  CONSTRAINT `fk_sede_puesto` FOREIGN KEY (`fk_sede`) REFERENCES `sedes` (`id_sede`) ON DELETE NO ACTION ON UPDATE NO ACTION
) ENGINE=InnoDB AUTO_INCREMENT=989 DEFAULT CHARSET=utf8;
/*!40101 SET character_set_client = @saved_cs_client */;

--
-- Dumping data for table `puestos`
--

LOCK TABLES `puestos` WRITE;
/*!40000 ALTER TABLE `puestos` DISABLE KEYS */;
INSERT INTO `puestos` VALUES (1,1,1,1,7,1),(2,2,1,1,7,1),(3,3,1,1,7,1),(4,4,1,1,7,1),(5,5,1,1,7,1),(6,6,1,1,7,1),(7,7,1,1,7,1),(8,8,1,1,7,1),(9,9,1,1,7,1),(10,10,1,1,7,1),(11,11,1,1,7,1),(12,12,1,1,7,1),(13,13,1,1,7,1),(14,14,1,1,7,1),(15,15,1,1,7,1),(16,16,1,1,7,1),(17,17,1,1,7,1),(18,18,1,1,7,1),(19,19,1,1,7,1),(20,20,1,1,7,1),(21,21,1,1,7,1),(22,22,1,1,7,1),(23,23,1,1,7,1),(24,24,1,1,7,1),(25,25,1,1,7,1),(26,26,1,1,7,1),(27,27,1,1,7,1),(28,28,1,1,7,1),(29,29,1,1,7,1),(30,30,1,1,7,1),(31,31,1,1,7,1),(32,32,1,1,7,1),(33,33,1,1,7,1),(34,34,1,1,7,1),(35,35,1,1,7,1),(36,36,1,1,7,1),(37,37,1,1,15,1),(38,38,1,1,15,1),(39,39,1,1,15,1),(40,40,1,1,13,1),(41,41,1,1,13,1),(42,42,1,1,13,1),(43,43,1,1,9,1),(44,44,1,1,9,1),(45,45,1,1,9,1),(46,46,1,1,14,2),(47,47,1,1,1,1),(48,48,1,1,1,1),(49,49,1,1,1,1),(50,50,1,1,1,1),(51,51,1,1,1,1),(52,52,1,1,1,1),(53,53,1,1,1,1),(54,54,1,1,1,1),(55,55,1,1,1,1),(56,56,1,1,1,1),(57,57,1,1,1,1),(58,58,1,1,1,1),(59,59,1,1,1,1),(60,60,1,1,1,1),(61,61,1,1,1,1),(62,62,1,1,1,1),(63,63,1,1,1,1),(64,64,1,1,1,1),(65,65,1,1,1,1),(66,66,1,1,14,2),(67,67,1,1,1,1),(68,68,1,1,1,1),(69,69,1,1,1,1),(70,70,1,1,1,1),(71,71,1,1,1,1),(72,72,1,1,1,1),(73,73,1,1,1,1),(74,74,1,1,1,1),(75,75,1,1,1,1),(76,76,1,1,1,1),(77,77,1,1,1,1),(78,78,1,1,1,1),(79,79,1,1,1,1),(80,80,1,1,1,1),(81,81,1,1,1,1),(82,82,1,1,1,1),(83,83,1,1,1,1),(84,84,1,1,1,1),(85,85,1,1,1,1),(86,86,1,1,1,1),(87,87,1,1,1,1),(88,88,1,1,1,1),(89,89,1,1,1,1),(90,90,1,1,1,1),(91,91,1,1,1,1),(92,92,1,1,1,1),(93,93,1,1,1,1),(94,94,1,1,1,1),(95,95,1,1,1,1),(96,96,1,1,1,1),(97,97,1,1,1,1),(98,98,1,1,1,1),(99,99,1,1,1,1),(100,100,1,1,1,1),(101,101,1,1,1,1),(102,102,1,1,1,1),(103,103,1,1,1,1),(104,104,1,1,1,1),(105,105,1,1,1,1),(106,106,1,1,1,1),(107,107,1,1,1,1),(108,108,1,1,1,1),(109,109,1,1,1,1),(110,110,1,1,1,1),(111,111,1,1,1,1),(112,112,1,1,1,1),(113,113,1,1,1,1),(114,114,1,1,1,1),(115,115,1,1,1,1),(116,116,1,1,1,1),(117,117,1,1,1,1),(118,118,1,1,1,1),(119,119,1,1,1,1),(120,120,1,1,1,1),(121,121,1,1,1,1),(122,122,1,1,1,1),(123,123,1,1,1,1),(124,124,1,1,1,1),(125,125,1,1,1,1),(126,126,1,1,1,1),(127,127,1,1,1,1),(128,128,1,1,1,1),(129,129,1,1,1,1),(130,130,1,1,1,1),(131,131,1,1,1,1),(132,132,1,1,1,1),(133,133,1,1,1,1),(134,134,1,1,1,1),(135,135,1,1,1,1),(136,136,1,1,1,1),(137,137,1,1,1,1),(138,138,1,1,1,1),(139,139,1,1,1,1),(140,140,1,1,1,1),(141,141,1,1,1,1),(142,142,1,1,1,1),(143,143,1,1,1,1),(144,144,1,1,1,1),(145,145,1,1,2,1),(146,146,1,1,2,1),(147,147,1,1,2,1),(148,148,1,1,1,1),(149,149,1,1,1,1),(150,150,1,1,1,1),(151,151,1,1,1,1),(152,152,1,1,1,1),(153,153,1,1,1,1),(154,154,1,1,1,1),(155,155,1,1,1,1),(156,156,1,1,1,1),(157,157,1,1,1,1),(158,158,1,1,1,1),(159,159,1,1,1,1),(160,160,1,1,1,1),(161,161,1,1,1,1),(162,162,1,1,1,1),(163,163,1,1,1,1),(164,164,1,1,1,1),(165,165,1,1,1,1),(166,166,1,1,1,1),(167,167,1,1,1,1),(168,168,1,1,1,1),(169,169,1,1,1,1),(170,170,1,1,1,1),(171,171,1,1,1,1),(172,172,1,1,1,1),(173,173,1,1,1,1),(174,174,1,1,1,1),(175,175,1,1,1,1),(176,176,1,1,1,1),(177,177,1,1,1,1),(178,178,1,1,1,1),(179,179,1,1,1,1),(180,180,1,1,1,1),(181,181,1,1,1,1),(182,182,1,1,1,1),(183,183,1,1,1,1),(184,184,1,1,1,1),(185,185,1,1,1,1),(186,186,1,1,1,1),(187,187,1,1,1,1),(188,188,1,1,1,1),(189,189,1,1,1,1),(190,190,1,1,1,1),(191,191,1,1,1,1),(192,192,1,1,1,1),(193,193,1,1,1,1),(194,194,1,1,1,1),(195,195,1,1,1,1),(196,196,1,1,1,1),(197,197,1,1,1,1),(198,198,1,1,1,1),(199,199,1,1,1,1),(200,200,1,1,1,1),(201,201,1,1,1,1),(202,202,1,1,1,1),(203,203,1,1,1,1),(204,204,1,1,1,1),(205,205,1,1,1,1),(206,206,1,1,1,1),(207,207,1,1,1,1),(208,208,1,1,1,1),(209,209,1,1,1,1),(210,210,1,1,1,1),(211,211,1,1,1,1),(212,212,1,1,1,1),(213,213,1,1,1,1),(214,214,1,1,1,1),(215,215,1,1,1,1),(216,216,1,1,1,1),(217,217,1,1,1,1),(218,218,1,1,1,1),(219,219,1,1,1,1),(220,220,1,1,1,1),(221,221,1,1,1,1),(222,222,1,1,1,1),(223,223,1,1,1,1),(224,224,1,1,1,1),(225,225,1,1,1,1),(226,226,1,1,1,1),(227,227,1,1,1,1),(228,228,1,1,1,1),(229,229,1,1,1,1),(230,230,1,1,1,1),(231,231,1,1,1,1),(232,232,1,1,1,1),(233,233,1,1,1,1),(234,234,1,1,1,1),(235,235,1,1,2,1),(236,236,1,1,2,1),(237,237,1,1,2,1),(238,238,1,1,2,1),(239,239,1,1,2,1),(240,240,1,1,2,1),(241,241,1,1,2,1),(242,242,1,1,2,1),(243,243,1,1,2,1),(244,244,1,1,2,1),(245,245,1,1,2,1),(246,246,1,1,2,1),(247,247,1,1,2,1),(248,248,1,1,2,1),(249,249,1,1,2,1),(250,250,1,1,2,1),(251,251,1,1,2,1),(252,252,1,1,2,1),(253,253,1,1,2,1),(254,254,1,1,2,1),(255,255,1,1,2,1),(256,256,1,1,2,1),(257,257,1,1,2,1),(258,258,1,1,2,1),(259,259,1,1,2,1),(260,260,1,1,2,1),(261,261,1,1,2,1),(262,262,1,1,2,1),(263,263,1,1,2,1),(264,264,1,1,2,1),(265,265,1,1,2,1),(266,266,1,1,2,1),(267,267,1,1,2,1),(268,268,1,1,2,1),(269,269,1,1,2,1),(270,270,1,1,2,1),(271,271,1,1,2,1),(272,272,1,1,2,1),(273,273,1,1,2,1),(274,274,1,1,2,1),(275,275,1,1,2,1),(276,276,1,1,2,1),(277,277,1,1,2,1),(278,278,1,1,2,1),(279,279,1,1,2,1),(280,280,1,1,2,1),(281,281,1,1,2,1),(282,282,1,1,2,1),(283,283,1,1,2,1),(284,284,1,1,2,1),(285,285,1,1,2,1),(286,286,1,1,2,1),(287,287,1,1,2,1),(288,288,1,1,2,1),(289,289,1,1,2,1),(290,290,1,1,2,1),(291,291,1,1,2,1),(292,292,1,1,2,1),(293,293,1,1,2,1),(294,294,1,1,2,1),(295,295,1,1,2,1),(296,296,1,1,2,1),(297,297,1,1,2,1),(298,298,1,1,2,1),(299,299,1,1,2,1),(300,300,1,1,2,1),(301,301,1,1,2,1),(302,302,1,1,2,1),(303,303,1,1,2,1),(304,304,1,1,2,1),(305,305,1,1,2,1),(306,306,1,1,2,1),(307,307,1,1,2,1),(308,308,1,1,2,1),(309,309,1,1,2,1),(310,310,1,1,2,1),(311,311,1,1,2,1),(312,312,1,1,2,1),(313,313,1,1,2,1),(314,314,1,1,2,1),(315,315,1,1,2,1),(316,316,1,1,2,1),(317,317,1,1,2,1),(318,318,1,1,2,1),(319,1,1,2,3,1),(320,2,1,2,3,1),(321,3,1,2,3,1),(322,4,1,2,3,1),(323,5,1,2,3,1),(324,6,1,2,3,1),(325,7,1,2,3,1),(326,8,1,2,3,1),(327,9,1,2,3,1),(328,10,1,2,3,1),(329,11,1,2,3,1),(330,12,1,2,3,1),(331,13,1,2,3,1),(332,14,1,2,3,1),(333,15,1,2,3,1),(334,16,1,2,3,1),(335,17,1,2,3,1),(336,18,1,2,3,1),(337,19,1,2,3,1),(338,20,1,2,3,1),(339,21,1,2,3,1),(340,22,1,2,3,1),(341,23,1,2,3,1),(342,24,1,2,3,1),(343,25,1,2,3,1),(344,26,1,2,3,1),(345,27,1,2,3,1),(346,28,1,2,3,1),(347,29,1,2,3,1),(348,30,1,2,3,1),(349,31,1,2,3,1),(350,32,1,2,3,1),(351,33,1,2,3,1),(352,34,1,2,3,1),(353,35,1,2,3,1),(354,36,1,2,3,1),(355,37,1,2,3,1),(356,38,1,2,3,1),(357,39,1,2,3,1),(358,40,1,2,3,1),(359,41,1,2,3,1),(360,42,1,2,3,1),(361,43,1,2,3,1),(362,44,1,2,3,1),(363,45,1,2,3,1),(364,46,1,2,3,1),(365,47,1,2,3,1),(366,48,1,2,3,1),(367,49,1,2,3,1),(368,50,1,2,3,1),(369,51,1,2,3,1),(370,52,1,2,3,1),(371,53,1,2,3,1),(372,54,1,2,3,1),(373,55,1,2,3,1),(374,56,1,2,3,1),(375,57,1,2,3,1),(376,58,1,2,3,1),(377,59,1,2,3,1),(378,60,1,2,3,1),(379,61,1,2,3,1),(380,62,1,2,3,1),(381,63,1,2,3,1),(382,64,1,2,3,1),(383,65,1,2,3,1),(384,66,1,2,3,1),(385,67,1,2,3,1),(386,68,1,2,3,1),(387,69,1,2,3,1),(388,70,1,2,3,1),(389,71,1,2,3,1),(390,72,1,2,3,1),(391,73,1,2,3,1),(392,74,1,2,3,1),(393,75,1,2,3,1),(394,76,1,2,3,1),(395,77,1,2,3,1),(396,78,1,2,3,1),(397,79,1,2,3,1),(398,80,1,2,3,1),(399,81,1,2,3,1),(400,82,1,2,3,1),(401,83,1,2,3,1),(402,84,1,2,3,1),(403,85,1,2,3,1),(404,86,1,2,3,1),(405,87,1,2,3,1),(406,88,1,2,3,1),(407,89,1,2,3,1),(408,90,1,2,3,1),(409,91,1,2,3,1),(410,92,1,2,3,1),(411,93,1,2,3,1),(412,94,1,2,3,1),(413,95,1,2,3,1),(414,96,1,2,3,1),(415,97,1,2,3,1),(416,98,1,2,3,1),(417,99,1,2,3,1),(418,100,1,2,3,1),(419,101,1,2,3,1),(420,102,1,2,3,1),(421,103,1,2,3,1),(422,104,1,2,3,1),(423,105,1,2,3,1),(424,106,1,2,3,1),(425,107,1,2,3,1),(426,108,1,2,3,1),(427,109,1,2,3,1),(428,110,1,2,3,1),(429,111,1,2,3,1),(430,112,1,2,3,1),(431,113,1,2,3,1),(432,114,1,2,3,1),(433,115,1,2,3,1),(434,116,1,2,3,1),(435,117,1,2,3,1),(436,118,1,2,3,1),(437,119,1,2,3,1),(438,120,1,2,3,1),(439,121,1,2,3,1),(440,122,1,2,3,1),(441,123,1,2,3,1),(442,124,1,2,3,1),(443,125,1,2,3,1),(444,126,1,2,3,1),(445,127,1,2,3,1),(446,128,1,2,3,1),(447,129,1,2,3,1),(448,130,1,2,3,1),(449,131,1,2,3,1),(450,132,1,2,3,1),(451,133,1,2,3,1),(452,134,1,2,3,1),(453,135,1,2,3,1),(454,136,1,2,3,1),(455,137,1,2,3,1),(456,138,1,2,3,1),(457,139,1,2,3,1),(458,140,1,2,3,1),(459,141,1,2,3,1),(460,142,1,2,3,1),(461,143,1,2,3,1),(462,144,1,2,3,1),(463,145,1,2,3,1),(464,146,1,2,3,1),(465,147,1,2,3,1),(466,148,1,2,3,1),(467,149,1,2,3,1),(468,150,1,2,3,1),(469,151,1,2,3,1),(470,152,1,2,3,1),(471,153,1,2,3,1),(472,154,1,2,3,1),(473,155,1,2,3,1),(474,156,1,2,3,1),(475,157,1,2,3,1),(476,158,1,2,3,1),(477,159,1,2,3,1),(478,160,1,2,3,1),(479,161,1,2,3,1),(480,162,1,2,3,1),(481,163,1,2,3,1),(482,164,1,2,3,1),(483,165,1,2,3,1),(484,166,1,2,3,1),(485,167,1,2,3,1),(486,168,1,2,3,1),(487,169,1,2,3,1),(488,170,1,2,3,1),(489,171,1,2,3,1),(490,172,1,2,3,1),(491,173,1,2,3,1),(492,174,1,2,3,1),(493,175,1,2,3,1),(494,176,1,2,3,1),(495,177,1,2,3,1),(496,178,1,2,3,1),(497,179,1,2,3,1),(498,180,1,2,3,1),(499,181,1,2,3,1),(500,182,1,2,3,1),(501,183,1,2,3,1),(502,184,1,2,3,1),(503,185,1,2,3,1),(504,186,1,2,3,1),(505,187,1,2,3,1),(506,188,1,2,3,1),(507,189,1,2,3,1),(508,190,1,2,3,1),(509,191,1,2,3,1),(510,192,1,2,3,1),(511,193,1,2,3,1),(512,194,1,2,3,1),(513,195,1,2,3,1),(514,196,1,2,3,1),(515,197,1,2,3,1),(516,198,1,2,3,1),(517,199,1,2,3,1),(518,200,1,2,3,1),(519,201,1,2,3,1),(520,202,1,2,3,1),(521,1,1,3,4,1),(522,2,1,3,4,1),(523,3,1,3,4,1),(524,4,1,3,4,1),(525,5,1,3,4,1),(526,6,1,3,4,1),(527,7,1,3,4,1),(528,8,1,3,4,1),(529,9,1,3,4,1),(530,10,1,3,4,1),(531,11,1,3,4,1),(532,12,1,3,4,1),(533,13,1,3,4,1),(534,14,1,3,4,1),(535,15,1,3,4,1),(536,16,1,3,4,1),(537,17,1,3,4,1),(538,18,1,3,4,1),(539,19,1,3,4,1),(540,20,1,3,4,1),(541,21,1,3,4,1),(542,22,1,3,4,1),(543,23,1,3,4,1),(544,24,1,3,4,1),(545,25,1,3,4,1),(546,26,1,3,4,1),(547,27,1,3,4,1),(548,28,1,3,4,1),(549,29,1,3,4,1),(550,30,1,3,4,1),(551,31,1,3,4,1),(552,32,1,3,4,1),(553,33,1,3,4,1),(554,34,1,3,4,1),(555,35,1,3,4,1),(556,36,1,3,4,1),(557,37,1,3,4,1),(558,38,1,3,4,1),(559,39,1,3,4,1),(560,40,1,3,4,1),(561,41,1,3,4,1),(562,42,1,3,4,1),(563,43,1,3,4,1),(564,44,1,3,4,1),(565,45,1,3,4,1),(566,46,1,3,4,1),(567,47,1,3,4,1),(568,48,1,3,4,1),(569,49,1,3,4,1),(570,50,1,3,4,1),(571,51,1,3,4,1),(572,52,1,3,4,1),(573,53,1,3,4,1),(574,54,1,3,4,1),(575,55,1,3,4,1),(576,56,1,3,4,1),(577,57,1,3,4,1),(578,58,1,3,4,1),(579,59,1,3,4,1),(580,60,1,3,4,1),(581,61,1,3,4,1),(582,62,1,3,4,1),(583,63,1,3,4,1),(584,64,1,3,4,1),(585,65,1,3,4,1),(586,66,1,3,4,1),(587,67,1,3,4,1),(588,68,1,3,4,1),(589,69,1,3,4,1),(590,70,1,3,4,1),(591,71,1,3,4,1),(592,72,1,3,4,1),(593,73,1,3,4,1),(594,74,1,3,4,1),(595,75,1,3,4,1),(596,76,1,3,4,1),(597,77,1,3,4,1),(598,78,1,3,4,1),(599,79,1,3,4,1),(600,80,1,3,4,1),(601,81,1,3,4,1),(602,82,1,3,4,1),(603,83,1,3,4,1),(604,84,1,3,4,1),(605,85,1,3,4,1),(606,86,1,3,4,1),(607,87,1,3,4,1),(608,88,1,3,4,1),(609,89,1,3,4,1),(610,90,1,3,4,1),(611,91,1,3,4,1),(612,92,1,3,4,1),(613,93,1,3,4,1),(614,94,1,3,4,1),(615,95,1,3,4,1),(616,96,1,3,4,1),(617,97,1,3,4,1),(618,98,1,3,4,1),(619,99,1,3,4,1),(620,100,1,3,4,1),(621,101,1,3,4,1),(622,102,1,3,4,1),(623,103,1,3,4,1),(624,104,1,3,4,1),(625,105,1,3,4,1),(626,106,1,3,4,1),(627,107,1,3,4,1),(628,108,1,3,4,1),(629,109,1,3,4,1),(630,110,1,3,4,1),(631,111,1,3,4,1),(632,112,1,3,4,1),(633,113,1,3,4,1),(634,114,1,3,4,1),(635,115,1,3,4,1),(636,116,1,3,4,1),(637,117,1,3,4,1),(638,118,1,3,4,1),(639,119,1,3,4,1),(640,120,1,3,4,1),(641,121,1,3,4,1),(642,122,1,3,4,1),(643,123,1,3,4,1),(644,124,1,3,4,1),(645,125,1,3,4,1),(646,126,1,3,4,1),(647,127,1,3,4,1),(648,128,1,3,4,1),(649,129,1,3,4,1),(650,130,1,3,4,1),(651,131,1,3,4,1),(652,132,1,3,4,1),(653,133,1,3,4,1),(654,134,1,3,4,1),(655,135,1,3,4,1),(656,136,1,3,4,1),(657,137,1,3,4,1),(658,138,1,3,4,1),(659,139,1,3,4,1),(660,140,1,3,4,1),(661,141,1,3,4,1),(662,142,1,3,4,1),(663,143,1,3,4,1),(664,144,1,3,4,1),(665,145,1,3,4,1),(666,146,1,3,4,1),(667,147,1,3,4,1),(668,148,1,3,4,1),(669,149,1,3,4,1),(670,150,1,3,4,1),(671,151,1,3,4,1),(672,152,1,3,4,1),(673,153,1,3,4,1),(674,154,1,3,4,1),(675,155,1,3,4,1),(676,156,1,3,4,1),(677,157,1,3,4,1),(678,158,1,3,4,1),(679,159,1,3,4,1),(680,160,1,3,4,1),(681,161,1,3,4,1),(682,162,1,3,4,1),(683,163,1,3,4,1),(684,164,1,3,4,1),(685,165,1,3,4,1),(686,166,1,3,4,1),(687,167,1,3,4,1),(688,168,1,3,4,1),(689,169,1,3,4,1),(690,170,1,3,4,1),(691,171,1,3,4,1),(692,172,1,3,4,1),(693,173,1,3,4,1),(694,174,1,3,4,1),(695,175,1,3,4,1),(696,176,1,3,4,1),(697,177,1,3,4,1),(698,178,1,3,4,1),(699,179,1,3,4,1),(700,180,1,3,4,1),(701,181,1,3,4,1),(702,182,1,3,4,1),(703,183,1,3,4,1),(704,184,1,3,4,1),(705,185,1,3,4,1),(706,186,1,3,4,1),(707,187,1,3,4,1),(708,188,1,3,4,1),(709,189,1,3,4,1),(710,190,1,3,4,1),(711,191,1,3,4,1),(712,192,1,3,4,1),(713,193,1,3,4,1),(714,194,1,3,4,1),(715,195,1,3,4,1),(716,196,1,3,4,1),(717,197,1,3,4,1),(718,198,1,3,4,1),(719,199,1,3,4,1),(720,200,1,3,4,1),(721,201,1,3,4,1),(722,202,1,3,4,1),(723,203,1,3,4,1),(724,204,1,3,4,1),(725,205,1,3,4,1),(726,206,1,3,4,1),(727,207,1,3,4,1),(728,208,1,3,4,1),(729,209,1,3,4,1),(730,210,1,3,4,1),(731,211,1,3,4,1),(732,212,1,3,4,1),(733,213,1,3,4,1),(734,214,1,3,4,1),(735,215,1,3,4,1),(736,216,1,3,4,1),(737,1,1,8,4,1),(738,2,1,8,4,1),(739,3,1,8,4,1),(740,4,1,8,4,1),(741,5,1,8,4,1),(742,1,1,4,4,1),(743,2,1,4,4,1),(744,3,1,4,4,1),(745,4,1,4,4,1),(746,5,1,4,4,1),(747,6,1,4,4,1),(748,7,1,4,4,1),(749,8,1,4,4,1),(750,9,1,4,4,1),(751,10,1,4,4,1),(752,11,1,4,4,1),(753,12,1,4,4,1),(754,13,1,4,4,1),(755,14,1,4,4,1),(756,15,1,4,4,1),(757,16,1,4,4,1),(758,17,1,4,4,1),(759,18,1,4,4,1),(760,19,1,4,4,1),(761,20,1,4,4,1),(762,21,1,4,4,1),(763,22,1,4,4,1),(764,23,1,4,4,1),(765,24,1,4,4,1),(766,25,1,4,4,1),(767,26,1,4,4,1),(768,27,1,4,4,1),(769,28,1,4,4,1),(770,29,1,4,4,1),(771,30,1,4,4,1),(772,31,1,4,6,1),(773,32,1,4,6,1),(774,33,1,4,6,1),(775,34,1,4,6,1),(776,35,1,4,6,1),(777,36,1,4,6,1),(778,37,1,4,6,1),(779,38,1,4,6,1),(780,39,1,4,8,1),(781,40,1,4,8,1),(782,41,1,4,8,1),(783,42,1,4,8,1),(784,43,1,4,8,1),(785,44,1,4,8,1),(786,45,1,4,8,1),(787,46,1,4,8,1),(788,47,1,4,8,1),(789,48,1,4,8,1),(790,49,1,4,8,1),(791,50,1,4,6,1),(792,51,1,4,6,1),(793,52,1,4,6,1),(794,53,1,4,6,1),(795,54,1,4,6,1),(796,55,1,4,6,1),(797,56,1,4,6,1),(798,57,1,4,6,1),(799,58,1,4,6,1),(800,59,1,4,6,1),(801,60,1,4,6,1),(802,61,1,4,6,1),(803,62,1,4,6,1),(804,63,1,4,6,1),(805,64,1,4,6,1),(806,65,1,4,6,1),(807,66,1,4,6,1),(808,67,1,4,6,1),(809,68,1,4,6,1),(810,69,1,4,6,1),(811,70,1,4,6,1),(812,71,1,4,6,1),(813,72,1,4,6,1),(814,73,1,4,6,1),(815,74,1,4,6,1),(816,75,1,4,6,1),(817,76,1,4,6,1),(818,77,1,4,6,1),(819,78,1,4,6,1),(820,79,1,4,6,1),(821,80,1,4,6,1),(822,81,1,4,6,1),(823,82,1,4,6,1),(824,83,1,4,6,1),(825,84,1,4,6,1),(826,85,1,4,6,1),(827,86,1,4,6,1),(828,87,1,4,6,1),(829,88,1,9,14,2),(830,89,1,9,14,2),(831,90,1,9,14,2),(832,91,1,9,14,2),(833,92,1,9,14,2),(834,93,1,9,14,2),(835,94,1,9,5,1),(836,95,1,9,5,1),(837,96,1,9,5,1),(838,97,1,9,5,1),(839,98,1,9,5,1),(840,99,1,9,5,1),(841,100,1,9,5,1),(842,101,1,9,5,1),(843,102,1,9,5,1),(844,103,1,9,5,1),(845,104,1,9,5,1),(846,105,1,9,5,1),(847,106,1,9,5,1),(848,107,1,9,5,1),(849,108,1,9,5,1),(850,109,1,9,5,1),(851,110,1,9,14,2),(852,111,1,9,14,2),(853,112,1,9,14,2),(854,113,1,9,14,2),(855,114,1,9,14,2),(856,115,1,9,14,2),(857,116,1,9,14,2),(858,117,1,9,5,1),(859,118,1,9,5,1),(860,119,1,9,5,1),(861,120,1,9,5,1),(862,121,1,9,5,1),(863,122,1,9,5,1),(864,123,1,9,5,1),(865,1,1,10,13,1),(866,2,1,10,13,1),(867,3,1,10,13,1),(868,4,1,10,13,1),(869,5,1,10,13,1),(870,6,1,10,13,1),(871,7,1,10,13,1),(872,8,1,10,13,1),(873,9,1,10,13,1),(874,10,1,10,13,1),(875,11,1,10,13,1),(876,12,1,10,13,1),(877,13,1,10,13,1),(878,14,1,10,13,1),(879,15,1,10,13,1),(880,16,1,10,13,1),(881,17,1,10,13,1),(882,18,1,10,13,1),(883,19,1,10,13,1),(884,20,1,10,13,1),(885,1,1,11,13,1),(886,2,1,11,13,1),(887,3,1,11,13,1),(888,4,1,11,13,1),(889,5,1,11,13,1),(890,6,1,11,13,1),(891,7,1,11,13,1),(892,8,1,11,13,1),(893,9,1,11,13,1),(894,10,1,11,13,1),(895,11,1,11,13,1),(896,12,1,11,13,1),(897,13,1,11,13,1),(898,14,1,11,13,1),(899,15,1,11,13,1),(900,16,1,11,13,1),(901,17,1,11,13,1),(902,18,1,11,13,1),(903,19,1,11,13,1),(904,20,1,11,13,1),(905,1,1,12,13,1),(906,2,1,12,13,1),(907,3,1,12,13,1),(908,4,1,12,13,1),(909,5,1,12,13,1),(910,6,1,12,13,1),(911,7,1,12,13,1),(912,8,1,12,13,1),(913,9,1,12,13,1),(914,10,1,12,13,1),(915,11,1,12,13,1),(916,12,1,12,13,1),(917,13,1,12,13,1),(918,14,1,12,13,1),(919,15,1,12,13,1),(920,16,1,12,13,1),(921,17,1,12,13,1),(922,18,1,12,13,1),(923,19,1,12,13,1),(924,20,1,12,13,1),(925,21,1,12,13,1),(926,1,1,13,13,1),(927,2,1,13,13,1),(928,3,1,13,13,1),(929,4,1,13,13,1),(930,5,1,13,13,1),(931,6,1,13,13,1),(932,7,1,13,13,1),(933,8,1,13,13,1),(934,9,1,13,13,1),(935,10,1,13,13,1),(936,11,1,13,13,1),(937,12,1,13,13,1),(938,13,1,13,13,1),(939,14,1,13,13,1),(940,15,1,13,13,1),(941,16,1,13,13,1),(942,17,1,13,13,1),(943,18,1,13,13,1),(944,19,1,13,13,1),(945,20,1,13,13,1),(946,21,1,13,13,1),(947,1,1,14,13,1),(948,2,1,14,13,1),(949,3,1,14,13,1),(950,4,1,14,13,1),(951,5,1,14,13,1),(952,6,1,14,13,1),(953,7,1,14,13,1),(954,8,1,14,13,1),(955,9,1,14,13,1),(956,10,1,14,13,1),(957,11,1,14,13,1),(958,12,1,14,13,1),(959,13,1,14,13,1),(960,14,1,14,13,1),(961,15,1,14,13,1),(962,16,1,14,13,1),(963,17,1,14,13,1),(964,18,1,14,13,1),(965,19,1,14,13,1),(966,20,1,14,13,1),(967,1,1,5,9,1),(968,2,1,5,9,1),(969,3,1,5,9,1),(970,4,1,5,10,1),(971,5,1,5,10,1),(972,6,1,5,10,1),(973,7,1,5,10,1),(974,8,1,5,10,1),(975,9,1,5,12,1),(976,10,1,5,12,1),(977,1,1,6,11,1),(978,2,1,6,11,1),(979,3,1,6,11,1),(980,4,1,6,16,1),(981,5,1,6,11,1),(988,6,1,8,4,1);
/*!40000 ALTER TABLE `puestos` ENABLE KEYS */;
UNLOCK TABLES;

--
-- Table structure for table `sedes`
--

DROP TABLE IF EXISTS `sedes`;
/*!40101 SET @saved_cs_client     = @@character_set_client */;
/*!40101 SET character_set_client = utf8 */;
CREATE TABLE `sedes` (
  `id_sede` int(11) NOT NULL AUTO_INCREMENT,
  `nombre_sede` varchar(45) DEFAULT NULL,
  `ciudad_sede` varchar(45) DEFAULT NULL,
  PRIMARY KEY (`id_sede`)
) ENGINE=InnoDB AUTO_INCREMENT=10 DEFAULT CHARSET=utf8;
/*!40101 SET character_set_client = @saved_cs_client */;

--
-- Dumping data for table `sedes`
--

LOCK TABLES `sedes` WRITE;
/*!40000 ALTER TABLE `sedes` DISABLE KEYS */;
INSERT INTO `sedes` VALUES (1,'DXCO IBAGUE','IBAGUE'),(2,'DXCO ZONA FRANCA','BOGOTA'),(3,'DXCO OF. ADMINISTRATIVA','BOGOTA'),(4,'DXCO ARMENIA MOCAWA','ARMENIA'),(5,'DXCO MANIZALES LA PATRIA','MANIZALES'),(6,'DXCO MANIZALES VILLAMARIA','MANIZALES'),(7,'DXCO MANIZALES SAN ANTONIO','MANIZALES'),(8,'DXCO MANIZALES LAURELES','MANIZALES'),(9,'DXCO MANIZALES BOLIVAR','MANIZALES');
/*!40000 ALTER TABLE `sedes` ENABLE KEYS */;
UNLOCK TABLES;

--
-- Table structure for table `usuarios`
--

DROP TABLE IF EXISTS `usuarios`;
/*!40101 SET @saved_cs_client     = @@character_set_client */;
/*!40101 SET character_set_client = utf8 */;
CREATE TABLE `usuarios` (
  `id_usuario` int(11) NOT NULL AUTO_INCREMENT,
  `nombre_usuario` varchar(45) DEFAULT NULL,
  `cargo_usuario` varchar(45) DEFAULT NULL,
  `pass_usuario` varchar(45) DEFAULT NULL,
  `fk_sede` int(11) NOT NULL,
  `fk_campaign` int(11) NOT NULL,
  PRIMARY KEY (`id_usuario`),
  KEY `id_sede_idx` (`fk_sede`),
  KEY `id_campaña_idx` (`fk_campaign`),
  CONSTRAINT `id_campaign_user` FOREIGN KEY (`fk_campaign`) REFERENCES `campaign` (`id_campaign`) ON DELETE NO ACTION ON UPDATE NO ACTION,
  CONSTRAINT `id_sede_user` FOREIGN KEY (`fk_sede`) REFERENCES `sedes` (`id_sede`) ON DELETE NO ACTION ON UPDATE NO ACTION
) ENGINE=InnoDB DEFAULT CHARSET=utf8;
/*!40101 SET character_set_client = @saved_cs_client */;

--
-- Dumping data for table `usuarios`
--

LOCK TABLES `usuarios` WRITE;
/*!40000 ALTER TABLE `usuarios` DISABLE KEYS */;
/*!40000 ALTER TABLE `usuarios` ENABLE KEYS */;
UNLOCK TABLES;
/*!40103 SET TIME_ZONE=@OLD_TIME_ZONE */;

/*!40101 SET SQL_MODE=@OLD_SQL_MODE */;
/*!40014 SET FOREIGN_KEY_CHECKS=@OLD_FOREIGN_KEY_CHECKS */;
/*!40014 SET UNIQUE_CHECKS=@OLD_UNIQUE_CHECKS */;
/*!40101 SET CHARACTER_SET_CLIENT=@OLD_CHARACTER_SET_CLIENT */;
/*!40101 SET CHARACTER_SET_RESULTS=@OLD_CHARACTER_SET_RESULTS */;
/*!40101 SET COLLATION_CONNECTION=@OLD_COLLATION_CONNECTION */;
/*!40111 SET SQL_NOTES=@OLD_SQL_NOTES */;

-- Dump completed on 2017-03-18 14:08:53
