-- MySQL dump 10.13  Distrib 5.7.12, for Win64 (x86_64)
--
-- Host: localhost    Database: inventario_digitex
-- ------------------------------------------------------
-- Server version	5.7.17-log

/*!40101 SET @OLD_CHARACTER_SET_CLIENT=@@CHARACTER_SET_CLIENT */;
/*!40101 SET @OLD_CHARACTER_SET_RESULTS=@@CHARACTER_SET_RESULTS */;
/*!40101 SET @OLD_COLLATION_CONNECTION=@@COLLATION_CONNECTION */;
/*!40101 SET NAMES utf8 */;
/*!40103 SET @OLD_TIME_ZONE=@@TIME_ZONE */;
/*!40103 SET TIME_ZONE='+00:00' */;
/*!40014 SET @OLD_UNIQUE_CHECKS=@@UNIQUE_CHECKS, UNIQUE_CHECKS=0 */;
/*!40014 SET @OLD_FOREIGN_KEY_CHECKS=@@FOREIGN_KEY_CHECKS, FOREIGN_KEY_CHECKS=0 */;
/*!40101 SET @OLD_SQL_MODE=@@SQL_MODE, SQL_MODE='NO_AUTO_VALUE_ON_ZERO' */;
/*!40111 SET @OLD_SQL_NOTES=@@SQL_NOTES, SQL_NOTES=0 */;

--
-- Table structure for table `articulos`
--

DROP TABLE IF EXISTS `articulos`;
/*!40101 SET @saved_cs_client     = @@character_set_client */;
/*!40101 SET character_set_client = utf8 */;
CREATE TABLE `articulos` (
  `id_articulos` int(11) NOT NULL AUTO_INCREMENT,
  `activo` varchar(45) NOT NULL,
  `serial_art` varchar(45) NOT NULL,
  `plaqueta_art` varchar(11) NOT NULL,
  `fecha_creacion` date NOT NULL,
  `fk_items` int(11) NOT NULL,
  `fk_tipo` int(11) NOT NULL,
  `propietario` varchar(45) DEFAULT NULL,
  `responsable` varchar(45) DEFAULT NULL,
  PRIMARY KEY (`id_articulos`),
  UNIQUE KEY `plaqueta_art_UNIQUE` (`plaqueta_art`),
  UNIQUE KEY `serial_art_UNIQUE` (`serial_art`),
  KEY `id_items_idx` (`fk_items`),
  KEY `fk_tipo_idx` (`fk_tipo`),
  CONSTRAINT `fk_items_art` FOREIGN KEY (`fk_items`) REFERENCES `items` (`id_item`) ON DELETE NO ACTION ON UPDATE NO ACTION
) ENGINE=InnoDB AUTO_INCREMENT=11120 DEFAULT CHARSET=utf8;
/*!40101 SET character_set_client = @saved_cs_client */;

--
-- Dumping data for table `articulos`
--

LOCK TABLES `articulos` WRITE;
/*!40000 ALTER TABLE `articulos` DISABLE KEYS */;
INSERT INTO `articulos` VALUES (1000,'1','MJEDVAC','024058','2017-08-17',9,1,'DIGITEX INTERNACIONAL S.A.S',NULL),(1001,'1','VNAC1W5','001850','2017-09-05',16,2,'DIGITEX INTERNACIONAL S.A.S',NULL),(1002,'1','MJEDPYP','012747','2017-09-05',9,1,'DIGITEX INTERNACIONAL S.A.S',NULL),(1003,'1','V1PR676','010112','2017-09-05',16,2,'DIGITEX INTERNACIONAL S.A.S',NULL),(1004,'1','MJEDVMN','010224','2017-09-05',9,1,'DIGITEX INTERNACIONAL S.A.S',NULL),(1005,'1','CNC038NY31','002026','2017-09-05',23,2,'DIGITEX INTERNACIONAL S.A.S',NULL),(1006,'1','MJEDTWB','024312','2017-09-05',9,1,'DIGITEX INTERNACIONAL S.A.S',NULL),(1007,'1','V1PR688','010047','2017-09-05',16,2,'DIGITEX INTERNACIONAL S.A.S',NULL),(1008,'1','MJ02XN60','018158','2017-09-05',1,1,'DIGITEX INTERNACIONAL S.A.S',NULL),(1009,'1','V335814','018416','2017-09-05',17,2,'DIGITEX INTERNACIONAL S.A.S',NULL),(1010,'1','MJ018XSA','014992','2017-09-05',12,1,'DIGITEX INTERNACIONAL S.A.S',NULL),(1011,'1','V9-0070MN','014958','2017-09-08',20,2,'DIGITEX INTERNACIONAL S.A.S',NULL),(1012,'1','MJ018Y3Q','015707','2017-09-08',12,1,'DIGITEX INTERNACIONAL S.A.S',NULL),(1013,'1','V9-006ZYM','015701','2017-08-15',20,2,'DIGITEX INTERNACIONAL S.A.S',NULL),(1014,'1','MJ018XWV','024056','2017-08-15',12,1,'DIGITEX INTERNACIONAL S.A.S',NULL),(1015,'1','V1BMG13','010132','2017-09-05',16,2,'DIGITEX INTERNACIONAL S.A.S',NULL),(1016,'1','MJEDVBW','024802','2017-09-05',9,1,'DIGITEX INTERNACIONAL S.A.S',NULL),(1017,'1','VNALZVM','000773','2017-09-05',16,2,'DIGITEX INTERNACIONAL S.A.S',NULL),(1018,'1','MJEDVDP','019717','2017-08-26',9,1,'DIGITEX INTERNACIONAL S.A.S',NULL),(1019,'1','VNABZR5','000928','2017-07-12',19,2,'DIGITEX INTERNACIONAL S.A.S',NULL),(1020,'1','MJGMCPA','024025','2017-08-26',9,1,'DIGITEX INTERNACIONAL S.A.S',NULL),(1021,'1','VNAR40M','000811','2017-07-12',19,2,'DIGITEX INTERNACIONAL S.A.S',NULL),(1022,'1','MJGMCRA','024178','2017-08-19',9,1,'DIGITEX INTERNACIONAL S.A.S',NULL),(1023,'1','VNA4D88','001674','2017-07-12',19,2,'DIGITEX INTERNACIONAL S.A.S',NULL),(1024,'1','MJEDVEZ','024137','2017-08-26',9,1,'DIGITEX INTERNACIONAL S.A.S',NULL),(1025,'1','VNAC1W1','001865','2017-09-05',19,2,'DIGITEX INTERNACIONAL S.A.S',NULL),(1026,'1','MJEDVGF','017439','2017-07-12',9,1,'DIGITEX INTERNACIONAL S.A.S',NULL),(1027,'1','VNALZVB','001160','2017-07-12',19,2,'DIGITEX INTERNACIONAL S.A.S',NULL),(1028,'1','MJGMCRE','012768','2017-08-26',9,1,'DIGITEX INTERNACIONAL S.A.S',NULL),(1029,'1','V1ALK48','011134','2017-08-14',16,2,'DIGITEX INTERNACIONAL S.A.S',NULL),(1030,'1','MJEDYZC','024097','2017-08-26',9,1,'DIGITEX INTERNACIONAL S.A.S',NULL),(1031,'1','VNALZRZ','000892','2017-09-05',19,2,'DIGITEX INTERNACIONAL S.A.S',NULL),(1032,'1','99-MJEDPYF','9014736','2017-07-12',9,1,'DIGITEX INTERNACIONAL S.A.S',NULL),(1033,'1','CNC038NQ98','001991','2017-07-12',23,2,'DIGITEX INTERNACIONAL S.A.S',NULL),(1034,'1','MJEDVBG','014512','2017-07-12',9,1,'DIGITEX INTERNACIONAL S.A.S',NULL),(1035,'1','MJGMCPH','015775','2017-07-12',9,1,'DIGITEX INTERNACIONAL S.A.S',NULL),(1036,'1','V1BCN63','010317','2017-09-01',16,2,'DIGITEX INTERNACIONAL S.A.S',NULL),(1037,'1','MJEDTZH','017207','2017-07-12',9,1,'DIGITEX INTERNACIONAL S.A.S',NULL),(1038,'1','MJEDTTT','014743','2017-07-12',9,1,'DIGITEX INTERNACIONAL S.A.S',NULL),(1039,'1','V1BMG53','010346','2017-09-05',16,2,'DIGITEX INTERNACIONAL S.A.S',NULL),(1040,'1','MJEDVLH','024242','2017-07-12',9,1,'DIGITEX INTERNACIONAL S.A.S',NULL),(1041,'1','10WZ3552424','004256','2017-09-05',13,3,'DIGITEX INTERNACIONAL S.A.S',NULL),(1042,'1','V1BMF95','024510','2017-07-12',16,2,'DIGITEX INTERNACIONAL S.A.S',NULL),(1043,'1','MJEDVCG','019773','2017-07-12',9,1,'DIGITEX INTERNACIONAL S.A.S',NULL),(1044,'1','10WZ39655170','004209','2017-07-12',13,3,'DIGITEX INTERNACIONAL S.A.S',NULL),(1045,'1','V1BMFJ83','010216','2017-09-05',16,2,'DIGITEX INTERNACIONAL S.A.S',NULL),(1046,'1','MJEDYYP','014744','2017-07-12',9,1,'DIGITEX INTERNACIONAL S.A.S',NULL),(1047,'1','10WZ33450472','003434','2017-07-12',13,3,'DIGITEX INTERNACIONAL S.A.S',NULL),(1048,'1','V1PR651','019991','2017-07-12',16,2,'DIGITEX INTERNACIONAL S.A.S',NULL),(1049,'1','MJZKF10','024310','2017-07-12',6,1,'DIGITEX INTERNACIONAL S.A.S',NULL),(1050,'1','15WZ522704VS','024351','2017-08-29',35,3,'DIGITEX INTERNACIONAL S.A.S',NULL),(1051,'1','CNT933636ZT','001678','2017-07-12',24,2,'DIGITEX INTERNACIONAL S.A.S',NULL),(1052,'1','MJEDPZN','024139','2017-07-12',9,1,'DIGITEX INTERNACIONAL S.A.S',NULL),(1053,'1','15WZ522704VN','024319','2017-09-05',35,3,'DIGITEX INTERNACIONAL S.A.S',NULL),(1054,'1','VNALZTZ','000770','2017-07-12',19,2,'DIGITEX INTERNACIONAL S.A.S',NULL),(1055,'1','MJERDNW','019796','2017-07-12',9,1,'DIGITEX INTERNACIONAL S.A.S',NULL),(1056,'1','08A722580571','003947','2017-07-12',13,3,'DIGITEX INTERNACIONAL S.A.S',NULL),(1057,'1','VNALZVF','001151','2017-07-12',19,2,'DIGITEX INTERNACIONAL S.A.S',NULL),(1058,'1','MJPWH14','024902','2017-07-12',6,1,'DIGITEX INTERNACIONAL S.A.S',NULL),(1059,'1','10WZ35552460','003869','2017-09-11',13,3,'DIGITEX INTERNACIONAL S.A.S',NULL),(1060,'1','VNABZRY','001777','2017-07-12',19,2,'DIGITEX INTERNACIONAL S.A.S',NULL),(1061,'1','MJGMCNL','014749','2017-07-12',9,1,'DIGITEX INTERNACIONAL S.A.S',NULL),(1062,'1','15WZ522703J4','024320','2017-08-29',35,3,'DIGITEX INTERNACIONAL S.A.S',NULL),(1063,'1','V1ALK17','010687','2017-07-12',16,2,'DIGITEX INTERNACIONAL S.A.S',NULL),(1064,'1','MJEDTWR','015768','2017-07-12',9,1,'DIGITEX INTERNACIONAL S.A.S',NULL),(1065,'1','VNA4D8K','002393','2017-07-12',19,2,'DIGITEX INTERNACIONAL S.A.S',NULL),(1066,'1','MJEDVDZ','029890','2017-09-04',9,1,'DIGITEX INTERNACIONAL S.A.S',NULL),(1067,'1','10WZ35553247','004236','2017-07-12',13,3,'DIGITEX INTERNACIONAL S.A.S',NULL),(1068,'1','VNABWM9','002056','2017-07-12',16,2,'DIGITEX INTERNACIONAL S.A.S',NULL),(1069,'1','MJEDPYG','024633','2017-07-12',9,1,'DIGITEX INTERNACIONAL S.A.S',NULL),(1070,'1','10WZ19551822','004232','2017-07-12',13,3,'DIGITEX INTERNACIONAL S.A.S',NULL),(1071,'1','VNABYM8','001258','2017-08-16',19,2,'DIGITEX INTERNACIONAL S.A.S',NULL),(1072,'1','MJERDPZ','024634','2017-07-12',9,1,'DIGITEX INTERNACIONAL S.A.S',NULL),(1073,'1','10WZ33450371','003986','2017-07-12',13,3,'DIGITEX INTERNACIONAL S.A.S',NULL),(1074,'1','V1ALK54','000916','2017-07-12',16,2,'DIGITEX INTERNACIONAL S.A.S',NULL),(1075,'1','MXL040190W','029825','2017-08-14',10,1,'DIGITEX INTERNACIONAL S.A.S',NULL),(1076,'1','15WZ52270475','024615','2017-08-29',35,3,'DIGITEX INTERNACIONAL S.A.S',NULL),(1077,'1','V255554','000234','2017-07-12',16,2,'DIGITEX INTERNACIONAL S.A.S',NULL),(1078,'1','MJBFWYZ','024236','2017-07-12',2,1,'DIGITEX INTERNACIONAL S.A.S',NULL),(1079,'1','10WZ19550539','003994','2017-09-05',13,1,'DIGITEX INTERNACIONAL S.A.S',NULL),(1080,'1','V1PR625','024695','2017-09-04',16,2,'DIGITEX INTERNACIONAL S.A.S',NULL),(1081,'1','MJEDVFH','029869','2017-09-05',9,1,'DIGITEX INTERNACIONAL S.A.S',NULL),(1082,'1','10WZ35551646','003983','2017-07-12',13,3,'DIGITEX INTERNACIONAL S.A.S',NULL),(1083,'1','V1PR603','011144','2017-07-12',16,2,'DIGITEX INTERNACIONAL S.A.S',NULL),(1084,'1','MJEY048','024619','2017-08-16',4,1,'DIGITEX INTERNACIONAL S.A.S',NULL),(1085,'1','10WZ39655060','004241','2017-07-12',13,3,'DIGITEX INTERNACIONAL S.A.S',NULL),(1086,'1','VNALZTV','000776','2017-07-12',19,2,'DIGITEX INTERNACIONAL S.A.S',NULL),(1087,'1','MJEDVAD','019792','2017-07-12',9,1,'DIGITEX INTERNACIONAL S.A.S',NULL),(1088,'1','10WZ35551663','004319','2017-07-12',13,3,'DIGITEX INTERNACIONAL S.A.S',NULL),(1089,'1','V255689','000149','2017-07-12',16,2,'DIGITEX INTERNACIONAL S.A.S',NULL),(1090,'1','MXL0390XQG','024023','2017-07-12',10,1,'DIGITEX INTERNACIONAL S.A.S',NULL),(1091,'1','10WZ35552455','004203','2017-07-12',13,3,'DIGITEX INTERNACIONAL S.A.S',NULL),(1092,'1','V1PR611','024833','2017-07-12',16,2,'DIGITEX INTERNACIONAL S.A.S',NULL),(1093,'1','MJGMCNR','024995','2017-09-05',9,1,'DIGITEX INTERNACIONAL S.A.S',NULL),(1094,'1','10WZ40050061','003719','2017-07-12',13,3,'DIGITEX INTERNACIONAL S.A.S',NULL),(1095,'1','V1PR664','008790','2017-07-12',16,2,'DIGITEX INTERNACIONAL S.A.S',NULL),(1096,'1','MJEDZBD','019743','2017-07-12',9,1,'DIGITEX INTERNACIONAL S.A.S',NULL),(1097,'1','10WZ35050328','004271','2017-07-12',13,3,'DIGITEX INTERNACIONAL S.A.S',NULL),(1098,'1','V1BCP35','010634','2017-07-12',16,2,'DIGITEX INTERNACIONAL S.A.S',NULL),(1099,'1','MJEDVGE','024202','2017-09-05',9,1,'DIGITEX INTERNACIONAL S.A.S',NULL),(1100,'1','10WZ33450503','003927','2017-07-12',13,3,'DIGITEX INTERNACIONAL S.A.S',NULL),(1101,'1','V256701','000140','2017-07-12',16,2,'DIGITEX INTERNACIONAL S.A.S',NULL),(1102,'1','MJVDDK2','024917','2017-07-12',7,1,'DIGITEX INTERNACIONAL S.A.S',NULL),(1103,'1','10WZ35551899','004007','2017-07-12',13,3,'DIGITEX INTERNACIONAL S.A.S',NULL),(1104,'1','V255718','000196','2017-07-12',16,2,'DIGITEX INTERNACIONAL S.A.S',NULL),(1105,'1','MJEDTTL','024239','2017-08-16',9,1,'DIGITEX INTERNACIONAL S.A.S',NULL),(1106,'1','10WZ35553390','004287','2017-07-12',13,3,'DIGITEX INTERNACIONAL S.A.S',NULL),(1107,'1','V1PR706','010022','2017-07-12',16,2,'DIGITEX INTERNACIONAL S.A.S',NULL),(1108,'1','MJPWA79','024201','2017-07-12',6,1,'DIGITEX INTERNACIONAL S.A.S',NULL),(1109,'1','10WZ39655149','004238','2017-07-12',13,3,'DIGITEX INTERNACIONAL S.A.S',NULL),(1110,'1','V1PR652','010353','2017-07-12',16,2,'DIGITEX INTERNACIONAL S.A.S',NULL),(1111,'1','MJEDTYA','019980','2017-07-12',9,1,'DIGITEX INTERNACIONAL S.A.S',NULL),(1112,'1','10WZ35553453','004269','2017-07-12',13,3,'DIGITEX INTERNACIONAL S.A.S',NULL),(1113,'1','V1BMG09','010054','2017-07-12',16,2,'DIGITEX INTERNACIONAL S.A.S',NULL),(1114,'1','MJVDDA5','024966','2017-09-04',7,1,'DIGITEX INTERNACIONAL S.A.S',NULL),(1115,'1','14WZ3807005G','024569','2017-09-05',13,3,'DIGITEX INTERNACIONAL S.A.S',NULL),(1116,'1','VNABZTG','001091','2017-07-12',19,2,'DIGITEX INTERNACIONAL S.A.S',NULL),(1117,'1','MJYE690','029811','2017-08-14',4,1,'DIGITEX INTERNACIONAL S.A.S',NULL),(1118,'1','10WZ35552402','004315','2017-07-12',13,3,'DIGITEX INTERNACIONAL S.A.S',NULL),(1119,'1','V1PR672','010239','2017-08-15',16,2,'DIGITEX INTERNACIONAL S.A.S',NULL),(1120,'1','MJEDPYT','012794','2017-08-26',9,1,'DIGITEX INTERNACIONAL S.A.S',NULL),(1121,'1','V1PR703','024936','2017-07-12',16,2,'DIGITEX INTERNACIONAL S.A.S',NULL),(1122,'1','MJ018XX3','014965','2017-07-12',12,1,'DIGITEX INTERNACIONAL S.A.S',NULL),(1123,'1','10WZ35551653','004281','2017-07-12',13,3,'DIGITEX INTERNACIONAL S.A.S',NULL),(1124,'1','V1PR712','010728','2017-07-12',16,2,'DIGITEX INTERNACIONAL S.A.S',NULL),(1125,'1','MJEDVNN','024937','2017-07-12',9,1,'DIGITEX INTERNACIONAL S.A.S',NULL),(1126,'1','10WZ39655167','004282','2017-07-12',13,3,'DIGITEX INTERNACIONAL S.A.S',NULL),(1127,'1','CNT93363WQ','001863','2017-07-12',24,2,'DIGITEX INTERNACIONAL S.A.S',NULL),(1128,'1','MJEDTTC','010286','2017-07-12',9,1,'DIGITEX INTERNACIONAL S.A.S',NULL),(1129,'1','15WZ522704UZ','024608','2017-09-05',35,3,'DIGITEX INTERNACIONAL S.A.S',NULL),(1130,'1','V9-0070XL','015784','2017-07-12',20,2,'DIGITEX INTERNACIONAL S.A.S',NULL),(1131,'1','MJYE073','019756','2017-09-05',4,1,'DIGITEX INTERNACIONAL S.A.S',NULL),(1132,'1','15WZ51670023','024574','2017-07-12',13,3,'DIGITEX INTERNACIONAL S.A.S',NULL),(1133,'1','VNA4D6K','001704','2017-07-12',19,2,'DIGITEX INTERNACIONAL S.A.S',NULL),(1134,'1','MJEDVAB','019755','2017-07-12',9,1,'DIGITEX INTERNACIONAL S.A.S',NULL),(1135,'1','10WZ39655211','003419','2017-07-12',13,3,'DIGITEX INTERNACIONAL S.A.S',NULL),(1136,'1','VNABXCF','001355','2017-07-12',16,2,'DIGITEX INTERNACIONAL S.A.S',NULL),(1137,'1','MJEDVBB','024970','2017-07-12',9,1,'DIGITEX INTERNACIONAL S.A.S',NULL),(1138,'1','10WZ39655115','004495','2017-07-12',13,3,'DIGITEX INTERNACIONAL S.A.S',NULL),(1139,'1','V255700','000212','2017-07-12',16,2,'DIGITEX INTERNACIONAL S.A.S',NULL),(1140,'1','MJGMCMK','014731','2017-07-12',9,1,'DIGITEX INTERNACIONAL S.A.S',NULL),(1141,'1','10WZ39655178','004214','2017-07-12',13,3,'DIGITEX INTERNACIONAL S.A.S',NULL),(1142,'1','V1BCM86','010038','2017-07-12',16,2,'DIGITEX INTERNACIONAL S.A.S',NULL),(1143,'1','MJEDPXG','024227','2017-07-12',9,1,'DIGITEX INTERNACIONAL S.A.S',NULL),(1144,'1','08A722580475','003995','2017-09-05',14,3,'DIGITEX INTERNACIONAL S.A.S',NULL),(1145,'1','V1BMF84','010324','2017-07-12',16,2,'DIGITEX INTERNACIONAL S.A.S',NULL),(1146,'1','MJEDPXY','024515','2017-09-05',9,1,'DIGITEX INTERNACIONAL S.A.S',NULL),(1147,'1','10WZ15651482','004335','2017-09-05',13,3,'DIGITEX INTERNACIONAL S.A.S',NULL),(1148,'1','V1ALK52','010658','2017-07-12',16,2,'DIGITEX INTERNACIONAL S.A.S',NULL),(1149,'1','MJEDVFZ','014770','2017-07-12',9,1,'DIGITEX INTERNACIONAL S.A.S',NULL),(1150,'1','08A722580684','004223','2017-07-12',14,3,'DIGITEX INTERNACIONAL S.A.S',NULL),(1151,'1','V1PW224','010314','2017-07-12',16,2,'DIGITEX INTERNACIONAL S.A.S',NULL),(1152,'1','MJEDZBP','012782','2017-09-05',9,1,'DIGITEX INTERNACIONAL S.A.S',NULL),(1153,'1','V255997','011136','2017-07-12',16,2,'DIGITEX INTERNACIONAL S.A.S',NULL),(1154,'1','MJEPDPE','019735','2017-07-12',9,1,'DIGITEX INTERNACIONAL S.A.S',NULL),(1155,'1','10WZ73555451','004310','2017-09-05',13,3,'DIGITEX INTERNACIONAL S.A.S',NULL),(1156,'1','V335854','000313','2017-07-12',15,2,'DIGITEX INTERNACIONAL S.A.S',NULL),(1157,'1','MJBFXAT','029815','2017-09-04',2,1,'DIGITEX INTERNACIONAL S.A.S',NULL),(1158,'1','V1BCP60','010347','2017-07-12',16,2,'DIGITEX INTERNACIONAL S.A.S',NULL),(1159,'1','MJEDZCD','017411','2017-09-05',9,1,'DIGITEX INTERNACIONAL S.A.S',NULL),(1160,'1','10WZ39655095','003392','2017-09-05',13,3,'DIGITEX INTERNACIONAL S.A.S',NULL),(1161,'1','V9-0070XK','015756','2017-07-12',20,2,'DIGITEX INTERNACIONAL S.A.S',NULL),(1162,'1','MJEDTWC','010754','2017-07-12',9,1,'DIGITEX INTERNACIONAL S.A.S',NULL),(1163,'1','V1PP819','010217','2017-07-12',16,2,'DIGITEX INTERNACIONAL S.A.S',NULL),(1164,'1','MJVDCN2','019774','2017-07-12',7,1,'DIGITEX INTERNACIONAL S.A.S',NULL),(1165,'1','V1PW217','010340','2017-07-12',16,2,'DIGITEX INTERNACIONAL S.A.S',NULL),(1166,'1','MJGMCPX','017469','2017-07-12',9,1,'DIGITEX INTERNACIONAL S.A.S',NULL),(1167,'1','V9-0070MH','015783','2017-07-12',20,2,'DIGITEX INTERNACIONAL S.A.S',NULL),(1168,'1','MJ018XWC','015736','2017-08-26',12,1,'DIGITEX INTERNACIONAL S.A.S',NULL),(1169,'1','VNABY7P','001795','2017-07-12',19,2,'DIGITEX INTERNACIONAL S.A.S',NULL),(1170,'1','MJPWA42','024787','2017-09-05',6,1,'DIGITEX INTERNACIONAL S.A.S',NULL),(1171,'1','VNABY80','000925','2017-09-05',16,2,'DIGITEX INTERNACIONAL S.A.S',NULL),(1172,'1','MJPWG60','024234','2017-07-12',6,1,'DIGITEX INTERNACIONAL S.A.S',NULL),(1173,'1','10WZ33652093','024240','2017-07-12',13,3,'DIGITEX INTERNACIONAL S.A.S',NULL),(1174,'1','V1BMG16','011237','2017-07-12',16,2,'DIGITEX INTERNACIONAL S.A.S',NULL),(1175,'1','MJEDVGC','010714','2017-07-12',9,1,'DIGITEX INTERNACIONAL S.A.S',NULL),(1176,'1','10WZ35552459','003912','2017-07-12',13,3,'DIGITEX INTERNACIONAL S.A.S',NULL),(1177,'1','V1BMF79','019761','2017-07-12',16,2,'DIGITEX INTERNACIONAL S.A.S',NULL),(1178,'1','MJEDPXW','010783','2017-07-12',9,1,'DIGITEX INTERNACIONAL S.A.S',NULL),(1179,'1','10WZ35551866','004277','2017-07-12',13,3,'DIGITEX INTERNACIONAL S.A.S',NULL),(1180,'1','V1BMF85','010339','2017-07-12',16,2,'DIGITEX INTERNACIONAL S.A.S',NULL),(1181,'1','MJYE889','019727','2017-08-22',4,1,'DIGITEX INTERNACIONAL S.A.S',NULL),(1182,'1','V1BCN67','014622','2017-07-12',16,2,'DIGITEX INTERNACIONAL S.A.S',NULL),(1183,'1','MJERDNF','024211','2017-07-12',9,1,'DIGITEX INTERNACIONAL S.A.S',NULL),(1184,'1','VNA4BXM','002357','2017-07-12',19,2,'DIGITEX INTERNACIONAL S.A.S',NULL),(1185,'1','MJYE692','029833','2017-08-14',4,1,'DIGITEX INTERNACIONAL S.A.S',NULL),(1186,'1','VNABYMK','000847','2017-09-04',19,2,'DIGITEX INTERNACIONAL S.A.S',NULL),(1187,'1','MJ02XMX6','020908','2017-07-12',12,1,'DIGITEX INTERNACIONAL S.A.S',NULL),(1188,'1','V1ZT561','010041','2017-09-04',16,2,'DIGITEX INTERNACIONAL S.A.S',NULL),(1189,'1','MJEDYZP','024231','2017-07-12',9,1,'DIGITEX INTERNACIONAL S.A.S',NULL),(1190,'1','V1ZT619','010181','2017-07-12',16,2,'DIGITEX INTERNACIONAL S.A.S',NULL),(1191,'1','MJEDTXP','024233','2017-07-12',9,1,'DIGITEX INTERNACIONAL S.A.S',NULL),(1192,'1','VNAC28M','000868','2017-07-12',19,2,'DIGITEX INTERNACIONAL S.A.S',NULL),(1193,'1','MJPWH81','002310','2017-07-12',6,1,'DIGITEX INTERNACIONAL S.A.S',NULL),(1194,'1','V255733','000210','2017-07-12',16,2,'DIGITEX INTERNACIONAL S.A.S',NULL),(1195,'1','MJBFXCP','017493','2017-09-05',2,1,'DIGITEX INTERNACIONAL S.A.S',NULL),(1196,'1','V1ZT593','024676','2017-07-12',16,2,'DIGITEX INTERNACIONAL S.A.S',NULL),(1197,'1','MJEDZAA','024501','2017-07-12',9,1,'DIGITEX INTERNACIONAL S.A.S',NULL),(1198,'1','VNABYND','000934','2017-07-12',19,2,'DIGITEX INTERNACIONAL S.A.S',NULL),(1199,'1','MJPVZ07','024216','2017-09-05',6,1,'DIGITEX INTERNACIONAL S.A.S',NULL),(1200,'1','VNABY8B','001291','2017-07-12',19,2,'DIGITEX INTERNACIONAL S.A.S',NULL),(1201,'1','MJPVZ60','024004','2017-07-12',6,1,'DIGITEX INTERNACIONAL S.A.S',NULL),(1202,'1','VNABYMV','000931','2017-07-12',19,2,'DIGITEX INTERNACIONAL S.A.S',NULL),(1203,'1','MJPWF35','000827','2017-07-12',6,1,'DIGITEX INTERNACIONAL S.A.S',NULL),(1204,'1','VNABWPT','001787','2017-07-12',19,2,'DIGITEX INTERNACIONAL S.A.S',NULL),(1205,'1','MJPWK66','024864','2017-07-12',6,1,'DIGITEX INTERNACIONAL S.A.S',NULL),(1206,'1','VNABY62','001797','2017-07-12',19,2,'DIGITEX INTERNACIONAL S.A.S',NULL),(1207,'1','MJZKG77','020615','2017-07-12',6,1,'DIGITEX INTERNACIONAL S.A.S',NULL),(1208,'1','V1PR673','017504','2017-09-04',16,2,'DIGITEX INTERNACIONAL S.A.S',NULL),(1209,'1','MJPWH37','019836','2017-07-12',6,1,'DIGITEX INTERNACIONAL S.A.S',NULL),(1210,'1','V1ZT425','010626','2017-07-12',16,2,'DIGITEX INTERNACIONAL S.A.S',NULL),(1211,'1','MJPVF21','019746','2017-07-12',6,1,'DIGITEX INTERNACIONAL S.A.S',NULL),(1212,'1','VNABWPX','001694','2017-07-12',19,2,'DIGITEX INTERNACIONAL S.A.S',NULL),(1213,'1','MJYEO77','019745','2017-09-05',4,1,'DIGITEX INTERNACIONAL S.A.S',NULL),(1214,'1','VNABZRH','001231','2017-07-12',19,2,'DIGITEX INTERNACIONAL S.A.S',NULL),(1215,'1','MJEDPXC','017440','2017-07-12',9,1,'DIGITEX INTERNACIONAL S.A.S',NULL),(1216,'1','V255719','014964','2017-07-12',16,2,'DIGITEX INTERNACIONAL S.A.S',NULL),(1217,'1','MJEDVBR','024241','2017-07-12',9,1,'DIGITEX INTERNACIONAL S.A.S',NULL),(1218,'1','VNABYLN','000865','2017-07-12',19,2,'DIGITEX INTERNACIONAL S.A.S',NULL),(1219,'1','MJEDVLK','008829','2017-07-12',9,1,'DIGITEX INTERNACIONAL S.A.S',NULL),(1220,'1','15WZ522704V6','024614','2017-08-29',35,3,'DIGITEX INTERNACIONAL S.A.S',NULL),(1221,'1','CNC038NP5T','002022','2017-09-06',23,2,'DIGITEX INTERNACIONAL S.A.S',NULL),(1222,'1','MJ02XMYU','016465','2017-08-15',1,1,'DIGITEX INTERNACIONAL S.A.S',NULL),(1223,'1','15WZ522704ST','024323','2017-08-29',35,3,'DIGITEX INTERNACIONAL S.A.S',NULL),(1224,'1','V1BCP54','015767','2017-07-12',16,2,'DIGITEX INTERNACIONAL S.A.S',NULL),(1225,'1','MJGMCMG','024255','2017-07-12',9,1,'DIGITEX INTERNACIONAL S.A.S',NULL),(1226,'1','081636604217','014904','2017-07-12',14,3,'DIGITEX INTERNACIONAL S.A.S',NULL),(1227,'1','V1AWG61','024505','2017-07-12',16,2,'DIGITEX INTERNACIONAL S.A.S',NULL),(1228,'1','MJEDZBL','010766','2017-09-06',9,1,'DIGITEX INTERNACIONAL S.A.S',NULL),(1229,'1','VNABWPW','019999','2017-09-06',19,2,'DIGITEX INTERNACIONAL S.A.S',NULL),(1230,'1','MJEDTRW','010778','2017-08-26',9,1,'DIGITEX INTERNACIONAL S.A.S',NULL),(1231,'1','081620201540','014677','2017-09-06',14,3,'DIGITEX INTERNACIONAL S.A.S',NULL),(1232,'1','V1BM640','010129','2017-09-06',16,2,'DIGITEX INTERNACIONAL S.A.S',NULL),(1233,'1','MJEDVCC','014556','2017-08-26',9,1,'DIGITEX INTERNACIONAL S.A.S',NULL),(1234,'1','081636604227','014925','2017-07-12',14,3,'DIGITEX INTERNACIONAL S.A.S',NULL),(1235,'1','V1BMF78','010791','2017-07-12',16,2,'DIGITEX INTERNACIONAL S.A.S',NULL),(1236,'1','MJEDTTN','010612','2017-07-12',9,1,'DIGITEX INTERNACIONAL S.A.S',NULL),(1237,'1','V225728','000174','2017-07-12',16,2,'DIGITEX INTERNACIONAL S.A.S',NULL),(1238,'1','MJEDVCH','019930','2017-07-12',6,1,'DIGITEX INTERNACIONAL S.A.S',NULL),(1239,'1','14WZ3807004M','024575','2017-09-06',13,3,'DIGITEX INTERNACIONAL S.A.S',NULL),(1240,'1','V1PR757','010100','2017-07-12',16,2,'DIGITEX INTERNACIONAL S.A.S',NULL),(1241,'1','MJGMCPM','024230','2017-07-12',9,1,'DIGITEX INTERNACIONAL S.A.S',NULL),(1242,'1','V1BCP59','010345','2017-07-12',16,2,'DIGITEX INTERNACIONAL S.A.S',NULL),(1243,'1','MJEDPYL','014558','2017-07-12',9,1,'DIGITEX INTERNACIONAL S.A.S',NULL),(1244,'1','081636604185','014802','2017-07-12',14,3,'DIGITEX INTERNACIONAL S.A.S',NULL),(1245,'1','V256022','008753','2017-07-12',16,2,'DIGITEX INTERNACIONAL S.A.S',NULL),(1246,'1','MJEDTWE','024065','2017-07-12',9,1,'DIGITEX INTERNACIONAL S.A.S',NULL),(1247,'1','081620301059','014935','2017-07-12',14,3,'DIGITEX INTERNACIONAL S.A.S',NULL),(1248,'1','VNABYMM','000952','2017-07-12',19,2,'DIGITEX INTERNACIONAL S.A.S',NULL),(1249,'1','MJEDVK8','019759','2017-07-12',9,1,'DIGITEX INTERNACIONAL S.A.S',NULL),(1250,'1','081636604219','014869','2017-07-12',14,3,'DIGITEX INTERNACIONAL S.A.S',NULL),(1251,'1','V1BMF93','010795','2017-07-12',16,2,'DIGITEX INTERNACIONAL S.A.S',NULL),(1252,'1','MJEDTRF','019754','2017-07-12',9,1,'DIGITEX INTERNACIONAL S.A.S',NULL),(1253,'1','14WZ3807006A','024571','2017-07-12',13,3,'DIGITEX INTERNACIONAL S.A.S',NULL),(1254,'1','V1BMB05','010358','2017-07-12',16,2,'DIGITEX INTERNACIONAL S.A.S',NULL),(1255,'1','MJ018XX7','015735','2017-07-12',12,1,'DIGITEX INTERNACIONAL S.A.S',NULL),(1256,'1','081636604209','014810','2017-07-12',14,3,'DIGITEX INTERNACIONAL S.A.S',NULL),(1257,'1','VNB1N9N','001744','2017-09-05',19,2,'DIGITEX INTERNACIONAL S.A.S',NULL),(1258,'1','MJEDTRZ','029846','2017-09-05',9,1,'DIGITEX INTERNACIONAL S.A.S',NULL),(1259,'1','14WZ3807003Y','024570','2017-07-12',13,3,'DIGITEX INTERNACIONAL S.A.S',NULL),(1260,'1','VNA4D61','001379','2017-09-05',19,2,'DIGITEX INTERNACIONAL S.A.S',NULL),(1261,'1','MJPWK68','001605','2017-09-05',6,1,'DIGITEX INTERNACIONAL S.A.S',NULL),(1262,'1','14WZ3807003Z','024572','2017-07-12',13,3,'DIGITEX INTERNACIONAL S.A.S',NULL),(1263,'1','CNT93363D8','014954','2017-09-05',24,2,'DIGITEX INTERNACIONAL S.A.S',NULL),(1264,'1','MJ018Y2F','015740','2017-09-05',12,1,'DIGITEX INTERNACIONAL S.A.S',NULL),(1265,'1','10WZ35351858','003689','2017-07-12',13,3,'DIGITEX INTERNACIONAL S.A.S',NULL),(1266,'1','VNABWP5','001680','2017-07-12',19,2,'DIGITEX INTERNACIONAL S.A.S',NULL),(1267,'1','MJEDVNC','024769','2017-08-26',9,1,'DIGITEX INTERNACIONAL S.A.S',NULL),(1268,'1','10WZ35553395','004239','2017-08-26',13,3,'DIGITEX INTERNACIONAL S.A.S',NULL),(1269,'1','V1ZT595','010035','2017-07-12',16,2,'DIGITEX INTERNACIONAL S.A.S',NULL),(1270,'1','MJYED45','019870','2017-07-12',4,1,'DIGITEX INTERNACIONAL S.A.S',NULL),(1271,'1','10WZ35551661','003997','2017-07-12',13,3,'DIGITEX INTERNACIONAL S.A.S',NULL),(1272,'1','V1ZT584','010351','2017-07-12',16,2,'DIGITEX INTERNACIONAL S.A.S',NULL),(1273,'1','MJYE885','024850','2017-07-12',4,1,'DIGITEX INTERNACIONAL S.A.S',NULL),(1274,'1','10WZ35552484','004311','2017-07-12',13,3,'DIGITEX INTERNACIONAL S.A.S',NULL),(1275,'1','V255699','000151','2017-07-12',16,2,'DIGITEX INTERNACIONAL S.A.S',NULL),(1276,'1','MJEDRDF','024225','2017-08-26',9,1,'DIGITEX INTERNACIONAL S.A.S',NULL),(1277,'1','10WZ22551975','003992','2017-07-12',13,3,'DIGITEX INTERNACIONAL S.A.S',NULL),(1278,'1','V1PR692','024527','2017-07-12',16,2,'DIGITEX INTERNACIONAL S.A.S',NULL),(1279,'1','MJEDVCW','024264','2017-08-26',9,1,'DIGITEX INTERNACIONAL S.A.S',NULL),(1280,'1','081636604179','011219','2017-08-26',14,3,'DIGITEX INTERNACIONAL S.A.S',NULL),(1281,'1','V1PC496','008701','2017-07-12',16,2,'DIGITEX INTERNACIONAL S.A.S',NULL),(1282,'1','MJEDPZL','017414','2017-08-26',9,1,'DIGITEX INTERNACIONAL S.A.S',NULL),(1283,'1','VNA4D84','001706','2017-07-12',19,2,'DIGITEX INTERNACIONAL S.A.S',NULL),(1284,'1','MJGMCMX','024210','2017-09-05',9,1,'DIGITEX INTERNACIONAL S.A.S',NULL),(1285,'1','10WZ35552433','003673','2017-07-12',13,3,'DIGITEX INTERNACIONAL S.A.S',NULL),(1286,'1','V1BMF91','010008','2017-07-12',16,2,'DIGITEX INTERNACIONAL S.A.S',NULL),(1287,'1','MJEDVNE','029852','2017-09-06',9,1,'DIGITEX INTERNACIONAL S.A.S',NULL),(1288,'1','10WZ35553388','004309','2017-07-12',13,3,'DIGITEX INTERNACIONAL S.A.S',NULL),(1289,'1','V12T562','010130','2017-07-12',16,2,'DIGITEX INTERNACIONAL S.A.S',NULL),(1290,'1','MJGMCRM','024502','2017-09-05',9,1,'DIGITEX INTERNACIONAL S.A.S',NULL),(1291,'1','10WZ35551685','003696','2017-07-12',13,3,'DIGITEX INTERNACIONAL S.A.S',NULL),(1292,'1','V9-0070X1','015757','2017-07-12',20,2,'DIGITEX INTERNACIONAL S.A.S',NULL),(1293,'1','MJEDPYY','024685','2017-08-26',9,1,'DIGITEX INTERNACIONAL S.A.S',NULL),(1294,'1','10WZ35553439','003687','2017-07-12',13,3,'DIGITEX INTERNACIONAL S.A.S',NULL),(1295,'1','V256558','000116','2017-07-12',16,2,'DIGITEX INTERNACIONAL S.A.S',NULL),(1296,'1','MJEDPYX','024624','2017-07-12',9,1,'DIGITEX INTERNACIONAL S.A.S',NULL),(1297,'1','10WZ35553492','003711','2017-07-12',13,3,'DIGITEX INTERNACIONAL S.A.S',NULL),(1298,'1','V1PW209','010091','2017-07-12',16,2,'DIGITEX INTERNACIONAL S.A.S',NULL),(1299,'1','MJEDTTD','019748','2017-08-26',9,1,'DIGITEX INTERNACIONAL S.A.S',NULL),(1300,'1','10WZ15651570','004233','2017-07-12',13,3,'DIGITEX INTERNACIONAL S.A.S',NULL),(1301,'1','V1PR697','010120','2017-07-12',16,2,'DIGITEX INTERNACIONAL S.A.S',NULL),(1302,'1','MJPW602','014704','2017-07-12',6,1,'DIGITEX INTERNACIONAL S.A.S',NULL),(1303,'1','10WZ35551775','004025','2017-07-12',13,3,'DIGITEX INTERNACIONAL S.A.S',NULL),(1304,'1','V1ZT603','010312','2017-07-12',16,2,'DIGITEX INTERNACIONAL S.A.S',NULL),(1305,'1','MJEDVMR','024838','2017-07-12',9,1,'DIGITEX INTERNACIONAL S.A.S',NULL),(1306,'1','10WZ35553394','004252','2017-07-12',13,3,'DIGITEX INTERNACIONAL S.A.S',NULL),(1307,'1','V255716','000166','2017-07-12',16,2,'DIGITEX INTERNACIONAL S.A.S',NULL),(1308,'1','MJPWH29','024503','2017-07-12',6,1,'DIGITEX INTERNACIONAL S.A.S',NULL),(1309,'1','10WZ35551614','004284','2017-07-12',13,3,'DIGITEX INTERNACIONAL S.A.S',NULL),(1310,'1','V1BCR01','010121','2017-07-12',16,2,'DIGITEX INTERNACIONAL S.A.S',NULL),(1311,'1','MJEDVDD','008900','2017-07-12',9,1,'DIGITEX INTERNACIONAL S.A.S',NULL),(1312,'1','10WZ15651266','004312','2017-07-12',13,3,'DIGITEX INTERNACIONAL S.A.S',NULL),(1313,'1','V1BCP37','010089','2017-07-12',16,2,'DIGITEX INTERNACIONAL S.A.S',NULL),(1314,'1','MJEDVDY','024228','2017-09-06',9,1,'DIGITEX INTERNACIONAL S.A.S',NULL),(1315,'1','10WZ35552458','003688','2017-07-12',13,3,'DIGITEX INTERNACIONAL S.A.S',NULL),(1316,'1','V1ALK56','024229','2017-07-12',16,2,'DIGITEX INTERNACIONAL S.A.S',NULL),(1317,'1','MJGMCRC','011198','2017-09-06',9,1,'DIGITEX INTERNACIONAL S.A.S',NULL),(1318,'1','10WZ22551304','004040','2017-07-12',13,3,'DIGITEX INTERNACIONAL S.A.S',NULL),(1319,'1','V335800','000224','2017-07-12',17,2,'DIGITEX INTERNACIONAL S.A.S',NULL),(1320,'1','MJGMCPZ','024265','2017-09-06',9,1,'DIGITEX INTERNACIONAL S.A.S',NULL),(1321,'1','08A722581124','003937','2017-07-12',14,3,'DIGITEX INTERNACIONAL S.A.S',NULL),(1322,'1','V1BLW00','011274','2017-09-13',16,2,'DIGITEX INTERNACIONAL S.A.S',NULL),(1323,'1','MJ018Y11','019742','2017-09-13',12,1,'DIGITEX INTERNACIONAL S.A.S',NULL),(1324,'1','V1PR615','017419','2017-09-01',16,2,'DIGITEX INTERNACIONAL S.A.S',NULL),(1325,'1','MJEDTWN','024926','2017-09-01',9,1,'DIGITEX INTERNACIONAL S.A.S',NULL),(1326,'1','V1PR613','010651','2017-09-01',16,2,'DIGITEX INTERNACIONAL S.A.S',NULL),(1327,'1','MJEDTPP','024927','2017-09-01',9,1,'DIGITEX INTERNACIONAL S.A.S',NULL),(1328,'1','V1BCP43','010106','2017-09-01',16,2,'DIGITEX INTERNACIONAL S.A.S',NULL),(1329,'1','MJERDRX','011192','2017-09-01',9,1,'DIGITEX INTERNACIONAL S.A.S',NULL),(1330,'1','V1ALK11','011110','2017-09-01',16,2,'DIGITEX INTERNACIONAL S.A.S',NULL),(1331,'1','MJEDVCE','024924','2017-09-01',9,1,'DIGITEX INTERNACIONAL S.A.S',NULL),(1332,'1','V255989','008690','2017-09-01',16,2,'DIGITEX INTERNACIONAL S.A.S',NULL),(1333,'1','MJPWH36','024208','2017-09-01',6,1,'DIGITEX INTERNACIONAL S.A.S',NULL),(1334,'1','VNA4D6Y','001710','2017-07-12',19,2,'DIGITEX INTERNACIONAL S.A.S',NULL),(1335,'1','MJEDZCB','017409','2017-07-12',9,1,'DIGITEX INTERNACIONAL S.A.S',NULL),(1336,'1','VNABZR6','001225','2017-07-12',19,2,'DIGITEX INTERNACIONAL S.A.S',NULL),(1337,'1','MJEDYZY','024149','2017-07-12',9,1,'DIGITEX INTERNACIONAL S.A.S',NULL),(1338,'1','15WZ522704UK','024322','2017-08-29',35,3,'DIGITEX INTERNACIONAL S.A.S',NULL),(1339,'1','VNALZVC','001139','2017-07-12',19,2,'DIGITEX INTERNACIONAL S.A.S',NULL),(1340,'1','MJEDVAR','014748','2017-07-12',9,1,'DIGITEX INTERNACIONAL S.A.S',NULL),(1341,'1','10WZ35553484','004253','2017-07-12',13,3,'DIGITEX INTERNACIONAL S.A.S',NULL),(1342,'1','VNABWND','011235','2017-07-12',19,2,'DIGITEX INTERNACIONAL S.A.S',NULL),(1343,'1','MJ018XX2','017564','2017-09-06',12,1,'DIGITEX INTERNACIONAL S.A.S',NULL),(1344,'1','10WZ39655105','004302','2017-07-12',13,3,'DIGITEX INTERNACIONAL S.A.S',NULL),(1345,'1','V1ZT580','010039','2017-07-12',16,2,'DIGITEX INTERNACIONAL S.A.S',NULL),(1346,'1','MJEDVMZ','012798','2017-07-12',9,1,'DIGITEX INTERNACIONAL S.A.S',NULL),(1347,'1','10WZ35552486','004032','2017-07-12',13,3,'DIGITEX INTERNACIONAL S.A.S',NULL),(1348,'1','VNABY86','000808','2017-07-12',19,2,'DIGITEX INTERNACIONAL S.A.S',NULL),(1349,'1','MJGMCNG','024155','2017-09-06',9,1,'DIGITEX INTERNACIONAL S.A.S',NULL),(1350,'1','15WZ522704WB','024318','2017-08-26',35,3,'DIGITEX INTERNACIONAL S.A.S',NULL),(1351,'1','V1PR695','010316','2017-07-12',16,2,'DIGITEX INTERNACIONAL S.A.S',NULL),(1352,'1','MJEDZCE','019728','2017-07-12',9,1,'DIGITEX INTERNACIONAL S.A.S',NULL),(1353,'1','V1PR039','010343','2017-07-12',16,2,'DIGITEX INTERNACIONAL S.A.S',NULL),(1354,'1','MJEDVEA','024869','2017-07-12',9,1,'DIGITEX INTERNACIONAL S.A.S',NULL),(1355,'1','V1PR621','010344','2017-07-12',16,2,'DIGITEX INTERNACIONAL S.A.S',NULL),(1356,'1','MJEDTZV','011122','2017-07-12',9,1,'DIGITEX INTERNACIONAL S.A.S',NULL),(1357,'1','VNABY64','001734','2017-07-12',19,2,'DIGITEX INTERNACIONAL S.A.S',NULL),(1358,'1','MJBFXAV','024507','2017-07-12',2,1,'DIGITEX INTERNACIONAL S.A.S',NULL),(1359,'1','10WZ35551767','004329','2017-07-12',13,3,'DIGITEX INTERNACIONAL S.A.S',NULL),(1360,'1','VNABY1B','001690','2017-07-12',19,2,'DIGITEX INTERNACIONAL S.A.S',NULL),(1361,'1','MJEDVNH','024508','2017-07-12',9,1,'DIGITEX INTERNACIONAL S.A.S',NULL),(1362,'1','10WZ33450606','003984','2017-07-12',13,3,'DIGITEX INTERNACIONAL S.A.S',NULL),(1363,'1','V1AWG31','008749','2017-09-06',16,2,'DIGITEX INTERNACIONAL S.A.S',NULL),(1364,'1','MJEDVKY','017412','2017-09-06',9,1,'DIGITEX INTERNACIONAL S.A.S',NULL),(1365,'1','10WZ15651154','003996','2017-07-12',13,3,'DIGITEX INTERNACIONAL S.A.S',NULL),(1366,'1','VNABY7T','002086','2017-07-12',19,2,'DIGITEX INTERNACIONAL S.A.S',NULL),(1367,'1','MJEDTRP','024509','2017-07-12',9,1,'DIGITEX INTERNACIONAL S.A.S',NULL),(1368,'1','10WZ35551784','004292','2017-09-06',13,3,'DIGITEX INTERNACIONAL S.A.S',NULL),(1369,'1','VNABZTA','001240','2017-07-12',16,2,'DIGITEX INTERNACIONAL S.A.S',NULL),(1370,'1','MJEDVFE','024965','2017-07-12',9,1,'DIGITEX INTERNACIONAL S.A.S',NULL),(1371,'1','10WZ35551741','004322','2017-07-12',13,3,'DIGITEX INTERNACIONAL S.A.S',NULL),(1372,'1','V1PR716','010088','2017-07-12',16,2,'DIGITEX INTERNACIONAL S.A.S',NULL),(1373,'1','MJEDTVR','024622','2017-07-12',9,1,'DIGITEX INTERNACIONAL S.A.S',NULL),(1374,'1','15WZ52270447','024612','2017-08-29',35,3,'DIGITEX INTERNACIONAL S.A.S',NULL),(1375,'1','V1PR668','010101','2017-07-12',16,2,'DIGITEX INTERNACIONAL S.A.S',NULL),(1376,'1','MJEDTXB','024306','2017-09-06',9,1,'DIGITEX INTERNACIONAL S.A.S',NULL),(1377,'1','10WZ33652043','004240','2017-07-12',13,3,'DIGITEX INTERNACIONAL S.A.S',NULL),(1378,'1','V1BMF94','010789','2017-07-12',16,2,'DIGITEX INTERNACIONAL S.A.S',NULL),(1379,'1','MJEDPZD','024174','2017-09-06',9,1,'DIGITEX INTERNACIONAL S.A.S',NULL),(1380,'1','15WZ522704TK','024609','2017-08-29',35,3,'DIGITEX INTERNACIONAL S.A.S',NULL),(1381,'1','V1ALK51','014754','2017-07-12',16,2,'DIGITEX INTERNACIONAL S.A.S',NULL),(1382,'1','MJEDTZP','012785','2017-07-12',9,1,'DIGITEX INTERNACIONAL S.A.S',NULL),(1383,'1','15WZ522704RR','024321','2017-07-12',13,3,'DIGITEX INTERNACIONAL S.A.S',NULL),(1384,'1','V1PP817','010761','2017-07-12',16,2,'DIGITEX INTERNACIONAL S.A.S',NULL),(1385,'1','MJGMCPN','019778','2017-07-12',9,1,'DIGITEX INTERNACIONAL S.A.S',NULL),(1386,'1','V1BCP66','010095','2017-07-12',16,2,'DIGITEX INTERNACIONAL S.A.S',NULL),(1387,'1','MJEDTXA','010772','2017-07-12',9,1,'DIGITEX INTERNACIONAL S.A.S',NULL),(1388,'1','VNABZV9','000844','2017-07-12',19,2,'DIGITEX INTERNACIONAL S.A.S',NULL),(1389,'1','MJEDZBC','024305','2017-07-12',9,1,'DIGITEX INTERNACIONAL S.A.S',NULL),(1390,'1','15W7522704UC','024326','2017-08-29',35,3,'DIGITEX INTERNACIONAL S.A.S',NULL),(1391,'1','VNABZT7','000910','2017-07-12',19,2,'DIGITEX INTERNACIONAL S.A.S',NULL),(1392,'1','MJEDZBM','024138','2017-07-12',9,1,'DIGITEX INTERNACIONAL S.A.S',NULL),(1393,'1','15WZ522704W7','024317','2017-08-29',35,3,'DIGITEX INTERNACIONAL S.A.S',NULL),(1394,'1','V1PR612','024206','2017-07-12',16,2,'DIGITEX INTERNACIONAL S.A.S',NULL),(1395,'1','MJPWK72','024205','2017-07-12',6,1,'DIGITEX INTERNACIONAL S.A.S',NULL),(1396,'1','10WZ35052297','003746','2017-07-12',13,3,'DIGITEX INTERNACIONAL S.A.S',NULL),(1397,'1','V1ZT596','010325','2017-07-12',16,2,'DIGITEX INTERNACIONAL S.A.S',NULL),(1398,'1','MJEDTVW','024686','2017-07-12',9,1,'DIGITEX INTERNACIONAL S.A.S',NULL),(1399,'1','10WZ31651903','004328','2017-07-12',13,3,'DIGITEX INTERNACIONAL S.A.S',NULL),(1400,'1','V1ZT623','010242','2017-08-15',16,2,'DIGITEX INTERNACIONAL S.A.S',NULL),(1401,'1','MJVDCZ7','012632','2017-07-12',7,1,'DIGITEX INTERNACIONAL S.A.S',NULL),(1402,'1','10WZ35551562','003823','2017-07-12',13,3,'DIGITEX INTERNACIONAL S.A.S',NULL),(1403,'1','V1BMF99','029828','2017-08-14',16,2,'DIGITEX INTERNACIONAL S.A.S',NULL),(1404,'1','MJVDDL1','019771','2017-07-12',7,1,'DIGITEX INTERNACIONAL S.A.S',NULL),(1405,'1','10WZ33450558','004204','2017-07-12',13,3,'DIGITEX INTERNACIONAL S.A.S',NULL),(1406,'3','VNA4D6M','001352','2017-09-13',19,2,'DIGITEX INTERNACIONAL S.A.S',NULL),(1407,'1','MJPWH62','024994','2017-07-12',6,1,'DIGITEX INTERNACIONAL S.A.S',NULL),(1408,'1','10WZ35552019','003723','2017-07-12',13,3,'DIGITEX INTERNACIONAL S.A.S',NULL),(1409,'1','V1ZT635','010335','2017-07-12',16,2,'DIGITEX INTERNACIONAL S.A.S',NULL),(1410,'1','MJZHH60','029854','2017-09-06',6,1,'DIGITEX INTERNACIONAL S.A.S',NULL),(1411,'1','10WZ35553423','003385','2017-07-12',13,3,'DIGITEX INTERNACIONAL S.A.S',NULL),(1412,'1','V256594','000136','2017-08-15',16,2,'DIGITEX INTERNACIONAL S.A.S',NULL),(1413,'1','MJEDTYE','024989','2017-08-26',9,1,'DIGITEX INTERNACIONAL S.A.S',NULL),(1414,'1','081636604213','014689','2017-07-12',14,3,'DIGITEX INTERNACIONAL S.A.S',NULL),(1415,'1','V1PW218','010336','2017-07-12',16,2,'DIGITEX INTERNACIONAL S.A.S',NULL),(1416,'1','MJEDTYB','024224','2017-09-06',9,1,'DIGITEX INTERNACIONAL S.A.S',NULL),(1417,'1','081620302567','014876','2017-09-06',14,3,'DIGITEX INTERNACIONAL S.A.S',NULL),(1418,'1','V1PR709','010321','2017-09-04',16,2,'DIGITEX INTERNACIONAL S.A.S',NULL),(1419,'1','MJEDZ8F','010799','2017-09-06',9,1,'DIGITEX INTERNACIONAL S.A.S',NULL),(1420,'1','10WZ35051630','004251','2017-09-06',13,3,'DIGITEX INTERNACIONAL S.A.S',NULL),(1421,'1','VNAC1VB','001700','2017-09-04',19,2,'DIGITEX INTERNACIONAL S.A.S',NULL),(1422,'1','MJEDPYW','024511','2017-09-06',9,1,'DIGITEX INTERNACIONAL S.A.S',NULL),(1423,'1','10WZ35552403','003423','2017-09-06',13,3,'DIGITEX INTERNACIONAL S.A.S',NULL),(1424,'1','V1ZT564','010342','2017-07-12',16,2,'DIGITEX INTERNACIONAL S.A.S',NULL),(1425,'1','MJGMCNZ','012781','2017-09-06',9,1,'DIGITEX INTERNACIONAL S.A.S',NULL),(1426,'1','10WZ22551956','004216','2017-09-06',13,3,'DIGITEX INTERNACIONAL S.A.S',NULL),(1427,'1','CNC038NQF6','002003','2017-09-06',23,2,'DIGITEX INTERNACIONAL S.A.S',NULL),(1428,'1','MJPWF92','024245','2017-09-04',6,1,'DIGITEX INTERNACIONAL S.A.S',NULL),(1429,'1','10WZ35552492','004307','2017-09-06',13,3,'DIGITEX INTERNACIONAL S.A.S',NULL),(1430,'1','V1ZT627','010338','2017-07-12',16,2,'DIGITEX INTERNACIONAL S.A.S',NULL),(1431,'1','MJEDZCK','019770','2017-09-05',9,1,'DIGITEX INTERNACIONAL S.A.S',NULL),(1432,'1','10WZ33652084','003406','2017-09-05',13,3,'DIGITEX INTERNACIONAL S.A.S',NULL),(1433,'1','VNABY1K','001702','2017-07-12',18,2,'DIGITEX INTERNACIONAL S.A.S',NULL),(1434,'1','MJBFXLH','029851','2017-09-06',2,1,'DIGITEX INTERNACIONAL S.A.S',NULL),(1435,'1','10WZ35552440','004308','2017-09-05',13,3,'DIGITEX INTERNACIONAL S.A.S',NULL),(1436,'1','VNABWPY','001377','2017-07-12',18,2,'DIGITEX INTERNACIONAL S.A.S',NULL),(1437,'1','MJPWH58','014559','2017-07-12',6,1,'DIGITEX INTERNACIONAL S.A.S',NULL),(1438,'1','10W19550625','004220','2017-09-06',13,3,'DIGITEX INTERNACIONAL S.A.S',NULL),(1439,'1','V1PR675','010337','2017-07-12',16,2,'DIGITEX INTERNACIONAL S.A.S',NULL),(1440,'1','MJPWH13','017405','2017-07-12',6,1,'DIGITEX INTERNACIONAL S.A.S',NULL),(1441,'1','10WZ39655137','003849','2017-07-12',13,3,'DIGITEX INTERNACIONAL S.A.S',NULL),(1442,'1','V1PR705','010332','2017-07-12',16,2,'DIGITEX INTERNACIONAL S.A.S',NULL),(1443,'1','MJEDYYR','024247','2017-07-12',9,1,'DIGITEX INTERNACIONAL S.A.S',NULL),(1444,'1','10WZ35553409','004230','2017-07-12',13,3,'DIGITEX INTERNACIONAL S.A.S',NULL),(1445,'1','V1BCP24','010779','2017-07-12',16,2,'DIGITEX INTERNACIONAL S.A.S',NULL),(1446,'1','MJGMCMP','019809','2017-09-06',9,1,'DIGITEX INTERNACIONAL S.A.S',NULL),(1447,'1','10WZ39655000','004327','2017-09-06',13,3,'DIGITEX INTERNACIONAL S.A.S',NULL),(1448,'1','V1PW253','010749','2017-07-12',16,2,'DIGITEX INTERNACIONAL S.A.S',NULL),(1449,'1','MJYMR02','012727','2017-09-06',8,1,'DIGITEX INTERNACIONAL S.A.S',NULL),(1450,'1','10WZ35553378','003368','2017-09-06',13,3,'DIGITEX INTERNACIONAL S.A.S',NULL),(1451,'1','VNAC1RB','001363','2017-07-12',18,2,'DIGITEX INTERNACIONAL S.A.S',NULL),(1452,'1','MJEDTYZ','019975','2017-09-06',9,1,'DIGITEX INTERNACIONAL S.A.S',NULL),(1453,'1','10WZ35553414','004217','2017-09-06',13,3,'DIGITEX INTERNACIONAL S.A.S',NULL),(1454,'1','V1PR721','010326','2017-07-12',16,2,'DIGITEX INTERNACIONAL S.A.S',NULL),(1455,'1','MJEDVEB','019784','2017-09-06',9,1,'DIGITEX INTERNACIONAL S.A.S',NULL),(1456,'1','10WZ35551742','004264','2017-09-06',13,3,'DIGITEX INTERNACIONAL S.A.S',NULL),(1457,'1','V1ZT609','010763','2017-07-12',16,2,'DIGITEX INTERNACIONAL S.A.S',NULL),(1458,'1','MJDPWF87','024248','2017-09-06',6,1,'DIGITEX INTERNACIONAL S.A.S',NULL),(1459,'1','10WZ35551780','003402','2017-09-06',13,3,'DIGITEX INTERNACIONAL S.A.S',NULL),(1460,'1','V1ZT543','010327','2017-07-12',16,2,'DIGITEX INTERNACIONAL S.A.S',NULL),(1461,'1','MJEDTWP','019757','2017-09-06',9,1,'DIGITEX INTERNACIONAL S.A.S',NULL),(1462,'1','10WZ35553485','004275','2017-09-06',13,3,'DIGITEX INTERNACIONAL S.A.S',NULL),(1463,'1','V1PW222','010328','2017-07-12',16,2,'DIGITEX INTERNACIONAL S.A.S',NULL),(1464,'1','MJEDTVP','024512','2017-07-12',9,1,'DIGITEX INTERNACIONAL S.A.S',NULL),(1465,'1','10WZ35553438','004314','2017-07-12',13,3,'DIGITEX INTERNACIONAL S.A.S',NULL),(1466,'1','VNALZV5','001157','2017-07-12',19,2,'DIGITEX INTERNACIONAL S.A.S',NULL),(1467,'1','MJEDTRG','024513','2017-09-06',9,1,'DIGITEX INTERNACIONAL S.A.S',NULL),(1468,'1','V1ZT621','010330','2017-07-12',16,2,'DIGITEX INTERNACIONAL S.A.S',NULL),(1469,'1','MJEDTVN','010713','2017-09-05',9,1,'DIGITEX INTERNACIONAL S.A.S',NULL),(1470,'1','VNA4D8B','001361','2017-07-12',18,2,'DIGITEX INTERNACIONAL S.A.S',NULL),(1471,'1','MJEDTZG','010786','2017-09-06',9,1,'DIGITEX INTERNACIONAL S.A.S',NULL),(1472,'1','V1ZT618','010329','2017-08-16',16,2,'DIGITEX INTERNACIONAL S.A.S',NULL),(1473,'1','MJEDPYK','024514','2017-08-16',9,1,'DIGITEX INTERNACIONAL S.A.S',NULL),(1474,'1','10WZ35551799','003962','2017-09-06',13,3,'DIGITEX INTERNACIONAL S.A.S',NULL),(1475,'1','V1PP776','011242','2017-07-12',16,2,'DIGITEX INTERNACIONAL S.A.S',NULL),(1476,'1','MJEDZAE','010747','2017-09-06',9,1,'DIGITEX INTERNACIONAL S.A.S',NULL),(1477,'1','10WZ39655172','004290','2017-09-06',13,3,'DIGITEX INTERNACIONAL S.A.S',NULL),(1478,'1','CNC038NR57','002315','2017-07-12',23,2,'DIGITEX INTERNACIONAL S.A.S',NULL),(1479,'1','MXL040015B','017239','2017-07-12',10,1,'DIGITEX INTERNACIONAL S.A.S',NULL),(1480,'1','14wz38070063','024573','2017-07-12',13,3,'DIGITEX INTERNACIONAL S.A.S',NULL),(1481,'1','VNAP4XG','001109','2017-07-12',19,2,'DIGITEX INTERNACIONAL S.A.S',NULL),(1482,'1','MJEDRBL','014529','2017-07-12',9,1,'DIGITEX INTERNACIONAL S.A.S',NULL),(1483,'1','10WZ35553455','004289','2017-07-12',13,3,'DIGITEX INTERNACIONAL S.A.S',NULL),(1484,'1','VNABY5Z','001346','2017-07-12',19,2,'DIGITEX INTERNACIONAL S.A.S',NULL),(1485,'1','MJEDTTF','024157','2017-07-12',9,1,'DIGITEX INTERNACIONAL S.A.S',NULL),(1486,'1','08A722580420','004218','2017-07-12',13,3,'DIGITEX INTERNACIONAL S.A.S',NULL),(1487,'1','V1PW190','010334','2017-07-12',16,2,'DIGITEX INTERNACIONAL S.A.S',NULL),(1488,'1','MJEDTZD','024223','2017-07-12',9,1,'DIGITEX INTERNACIONAL S.A.S',NULL),(1489,'1','10WZ35551811','003920','2017-07-12',13,3,'DIGITEX INTERNACIONAL S.A.S',NULL),(1490,'1','V1PR689','010322','2017-07-12',16,2,'DIGITEX INTERNACIONAL S.A.S',NULL),(1491,'1','MJEDYZX','029824','2017-08-14',9,1,'DIGITEX INTERNACIONAL S.A.S',NULL),(1492,'1','08A722580462','004326','2017-07-12',13,3,'DIGITEX INTERNACIONAL S.A.S',NULL),(1493,'1','V1PR727','010323','2017-07-12',16,2,'DIGITEX INTERNACIONAL S.A.S',NULL),(1494,'1','MJEDPYR','019910','2017-07-12',9,1,'DIGITEX INTERNACIONAL S.A.S',NULL),(1495,'1','10WZ35552404','003875','2017-07-12',13,3,'DIGITEX INTERNACIONAL S.A.S',NULL),(1496,'1','V1PR645','010320','2017-07-12',16,2,'DIGITEX INTERNACIONAL S.A.S',NULL),(1497,'1','MJVDDC6','000195','2017-07-12',7,1,'DIGITEX INTERNACIONAL S.A.S',NULL),(1498,'1','10WZ33450424','003447','2017-07-12',13,3,'DIGITEX INTERNACIONAL S.A.S',NULL),(1499,'1','V1PP833','010319','2017-07-12',16,2,'DIGITEX INTERNACIONAL S.A.S',NULL),(1500,'1','MJEDTWX','024971','2017-07-12',9,1,'DIGITEX INTERNACIONAL S.A.S',NULL),(1501,'1','14WZ36270219','016839','2017-07-12',13,3,'DIGITEX INTERNACIONAL S.A.S',NULL),(1502,'1','V1ZT581','010318','2017-07-12',16,2,'DIGITEX INTERNACIONAL S.A.S',NULL),(1503,'1','MJWYBP5','019779','2017-07-12',7,1,'DIGITEX INTERNACIONAL S.A.S',NULL),(1504,'1','10WZ40050075','003816','2017-07-12',13,3,'DIGITEX INTERNACIONAL S.A.S',NULL),(1505,'1','V1ZT573','010315','2017-07-12',16,2,'DIGITEX INTERNACIONAL S.A.S',NULL),(1506,'1','MJWYBP6','024250','2017-09-06',7,1,'DIGITEX INTERNACIONAL S.A.S',NULL),(1507,'1','HSTND-2311','012633','2017-07-12',22,2,'DIGITEX INTERNACIONAL S.A.S',NULL),(1508,'1','MJEDZCW','024132','2017-09-06',9,1,'DIGITEX INTERNACIONAL S.A.S',NULL),(1509,'1','VNABXCT','000961','2017-09-06',19,2,'DIGITEX INTERNACIONAL S.A.S',NULL),(1510,'1','MJEDTXF','024870','2017-07-12',9,1,'DIGITEX INTERNACIONAL S.A.S',NULL),(1511,'1','08A722580697','003949','2017-07-12',13,3,'DIGITEX INTERNACIONAL S.A.S',NULL),(1512,'1','V256530','024914','2017-07-12',16,2,'DIGITEX INTERNACIONAL S.A.S',NULL),(1513,'1','MJEDTYY','024913','2017-07-12',9,1,'DIGITEX INTERNACIONAL S.A.S',NULL),(1514,'1','10WZ35551529','003931','2017-07-12',13,3,'DIGITEX INTERNACIONAL S.A.S',NULL),(1515,'1','V256020','008739','2017-07-12',16,2,'DIGITEX INTERNACIONAL S.A.S',NULL),(1516,'1','MJEDVNX','019799','2017-09-06',9,1,'DIGITEX INTERNACIONAL S.A.S',NULL),(1517,'1','10WZ35551556','004278','2017-07-12',13,3,'DIGITEX INTERNACIONAL S.A.S',NULL),(1518,'1','V9-006ZYO','015704','2017-07-12',20,2,'DIGITEX INTERNACIONAL S.A.S',NULL),(1519,'1','MJEDVDW','010722','2017-07-12',9,1,'DIGITEX INTERNACIONAL S.A.S',NULL),(1520,'1','10WZ35551570','003852','2017-07-12',13,3,'DIGITEX INTERNACIONAL S.A.S',NULL),(1521,'1','VNABY71','001772','2017-07-12',19,2,'DIGITEX INTERNACIONAL S.A.S',NULL),(1522,'1','MXL0390XLY','024024','2017-07-12',10,1,'DIGITEX INTERNACIONAL S.A.S',NULL),(1523,'1','10WZ33450569','003812','2017-07-12',13,3,'DIGITEX INTERNACIONAL S.A.S',NULL),(1524,'1','V1PR726','010341','2017-07-12',16,2,'DIGITEX INTERNACIONAL S.A.S',NULL),(1525,'1','MJEDTXC','019775','2017-07-12',9,1,'DIGITEX INTERNACIONAL S.A.S',NULL),(1526,'1','V1BMG32','008762','2017-09-06',16,2,'DIGITEX INTERNACIONAL S.A.S',NULL),(1527,'1','MJEDVKL','019732','2017-07-12',9,1,'DIGITEX INTERNACIONAL S.A.S',NULL),(1528,'1','V255724','000082','2017-07-12',16,2,'DIGITEX INTERNACIONAL S.A.S',NULL),(1529,'1','MJEDTRB','008826','2017-07-12',9,1,'DIGITEX INTERNACIONAL S.A.S',NULL),(1530,'1','V1PP793','019800','2017-07-12',16,2,'DIGITEX INTERNACIONAL S.A.S',NULL),(1531,'1','MJEDRCN','008814','2017-07-12',9,1,'DIGITEX INTERNACIONAL S.A.S',NULL),(1532,'1','V1BMG15','012761','2017-07-12',16,2,'DIGITEX INTERNACIONAL S.A.S',NULL),(1533,'1','MJEDPZZ','008896','2017-07-12',9,1,'DIGITEX INTERNACIONAL S.A.S',NULL),(1534,'1','V1PR711','010726','2017-07-12',16,2,'DIGITEX INTERNACIONAL S.A.S',NULL),(1535,'1','MJEDTZL','019781','2017-09-05',9,1,'DIGITEX INTERNACIONAL S.A.S',NULL),(1536,'1','V1PR723','010303','2017-07-12',16,2,'DIGITEX INTERNACIONAL S.A.S',NULL),(1537,'1','MJEDTXL','019767','2017-07-12',9,1,'DIGITEX INTERNACIONAL S.A.S',NULL),(1538,'1','10WZ33450568','004316','2017-07-12',13,3,'DIGITEX INTERNACIONAL S.A.S',NULL),(1539,'1','V1BMG03','008761','2017-07-12',16,2,'DIGITEX INTERNACIONAL S.A.S',NULL),(1540,'1','MJEDPXE','024516','2017-07-12',9,1,'DIGITEX INTERNACIONAL S.A.S',NULL),(1541,'1','10WZ35553487','003923','2017-07-12',13,3,'DIGITEX INTERNACIONAL S.A.S',NULL),(1542,'1','V1PR663','010379','2017-07-12',16,2,'DIGITEX INTERNACIONAL S.A.S',NULL),(1543,'1','MJEDVPC','017408','2017-07-12',9,1,'DIGITEX INTERNACIONAL S.A.S',NULL),(1544,'1','10WZ35552438','003807','2017-07-12',13,3,'DIGITEX INTERNACIONAL S.A.S',NULL),(1545,'1','V1ALK37','017523','2017-07-12',16,2,'DIGITEX INTERNACIONAL S.A.S',NULL),(1546,'1','MJEDRAR','019785','2017-07-12',9,1,'DIGITEX INTERNACIONAL S.A.S',NULL),(1547,'1','10WZ35553298','004320','2017-07-12',13,3,'DIGITEX INTERNACIONAL S.A.S',NULL),(1548,'1','VNA4D82','001660','2017-07-12',19,2,'DIGITEX INTERNACIONAL S.A.S',NULL),(1549,'1','MJPWK73','024253','2017-09-06',6,1,'DIGITEX INTERNACIONAL S.A.S',NULL),(1550,'1','10WZ35553434','003988','2017-07-12',13,3,'DIGITEX INTERNACIONAL S.A.S',NULL),(1551,'1','VNALZTR','001017','2017-07-12',19,2,'DIGITEX INTERNACIONAL S.A.S',NULL),(1552,'1','MJEDVLR','024517','2017-07-12',9,1,'DIGITEX INTERNACIONAL S.A.S',NULL),(1553,'1','10WZ35553491','003987','2017-07-12',13,3,'DIGITEX INTERNACIONAL S.A.S',NULL),(1554,'1','V1ALK06','010654','2017-07-12',16,2,'DIGITEX INTERNACIONAL S.A.S',NULL),(1555,'1','MJEDYZA','017407','2017-09-06',9,1,'DIGITEX INTERNACIONAL S.A.S',NULL),(1556,'1','10WZ33450401','003836','2017-07-12',13,3,'DIGITEX INTERNACIONAL S.A.S',NULL),(1557,'1','V256019','008721','2017-07-12',16,2,'DIGITEX INTERNACIONAL S.A.S',NULL),(1558,'1','MJEDPZW','024930','2017-07-12',9,1,'DIGITEX INTERNACIONAL S.A.S',NULL),(1559,'1','10WZ40050060','004255','2017-07-12',13,3,'DIGITEX INTERNACIONAL S.A.S',NULL),(1560,'1','V1AWG28','008733','2017-07-12',16,2,'DIGITEX INTERNACIONAL S.A.S',NULL),(1561,'1','MJEDVCD','024518','2017-09-05',9,1,'DIGITEX INTERNACIONAL S.A.S',NULL),(1562,'1','09WZ49552304','004228','2017-07-12',13,3,'DIGITEX INTERNACIONAL S.A.S',NULL),(1563,'1','VNABY7G','002526','2017-09-05',19,2,'DIGITEX INTERNACIONAL S.A.S',NULL),(1564,'1','MJBFXCR','024131','2017-09-05',2,1,'DIGITEX INTERNACIONAL S.A.S',NULL),(1565,'1','10WZ35551659','003770','2017-07-12',13,3,'DIGITEX INTERNACIONAL S.A.S',NULL),(1566,'1','V256001','024532','2017-07-12',16,2,'DIGITEX INTERNACIONAL S.A.S',NULL),(1567,'1','MJEDTPN','019931','2017-07-12',9,1,'DIGITEX INTERNACIONAL S.A.S',NULL),(1568,'1','10WZ33450461','003731','2017-07-12',13,3,'DIGITEX INTERNACIONAL S.A.S',NULL),(1569,'1','VNA4D6W','002088','2017-07-12',19,2,'DIGITEX INTERNACIONAL S.A.S',NULL),(1570,'1','MJEDZAN','019935','2017-09-05',9,1,'DIGITEX INTERNACIONAL S.A.S',NULL),(1571,'1','VNB3982','002032','2017-07-12',19,2,'DIGITEX INTERNACIONAL S.A.S',NULL),(1572,'1','MJVKTC1','014555','2017-07-12',5,1,'DIGITEX INTERNACIONAL S.A.S',NULL),(1573,'1','VNB4DZL','002034','2017-07-12',19,2,'DIGITEX INTERNACIONAL S.A.S',NULL),(1574,'1','MJGMCPF','024334','2017-07-12',9,1,'DIGITEX INTERNACIONAL S.A.S',NULL),(1575,'1','VNB3985','002036','2017-07-12',19,2,'DIGITEX INTERNACIONAL S.A.S',NULL),(1576,'1','MJHEDL8','014546','2017-07-12',3,1,'DIGITEX INTERNACIONAL S.A.S',NULL),(1577,'1','VNB3AFY','002038','2017-07-12',19,2,'DIGITEX INTERNACIONAL S.A.S',NULL),(1578,'1','MJ018Y29','015744','2017-07-12',12,1,'DIGITEX INTERNACIONAL S.A.S',NULL),(1579,'1','VNB3983','002040','2017-07-12',19,2,'DIGITEX INTERNACIONAL S.A.S',NULL),(1580,'1','MJVKTK8','024519','2017-07-12',5,1,'DIGITEX INTERNACIONAL S.A.S',NULL),(1581,'1','VNB4F0H','011102','2017-09-05',19,2,'DIGITEX INTERNACIONAL S.A.S',NULL),(1582,'1','MJGMCMR','024175','2017-07-12',9,1,'DIGITEX INTERNACIONAL S.A.S',NULL),(1583,'1','VNB3980','002044','2017-07-12',19,2,'DIGITEX INTERNACIONAL S.A.S',NULL),(1584,'1','MJVKTK3','019946','2017-07-12',5,1,'DIGITEX INTERNACIONAL S.A.S',NULL),(1585,'1','VNABY77','002143','2017-07-12',19,2,'DIGITEX INTERNACIONAL S.A.S',NULL),(1586,'1','MJPWH17','024520','2017-07-12',6,1,'DIGITEX INTERNACIONAL S.A.S',NULL),(1587,'1','V1AWF87','008757','2017-07-12',16,2,'DIGITEX INTERNACIONAL S.A.S',NULL),(1588,'1','MJEDVNR','014547','2017-07-12',9,1,'DIGITEX INTERNACIONAL S.A.S',NULL),(1589,'1','V1PR718','008791','2017-07-12',16,2,'DIGITEX INTERNACIONAL S.A.S',NULL),(1590,'1','MJEDRCD','019981','2017-07-12',9,1,'DIGITEX INTERNACIONAL S.A.S',NULL),(1591,'1','CNC038NPJW','002012','2017-07-12',23,2,'DIGITEX INTERNACIONAL S.A.S',NULL),(1592,'1','MJERDPH','024919','2017-07-12',9,1,'DIGITEX INTERNACIONAL S.A.S',NULL),(1593,'1','V1ZT591','024524','2017-07-12',16,2,'DIGITEX INTERNACIONAL S.A.S',NULL),(1594,'1','MXL0390XNB','029896','2017-09-05',10,1,'DIGITEX INTERNACIONAL S.A.S',NULL),(1595,'1','V1PP949','008699','2017-07-12',19,2,'DIGITEX INTERNACIONAL S.A.S',NULL),(1596,'1','15WZ522704V8','024341','2017-09-05',35,1,'DIGITEX INTERNACIONAL S.A.S',NULL),(1597,'1','VNB1N9B','002048','2017-09-05',19,2,'DIGITEX INTERNACIONAL S.A.S',NULL),(1598,'1','MJEDRCW','014531','2017-07-12',9,1,'DIGITEX INTERNACIONAL S.A.S',NULL),(1599,'1','VNABZR2','001276','2017-07-12',19,2,'DIGITEX INTERNACIONAL S.A.S',NULL),(1600,'1','MJ018Y0W','029894','2017-09-05',12,1,'DIGITEX INTERNACIONAL S.A.S',NULL),(1601,'1','V1ZT613','010307','2017-07-12',16,2,'DIGITEX INTERNACIONAL S.A.S',NULL),(1602,'1','MJHEDZ4','014545','2017-09-05',3,1,'DIGITEX INTERNACIONAL S.A.S',NULL),(1603,'1','VNB1N75','024105','2017-07-12',19,2,'DIGITEX INTERNACIONAL S.A.S',NULL),(1604,'1','MJFNPY9','014544','2017-07-12',3,1,'DIGITEX INTERNACIONAL S.A.S',NULL),(1605,'1','V1BMG00','010154','2017-09-05',16,2,'DIGITEX INTERNACIONAL S.A.S',NULL),(1606,'1','MJZHH67','024554','2017-07-12',6,1,'DIGITEX INTERNACIONAL S.A.S',NULL),(1607,'1','VNB1N9L','024521','2017-07-12',19,2,'DIGITEX INTERNACIONAL S.A.S',NULL),(1608,'1','MJFNPW2','024969','2017-07-12',3,1,'DIGITEX INTERNACIONAL S.A.S',NULL),(1609,'1','VNB1N90','002060','2017-07-12',19,2,'DIGITEX INTERNACIONAL S.A.S',NULL),(1610,'1','MJHEDM3','019965','2017-07-12',3,1,'DIGITEX INTERNACIONAL S.A.S',NULL),(1611,'1','V1PR720','024325','2017-07-12',16,2,'DIGITEX INTERNACIONAL S.A.S',NULL),(1612,'1','MJEDVLG','014767','2017-08-14',9,1,'DIGITEX INTERNACIONAL S.A.S',NULL),(1613,'1','VNB1N8Z','002082','2017-09-05',19,2,'DIGITEX INTERNACIONAL S.A.S',NULL),(1614,'1','MJFNPXZ3','019964','2017-07-12',3,1,'DIGITEX INTERNACIONAL S.A.S',NULL),(1615,'1','MJYE033','002392','2017-09-05',4,1,'DIGITEX INTERNACIONAL S.A.S',NULL),(1616,'1','V1PR579','011106','2017-07-12',16,2,'DIGITEX INTERNACIONAL S.A.S',NULL),(1617,'1','MJHEDC0','014542','2017-07-12',3,1,'DIGITEX INTERNACIONAL S.A.S',NULL),(1618,'1','VNB1N72','002078','2017-07-12',19,2,'DIGITEX INTERNACIONAL S.A.S',NULL),(1619,'1','MJHEDE5','019954','2017-07-12',3,1,'DIGITEX INTERNACIONAL S.A.S',NULL),(1620,'1','VNB1N9K','024300','2017-07-12',19,2,'DIGITEX INTERNACIONAL S.A.S',NULL),(1621,'1','MJFNRA9','019956','2017-07-12',3,1,'DIGITEX INTERNACIONAL S.A.S',NULL),(1622,'1','VNB1N8X','014537','2017-08-14',19,2,'DIGITEX INTERNACIONAL S.A.S',NULL),(1623,'1','MJFNRD4','024884','2017-07-12',3,1,'DIGITEX INTERNACIONAL S.A.S',NULL),(1624,'1','VNB1N9H','002072','2017-07-12',19,2,'DIGITEX INTERNACIONAL S.A.S',NULL),(1625,'1','MJHEDM0','014536','2017-09-05',3,1,'DIGITEX INTERNACIONAL S.A.S',NULL),(1626,'1','VNB1N9D','002070','2017-07-12',19,2,'DIGITEX INTERNACIONAL S.A.S',NULL),(1627,'1','MJFNPW4','024988','2017-09-05',3,1,'DIGITEX INTERNACIONAL S.A.S',NULL),(1628,'1','VNB1N9C','002068','2017-07-12',19,2,'DIGITEX INTERNACIONAL S.A.S',NULL),(1629,'1','MJYE061','024311','2017-07-12',4,1,'DIGITEX INTERNACIONAL S.A.S',NULL),(1630,'1','VNB1N70','002066','2017-07-12',19,2,'DIGITEX INTERNACIONAL S.A.S',NULL),(1631,'1','MJFNPY7','024885','2017-07-12',3,1,'DIGITEX INTERNACIONAL S.A.S',NULL),(1632,'1','VNB1N8Y','014532','2017-08-14',19,2,'DIGITEX INTERNACIONAL S.A.S',NULL),(1633,'1','MJEDZAF','024912','2017-08-14',9,1,'DIGITEX INTERNACIONAL S.A.S',NULL),(1634,'1','VNABWPZ','002098','2017-07-12',19,2,'DIGITEX INTERNACIONAL S.A.S',NULL),(1635,'1','MJPWH98','019960','2017-07-12',6,1,'DIGITEX INTERNACIONAL S.A.S',NULL),(1636,'1','V1ALK46','010676','2017-07-12',16,2,'DIGITEX INTERNACIONAL S.A.S',NULL),(1637,'1','MJEDYZE','029875','2017-09-05',9,1,'DIGITEX INTERNACIONAL S.A.S',NULL),(1638,'1','V1AWG62','011569','2017-07-12',16,2,'DIGITEX INTERNACIONAL S.A.S',NULL),(1639,'1','MJERDPF','024886','2017-07-12',9,1,'DIGITEX INTERNACIONAL S.A.S',NULL),(1640,'1','V1ZT628','008765','2017-07-12',16,2,'DIGITEX INTERNACIONAL S.A.S',NULL),(1641,'1','MJERDND','024906','2017-07-12',9,1,'DIGITEX INTERNACIONAL S.A.S',NULL),(1642,'1','VNB1N74','002084','2017-08-14',19,2,'DIGITEX INTERNACIONAL S.A.S',NULL),(1643,'1','MJERDNG','024887','2017-09-05',9,1,'DIGITEX INTERNACIONAL S.A.S',NULL),(1644,'1','V1PC420','008692','2017-07-12',16,2,'DIGITEX INTERNACIONAL S.A.S',NULL),(1645,'1','MJEDVNW','024888','2017-07-12',9,1,'DIGITEX INTERNACIONAL S.A.S',NULL),(1646,'1','V1ALK12','011108','2017-07-12',16,2,'DIGITEX INTERNACIONAL S.A.S',NULL),(1647,'1','MJPWK77','029812','2017-08-14',6,1,'DIGITEX INTERNACIONAL S.A.S',NULL),(1648,'1','V1BCP34','024289','2017-07-12',16,2,'DIGITEX INTERNACIONAL S.A.S',NULL),(1649,'1','MJFNPW3','024907','2017-07-12',3,1,'DIGITEX INTERNACIONAL S.A.S',NULL),(1650,'1','V256005','024288','2017-07-12',16,2,'DIGITEX INTERNACIONAL S.A.S',NULL),(1651,'1','MJEDTRL','024901','2017-09-05',9,1,'DIGITEX INTERNACIONAL S.A.S',NULL),(1652,'1','V1AWG50','024287','2017-09-05',16,2,'DIGITEX INTERNACIONAL S.A.S',NULL),(1653,'1','MJEDVHT','012751','2017-07-12',9,1,'DIGITEX INTERNACIONAL S.A.S',NULL),(1654,'1','VNB3AG0','002030','2017-07-12',19,2,'DIGITEX INTERNACIONAL S.A.S',NULL),(1655,'1','MJEDTXK','012787','2017-07-12',9,1,'DIGITEX INTERNACIONAL S.A.S',NULL),(1656,'1','VNAC1NB','002090','2017-07-12',19,2,'DIGITEX INTERNACIONAL S.A.S',NULL),(1657,'1','MJEDVCY','012793','2017-07-12',9,1,'DIGITEX INTERNACIONAL S.A.S',NULL),(1658,'1','VNABY79','002092','2017-07-12',19,2,'DIGITEX INTERNACIONAL S.A.S',NULL),(1659,'1','MJPWH85','024523','2017-07-12',6,1,'DIGITEX INTERNACIONAL S.A.S',NULL),(1660,'1','VNABY6P','002096','2017-07-12',19,2,'DIGITEX INTERNACIONAL S.A.S',NULL),(1661,'1','MJEDYZF','014766','2017-07-12',9,1,'DIGITEX INTERNACIONAL S.A.S',NULL),(1662,'1','VNA4D5Y','002094','2017-07-12',19,2,'DIGITEX INTERNACIONAL S.A.S',NULL),(1663,'1','MJYE038','024903','2017-09-05',4,1,'DIGITEX INTERNACIONAL S.A.S',NULL),(1664,'1','V1AWG49','008700','2017-08-16',16,2,'DIGITEX INTERNACIONAL S.A.S',NULL),(1665,'1','MJEDVNV','024883','2017-07-12',9,1,'DIGITEX INTERNACIONAL S.A.S',NULL),(1666,'1','V1AWG04','008764','2017-07-12',16,2,'DIGITEX INTERNACIONAL S.A.S',NULL),(1667,'1','MJEDRDX','024616','2017-07-12',9,1,'DIGITEX INTERNACIONAL S.A.S',NULL),(1668,'1','V1ZT586','010356','2017-07-12',16,2,'DIGITEX INTERNACIONAL S.A.S',NULL),(1669,'1','MJEDTZA','024918','2017-07-12',9,1,'DIGITEX INTERNACIONAL S.A.S',NULL),(1670,'1','V256021','008719','2017-07-12',16,2,'DIGITEX INTERNACIONAL S.A.S',NULL),(1671,'1','MJVKTL4','019947','2017-07-12',5,1,'DIGITEX INTERNACIONAL S.A.S',NULL),(1672,'1','V1ZT328','014548','2017-07-12',16,2,'DIGITEX INTERNACIONAL S.A.S',NULL),(1673,'1','MJEDTVC','024102','2017-07-12',9,1,'DIGITEX INTERNACIONAL S.A.S',NULL),(1674,'1','V255982','008747','2017-07-12',16,2,'DIGITEX INTERNACIONAL S.A.S',NULL),(1675,'1','MJEDTWH','019950','2017-07-12',9,1,'DIGITEX INTERNACIONAL S.A.S',NULL),(1676,'1','10WZ35553406','004018','2017-07-12',13,3,'DIGITEX INTERNACIONAL S.A.S',NULL),(1677,'1','V1AWG38','008750','2017-07-12',16,2,'DIGITEX INTERNACIONAL S.A.S',NULL),(1678,'1','MJEDTYD','019951','2017-07-12',9,1,'DIGITEX INTERNACIONAL S.A.S',NULL),(1679,'1','V1PP825','019944','2017-07-12',16,2,'DIGITEX INTERNACIONAL S.A.S',NULL),(1680,'1','MJGMCNV','024107','2017-07-12',9,1,'DIGITEX INTERNACIONAL S.A.S',NULL),(1681,'1','V9-006ZXB','015717','2017-07-12',20,2,'DIGITEX INTERNACIONAL S.A.S',NULL),(1682,'1','9-MJEDVNK','014774','2017-08-28',9,1,'DIGITEX INTERNACIONAL S.A.S',NULL),(1683,'1','10WZ39655132','004249','2017-07-12',13,3,'DIGITEX INTERNACIONAL S.A.S',NULL),(1684,'1','V1AWG17','008763','2017-07-12',16,2,'DIGITEX INTERNACIONAL S.A.S',NULL),(1685,'1','MJEDTFW','024972','2017-09-05',9,1,'DIGITEX INTERNACIONAL S.A.S',NULL),(1686,'1','V1AWG35','008722','2017-09-05',16,2,'DIGITEX INTERNACIONAL S.A.S',NULL),(1687,'1','MJYE893','024922','2017-09-04',4,1,'DIGITEX INTERNACIONAL S.A.S',NULL),(1688,'1','V1BCP89','008732','2017-07-12',16,2,'DIGITEX INTERNACIONAL S.A.S',NULL),(1689,'1','MJVDCX8','024655','2017-09-04',7,1,'DIGITEX INTERNACIONAL S.A.S',NULL),(1690,'1','V1PR610','010435','2017-07-12',16,2,'DIGITEX INTERNACIONAL S.A.S',NULL),(1691,'1','MJPWG08','024990','2017-09-05',6,1,'DIGITEX INTERNACIONAL S.A.S',NULL),(1692,'1','V1BLX05','010793','2017-07-12',16,2,'DIGITEX INTERNACIONAL S.A.S',NULL),(1693,'1','MJEDZCA','024664','2017-09-04',9,1,'DIGITEX INTERNACIONAL S.A.S',NULL),(1694,'1','V1BCP28','010049','2017-07-12',16,2,'DIGITEX INTERNACIONAL S.A.S',NULL),(1695,'1','MJHEDM5','024077','2017-09-05',3,1,'DIGITEX INTERNACIONAL S.A.S',NULL),(1696,'1','VNABZTC','010500','2017-07-12',19,2,'DIGITEX INTERNACIONAL S.A.S',NULL),(1697,'1','MJPWK71','011246','2017-07-12',6,1,'DIGITEX INTERNACIONAL S.A.S',NULL),(1698,'1','VNB1N9G','002062','2017-07-12',19,2,'DIGITEX INTERNACIONAL S.A.S',NULL),(1699,'1','MJFNPX4','014543','2017-07-12',3,1,'DIGITEX INTERNACIONAL S.A.S',NULL),(1700,'1','V1AWG20','008694','2017-09-05',16,2,'DIGITEX INTERNACIONAL S.A.S',NULL),(1701,'1','MJEDRAT','011196','2017-07-12',9,1,'DIGITEX INTERNACIONAL S.A.S',NULL),(1702,'1','V1ZT631','010094','2017-07-12',16,2,'DIGITEX INTERNACIONAL S.A.S',NULL),(1703,'1','MJEDVGM','024557','2017-07-12',9,1,'DIGITEX INTERNACIONAL S.A.S',NULL),(1704,'1','V1ALK50','029895','2017-09-05',16,2,'DIGITEX INTERNACIONAL S.A.S',NULL),(1705,'1','MJEDRDV','024992','2017-07-12',9,1,'DIGITEX INTERNACIONAL S.A.S',NULL),(1706,'1','V1AWF78','008740','2017-07-12',16,2,'DIGITEX INTERNACIONAL S.A.S',NULL),(1707,'1','MJPZC25','000840','2017-09-04',6,1,'DIGITEX INTERNACIONAL S.A.S',NULL),(1708,'1','V1AWG29','008714','2017-09-05',16,2,'DIGITEX INTERNACIONAL S.A.S',NULL),(1709,'1','MJEDVMG','017436','2017-07-12',9,1,'DIGITEX INTERNACIONAL S.A.S',NULL),(1710,'1','V1ALF43','011109','2017-07-12',16,2,'DIGITEX INTERNACIONAL S.A.S',NULL),(1711,'1','MJPWK76','024993','2017-07-12',6,1,'DIGITEX INTERNACIONAL S.A.S',NULL),(1712,'1','V1PR699','008760','2017-07-12',16,2,'DIGITEX INTERNACIONAL S.A.S',NULL),(1713,'1','MJVKTM5','014552','2017-07-12',5,1,'DIGITEX INTERNACIONAL S.A.S',NULL),(1714,'1','V1PC466','008693','2017-09-01',16,2,'DIGITEX INTERNACIONAL S.A.S',NULL),(1715,'1','MJYE036','024146','2017-09-01',4,1,'DIGITEX INTERNACIONAL S.A.S',NULL),(1716,'1','V1PC338','008752','2017-09-01',16,2,'DIGITEX INTERNACIONAL S.A.S',NULL),(1717,'1','MJEDVAW','024925','2017-09-01',9,1,'DIGITEX INTERNACIONAL S.A.S',NULL),(1718,'1','V1ZT579','010357','2017-09-01',19,2,'DIGITEX INTERNACIONAL S.A.S',NULL),(1719,'1','MJYE039','001703','2017-09-01',4,1,'DIGITEX INTERNACIONAL S.A.S',NULL),(1720,'1','V1ALK57','011113','2017-07-12',16,2,'DIGITEX INTERNACIONAL S.A.S',NULL),(1721,'1','MJ018XXN','024792','2017-07-12',12,1,'DIGITEX INTERNACIONAL S.A.S',NULL),(1722,'1','15WZ522704VT','024610','2017-08-29',35,3,'DIGITEX INTERNACIONAL S.A.S',NULL),(1723,'1','VNABY3T','001696','2017-07-12',19,2,'DIGITEX INTERNACIONAL S.A.S',NULL),(1724,'1','MJEDTTY','010773','2017-07-12',9,1,'DIGITEX INTERNACIONAL S.A.S',NULL),(1725,'1','V1PC475','024526','2017-07-12',19,2,'DIGITEX INTERNACIONAL S.A.S',NULL),(1726,'1','MJEDVCM','024525','2017-07-12',9,1,'DIGITEX INTERNACIONAL S.A.S',NULL),(1727,'1','CNT93568B2','024194','2017-09-13',24,2,'DIGITEX INTERNACIONAL S.A.S',NULL),(1728,'1','MJGMCND','017203','2017-09-13',9,1,'DIGITEX INTERNACIONAL S.A.S',NULL),(1729,'1','VNAAD7W','001708','2017-09-01',19,2,'DIGITEX INTERNACIONAL S.A.S',NULL),(1730,'1','MJEDZD6','024235','2017-09-01',9,1,'DIGITEX INTERNACIONAL S.A.S',NULL),(1731,'1','V1BMF70','010084','2017-09-01',16,2,'DIGITEX INTERNACIONAL S.A.S',NULL),(1732,'1','MJ02XN4E','026057','2017-09-01',1,1,'DIGITEX INTERNACIONAL S.A.S',NULL),(1733,'1','V1PR578','024204','2017-09-11',16,2,'DIGITEX INTERNACIONAL S.A.S',NULL),(1734,'1','MJEDVDF','024203','2017-09-11',9,1,'DIGITEX INTERNACIONAL S.A.S',NULL),(1735,'1','V1PR616','011135','2017-09-01',16,2,'DIGITEX INTERNACIONAL S.A.S',NULL),(1736,'1','MJPWH26','014784','2017-09-01',9,1,'DIGITEX INTERNACIONAL S.A.S',NULL),(1737,'1','V1AWF95','008716','2017-09-01',16,2,'DIGITEX INTERNACIONAL S.A.S',NULL),(1738,'1','MJ018XUX','024931','2017-09-01',5,1,'DIGITEX INTERNACIONAL S.A.S',NULL),(1739,'1','VNA4D5T','001676','2017-09-01',19,2,'DIGITEX INTERNACIONAL S.A.S',NULL),(1740,'1','MJ018XX0','024096','2017-09-01',5,1,'DIGITEX INTERNACIONAL S.A.S',NULL),(1741,'1','V1PR752','010159','2017-07-12',16,2,'DIGITEX INTERNACIONAL S.A.S',NULL),(1742,'1','MJEDPXR','014526','2017-07-12',9,1,'DIGITEX INTERNACIONAL S.A.S',NULL),(1743,'1','V1BCP67','010160','2017-07-12',16,2,'DIGITEX INTERNACIONAL S.A.S',NULL),(1744,'1','MJEDVDT','014525','2017-07-12',9,1,'DIGITEX INTERNACIONAL S.A.S',NULL),(1745,'1','CN-OR229K-74261-8C9-3FTL','001904','2017-08-16',28,2,'DIGITEX INTERNACIONAL S.A.S',NULL),(1746,'1','MJYE688','019875','2017-07-12',4,1,'DIGITEX INTERNACIONAL S.A.S',NULL),(1747,'1','V1PW192','010157','2017-07-12',16,2,'DIGITEX INTERNACIONAL S.A.S',NULL),(1748,'1','MJEDVAN','019876','2017-07-12',9,1,'DIGITEX INTERNACIONAL S.A.S',NULL),(1749,'1','V1PP804','010158','2017-07-12',16,2,'DIGITEX INTERNACIONAL S.A.S',NULL),(1750,'1','MJEDVDM','019854','2017-07-12',9,1,'DIGITEX INTERNACIONAL S.A.S',NULL),(1751,'1','V1PW210','010161','2017-07-12',16,2,'DIGITEX INTERNACIONAL S.A.S',NULL),(1752,'1','MJERDPW','019880','2017-07-12',9,1,'DIGITEX INTERNACIONAL S.A.S',NULL),(1753,'1','V1PW212','010162','2017-07-12',16,2,'DIGITEX INTERNACIONAL S.A.S',NULL),(1754,'1','MJGMCNA','024890','2017-07-12',9,1,'DIGITEX INTERNACIONAL S.A.S',NULL),(1755,'1','CNC038NQJD','002314','2017-07-12',23,2,'DIGITEX INTERNACIONAL S.A.S',NULL),(1756,'1','MXL04001BF','011300','2017-07-12',10,1,'DIGITEX INTERNACIONAL S.A.S',NULL),(1757,'1','V1PW251','010175','2017-07-12',16,2,'DIGITEX INTERNACIONAL S.A.S',NULL),(1758,'1','MJEDVKA','014523','2017-07-12',9,1,'DIGITEX INTERNACIONAL S.A.S',NULL),(1759,'1','V1BMG20','010174','2017-07-12',16,2,'DIGITEX INTERNACIONAL S.A.S',NULL),(1760,'1','MJEDVDX','014522','2017-07-12',9,1,'DIGITEX INTERNACIONAL S.A.S',NULL),(1761,'1','V1PP824','010177','2017-07-12',16,2,'DIGITEX INTERNACIONAL S.A.S',NULL),(1762,'1','MJGMCPD','012774','2017-07-12',9,1,'DIGITEX INTERNACIONAL S.A.S',NULL),(1763,'1','V1BMG35','010176','2017-08-28',16,2,'DIGITEX INTERNACIONAL S.A.S',NULL),(1764,'1','MJEDVGL','014521','2017-07-12',9,1,'DIGITEX INTERNACIONAL S.A.S',NULL),(1765,'1','VNABY5X','002311','2017-07-12',19,2,'DIGITEX INTERNACIONAL S.A.S',NULL),(1766,'1','MJGMCPP','024153','2017-07-12',9,1,'DIGITEX INTERNACIONAL S.A.S',NULL),(1767,'1','V1BCP78','010449','2017-07-12',16,2,'DIGITEX INTERNACIONAL S.A.S',NULL),(1768,'1','MJERDRA','008907','2017-07-12',9,1,'DIGITEX INTERNACIONAL S.A.S',NULL),(1769,'1','V255708','000194','2017-09-13',16,2,'DIGITEX INTERNACIONAL S.A.S',NULL),(1770,'1','MJEDTTZ','024111','2017-07-12',9,1,'DIGITEX INTERNACIONAL S.A.S',NULL),(1771,'1','VNABWNK','002212','2017-07-12',19,2,'DIGITEX INTERNACIONAL S.A.S',NULL),(1772,'1','MJEDZAG','024112','2017-07-12',9,1,'DIGITEX INTERNACIONAL S.A.S',NULL),(1773,'1','V255706','000200','2017-07-12',16,2,'DIGITEX INTERNACIONAL S.A.S',NULL),(1774,'1','MJEDVNB','012783','2017-07-12',9,1,'DIGITEX INTERNACIONAL S.A.S',NULL),(1775,'1','V255551','000086','2017-07-12',16,2,'DIGITEX INTERNACIONAL S.A.S',NULL),(1776,'1','MJERDRH','024113','2017-07-12',9,1,'DIGITEX INTERNACIONAL S.A.S',NULL),(1777,'1','CNC038NNR5','002318','2017-07-12',23,2,'DIGITEX INTERNACIONAL S.A.S',NULL),(1778,'1','MXL040190Z','014518','2017-07-12',10,1,'DIGITEX INTERNACIONAL S.A.S',NULL),(1779,'1','CNC038NP15','002319','2017-07-12',23,2,'DIGITEX INTERNACIONAL S.A.S',NULL),(1780,'1','MXL040190T','019847','2017-07-12',10,1,'DIGITEX INTERNACIONAL S.A.S',NULL),(1781,'1','CNC038NNYC','002320','2017-07-12',23,2,'DIGITEX INTERNACIONAL S.A.S',NULL),(1782,'1','MXL0390XQB','019851','2017-07-12',10,1,'DIGITEX INTERNACIONAL S.A.S',NULL),(1783,'1','CNC038NPJJ','002321','2017-07-12',23,2,'DIGITEX INTERNACIONAL S.A.S',NULL),(1784,'1','MXL04018Z7','014515','2017-07-12',10,1,'DIGITEX INTERNACIONAL S.A.S',NULL),(1785,'1','CNC038NP5R','002322','2017-07-12',23,2,'DIGITEX INTERNACIONAL S.A.S',NULL),(1786,'1','MXL04018WR','019852','2017-07-12',10,1,'DIGITEX INTERNACIONAL S.A.S',NULL),(1787,'1','CNC038NQC6','002323','2017-07-12',23,2,'DIGITEX INTERNACIONAL S.A.S',NULL),(1788,'1','MXL04018XH','019866','2017-07-12',10,1,'DIGITEX INTERNACIONAL S.A.S',NULL),(1789,'1','CNC038NQBK','002324','2017-07-12',23,2,'DIGITEX INTERNACIONAL S.A.S',NULL),(1790,'1','MXL0390XNQ','024114','2017-07-12',10,1,'DIGITEX INTERNACIONAL S.A.S',NULL),(1791,'1','CNC038NQY2','002325','2017-07-12',23,2,'DIGITEX INTERNACIONAL S.A.S',NULL),(1792,'1','MJEDVBP','011257','2017-08-22',9,1,'DIGITEX INTERNACIONAL S.A.S',NULL),(1793,'1','CNC038NQ2L','002326','2017-07-12',23,2,'DIGITEX INTERNACIONAL S.A.S',NULL),(1794,'1','MXL040014K','019868','2017-07-12',10,1,'DIGITEX INTERNACIONAL S.A.S',NULL),(1795,'1','CNC038NQJ5','002327','2017-07-12',23,2,'DIGITEX INTERNACIONAL S.A.S',NULL),(1796,'1','MXL04001B6','019853','2017-07-12',10,1,'DIGITEX INTERNACIONAL S.A.S',NULL),(1797,'1','CNC038NQCH','002328','2017-07-12',23,2,'DIGITEX INTERNACIONAL S.A.S',NULL),(1798,'1','MXL04018WB','019867','2017-07-12',10,1,'DIGITEX INTERNACIONAL S.A.S',NULL),(1799,'1','CNC038NQDD','002188','2017-07-12',23,2,'DIGITEX INTERNACIONAL S.A.S',NULL),(1800,'1','MXL04018ZG','019879','2017-07-12',10,1,'DIGITEX INTERNACIONAL S.A.S',NULL),(1801,'1','CNC038NP5H','002195','2017-07-12',23,2,'DIGITEX INTERNACIONAL S.A.S',NULL),(1802,'1','MXL0390XPQ','019878','2017-07-12',10,1,'DIGITEX INTERNACIONAL S.A.S',NULL),(1803,'1','CNC038NQBD','002197','2017-07-12',23,2,'DIGITEX INTERNACIONAL S.A.S',NULL),(1804,'1','MXL040018R','019877','2017-07-12',10,1,'DIGITEX INTERNACIONAL S.A.S',NULL),(1805,'1','CNC038NQJP','002194','2017-07-12',23,2,'DIGITEX INTERNACIONAL S.A.S',NULL),(1806,'1','MXL040016P','024868','2017-08-22',10,1,'DIGITEX INTERNACIONAL S.A.S',NULL),(1807,'1','CNC038NP3G','002190','2017-07-12',23,2,'DIGITEX INTERNACIONAL S.A.S',NULL),(1808,'1','MJGMCMM','014732','2017-07-12',9,1,'DIGITEX INTERNACIONAL S.A.S',NULL),(1809,'1','V1BCP38','008696','2017-07-12',16,2,'DIGITEX INTERNACIONAL S.A.S',NULL),(1810,'1','MJPWG06','014713','2017-08-22',6,1,'DIGITEX INTERNACIONAL S.A.S',NULL),(1811,'1','CNC038NQ94','002193','2017-07-12',23,2,'DIGITEX INTERNACIONAL S.A.S',NULL),(1812,'1','MXL04001CB','014514','2017-07-12',10,1,'DIGITEX INTERNACIONAL S.A.S',NULL),(1813,'1','CNC038NQJH','002189','2017-07-12',23,2,'DIGITEX INTERNACIONAL S.A.S',NULL),(1814,'1','MXL0390XPN','024115','2017-08-22',10,1,'DIGITEX INTERNACIONAL S.A.S',NULL),(1815,'1','VNA4D8G','001846','2017-07-12',19,2,'DIGITEX INTERNACIONAL S.A.S',NULL),(1816,'1','MJEDTYX','014724','2017-08-22',9,1,'DIGITEX INTERNACIONAL S.A.S',NULL),(1817,'1','VNA4D86','002351','2017-07-12',19,2,'DIGITEX INTERNACIONAL S.A.S',NULL),(1818,'1','MJ018XXC','020614','2017-08-22',12,1,'DIGITEX INTERNACIONAL S.A.S',NULL),(1819,'1','V335830','000325','2017-07-12',17,2,'DIGITEX INTERNACIONAL S.A.S',NULL),(1820,'1','MXL04018WT','024116','2017-07-12',10,1,'DIGITEX INTERNACIONAL S.A.S',NULL),(1821,'1','V1ZT630','010151','2017-07-12',16,2,'DIGITEX INTERNACIONAL S.A.S',NULL),(1822,'1','MJEDPZC','014511','2017-07-12',9,1,'DIGITEX INTERNACIONAL S.A.S',NULL),(1823,'1','VNABY6B','001750','2017-07-12',19,2,'DIGITEX INTERNACIONAL S.A.S',NULL),(1824,'1','MX104018ZC','019846','2017-07-12',10,1,'DIGITEX INTERNACIONAL S.A.S',NULL),(1825,'1','V1PR707','010093','2017-08-22',16,2,'DIGITEX INTERNACIONAL S.A.S',NULL),(1826,'1','MJPWH11','019844','2017-07-12',6,1,'DIGITEX INTERNACIONAL S.A.S',NULL),(1827,'1','V255697','000080','2017-07-12',16,2,'DIGITEX INTERNACIONAL S.A.S',NULL),(1828,'1','MJPWH25','019884','2017-07-12',6,1,'DIGITEX INTERNACIONAL S.A.S',NULL),(1829,'1','CNC038NNTH','002192','2017-07-12',23,2,'DIGITEX INTERNACIONAL S.A.S',NULL),(1830,'1','MJEDZCZ','019841','2017-07-12',9,1,'DIGITEX INTERNACIONAL S.A.S',NULL),(1831,'1','CNC038NR55','002316','2017-07-12',23,2,'DIGITEX INTERNACIONAL S.A.S',NULL),(1832,'1','MXL0390XN6','011341','2017-07-12',10,1,'DIGITEX INTERNACIONAL S.A.S',NULL),(1833,'1','CNC038NP3B','002317','2017-07-12',23,2,'DIGITEX INTERNACIONAL S.A.S',NULL),(1834,'1','MJEDTRA','019815','2017-07-12',9,1,'DIGITEX INTERNACIONAL S.A.S',NULL),(1835,'1','V256670','008748','2017-07-12',16,2,'DIGITEX INTERNACIONAL S.A.S',NULL),(1836,'1','MJEDVLL','014508','2017-07-12',9,1,'DIGITEX INTERNACIONAL S.A.S',NULL),(1837,'1','VNABWP7','002215','2017-07-12',19,2,'DIGITEX INTERNACIONAL S.A.S',NULL),(1838,'1','MJYE062','019817','2017-07-12',4,1,'DIGITEX INTERNACIONAL S.A.S',NULL),(1839,'1','V9-006ZY3','019864','2017-07-12',20,2,'DIGITEX INTERNACIONAL S.A.S',NULL),(1840,'1','MJ018Y2P','019816','2017-07-12',12,1,'DIGITEX INTERNACIONAL S.A.S',NULL),(1841,'1','V9-006ZYX','019812','2017-07-12',20,2,'DIGITEX INTERNACIONAL S.A.S',NULL),(1842,'1','MJ018Y2N','019848','2017-08-22',12,1,'DIGITEX INTERNACIONAL S.A.S',NULL),(1843,'1','V9-006YFN','019891','2017-07-12',20,2,'DIGITEX INTERNACIONAL S.A.S',NULL),(1844,'1','MJ018XXJ','019823','2017-07-12',12,1,'DIGITEX INTERNACIONAL S.A.S',NULL),(1845,'1','V9-006YF3','020641','2017-07-12',20,2,'DIGITEX INTERNACIONAL S.A.S',NULL),(1846,'1','MXL04018WS','024335','2017-07-12',10,1,'DIGITEX INTERNACIONAL S.A.S',NULL),(1847,'1','V9-006ZXV','019818','2017-07-12',20,2,'DIGITEX INTERNACIONAL S.A.S',NULL),(1848,'1','MJPWG09','019827','2017-07-12',6,1,'DIGITEX INTERNACIONAL S.A.S',NULL),(1849,'1','V9-006YFV','019832','2017-07-12',20,2,'DIGITEX INTERNACIONAL S.A.S',NULL),(1850,'1','MJPWH27','002398','2017-07-12',6,1,'DIGITEX INTERNACIONAL S.A.S',NULL),(1851,'1','V9-006YF5','019869','2017-08-22',20,2,'DIGITEX INTERNACIONAL S.A.S',NULL),(1852,'1','MJ018Y0T','019861','2017-08-22',12,1,'DIGITEX INTERNACIONAL S.A.S',NULL),(1853,'1','V9-006YFH','019829','2017-07-12',20,2,'DIGITEX INTERNACIONAL S.A.S',NULL),(1854,'1','MJEDVFF','010201','2017-07-12',9,1,'DIGITEX INTERNACIONAL S.A.S',NULL),(1855,'1','V9-006YFT','019849','2017-07-12',20,2,'DIGITEX INTERNACIONAL S.A.S',NULL),(1856,'1','MJYE047','016482','2017-08-19',4,1,'DIGITEX INTERNACIONAL S.A.S',NULL),(1857,'1','V9-006YFG','019801','2017-08-22',20,2,'DIGITEX INTERNACIONAL S.A.S',NULL),(1858,'1','MJEDTPH','024683','2017-07-12',9,1,'DIGITEX INTERNACIONAL S.A.S',NULL),(1859,'1','V9-006ZYF','019813','2017-07-12',20,2,'DIGITEX INTERNACIONAL S.A.S',NULL),(1860,'1','MJERDRB','024762','2017-07-12',9,1,'DIGITEX INTERNACIONAL S.A.S',NULL),(1861,'1','VNALZRN','001305','2017-08-22',19,2,'DIGITEX INTERNACIONAL S.A.S',NULL),(1862,'1','MJ018XXF','019862','2017-07-12',12,1,'DIGITEX INTERNACIONAL S.A.S',NULL),(1863,'1','VNABWPR','002399','2017-07-12',19,2,'DIGITEX INTERNACIONAL S.A.S',NULL),(1864,'1','MJ018Y1F','019863','2017-07-12',12,1,'DIGITEX INTERNACIONAL S.A.S',NULL),(1865,'1','V1BMC02','010010','2017-07-12',16,2,'DIGITEX INTERNACIONAL S.A.S',NULL),(1866,'1','MJEDVPA','011197','2017-07-12',9,1,'DIGITEX INTERNACIONAL S.A.S',NULL),(1867,'1','V1ZT558','008767','2017-07-12',16,2,'DIGITEX INTERNACIONAL S.A.S',NULL),(1868,'1','MJEDVMW','011319','2017-07-12',9,1,'DIGITEX INTERNACIONAL S.A.S',NULL),(1869,'1','V1AWM12','008712','2017-07-12',16,2,'DIGITEX INTERNACIONAL S.A.S',NULL),(1870,'1','MJGMCNF','017417','2017-07-12',9,1,'DIGITEX INTERNACIONAL S.A.S',NULL),(1871,'1','VNA4D6H','002210','2017-07-12',19,2,'DIGITEX INTERNACIONAL S.A.S',NULL),(1872,'1','MJEDRBT','019883','2017-07-12',9,1,'DIGITEX INTERNACIONAL S.A.S',NULL),(1873,'1','VNA4D6T','002282','2017-07-12',19,2,'DIGITEX INTERNACIONAL S.A.S',NULL),(1874,'1','MJWCM65','024117','2017-08-22',34,1,'DIGITEX INTERNACIONAL S.A.S',NULL),(1875,'1','V1PR617','024343','2017-07-12',16,2,'DIGITEX INTERNACIONAL S.A.S',NULL),(1876,'1','MJERDRN','014626','2017-07-12',9,1,'DIGITEX INTERNACIONAL S.A.S',NULL),(1877,'1','V1PP828','010075','2017-08-14',16,2,'DIGITEX INTERNACIONAL S.A.S',NULL),(1878,'1','MJEDRCB','014507','2017-08-22',9,1,'DIGITEX INTERNACIONAL S.A.S',NULL),(1879,'1','VNABWNY','002105','2017-08-14',19,2,'DIGITEX INTERNACIONAL S.A.S',NULL),(1880,'1','MJEDRCK','029816','2017-08-14',9,1,'DIGITEX INTERNACIONAL S.A.S',NULL),(1881,'1','VNABY7M','002227','2017-07-12',19,2,'DIGITEX INTERNACIONAL S.A.S',NULL),(1882,'1','MJERDRF','011340','2017-07-12',9,1,'DIGITEX INTERNACIONAL S.A.S',NULL),(1883,'1','VNA4D5W','002271','2017-07-12',19,2,'DIGITEX INTERNACIONAL S.A.S',NULL),(1884,'1','MJEDRBD','011559','2017-07-12',9,1,'DIGITEX INTERNACIONAL S.A.S',NULL),(1885,'1','VNA4D68','002225','2017-07-12',19,2,'DIGITEX INTERNACIONAL S.A.S',NULL),(1886,'1','MJEDVGB','019838','2017-07-12',9,1,'DIGITEX INTERNACIONAL S.A.S',NULL),(1887,'1','VNA4D8A','002275','2017-07-12',19,2,'DIGITEX INTERNACIONAL S.A.S',NULL),(1888,'1','MJERDRG','024964','2017-07-12',9,1,'DIGITEX INTERNACIONAL S.A.S',NULL),(1889,'1','VNA4D66','002273','2017-07-12',19,2,'DIGITEX INTERNACIONAL S.A.S',NULL),(1890,'1','MJGMCPC','024057','2017-07-12',9,1,'DIGITEX INTERNACIONAL S.A.S',NULL),(1891,'1','V256452','000206','2017-07-12',16,2,'DIGITEX INTERNACIONAL S.A.S',NULL),(1892,'1','MJEDYZN','012758','2017-07-12',9,1,'DIGITEX INTERNACIONAL S.A.S',NULL),(1893,'1','VNABWPC','002291','2017-07-12',19,2,'DIGITEX INTERNACIONAL S.A.S',NULL),(1894,'1','MJEDVHV','024154','2017-07-12',9,1,'DIGITEX INTERNACIONAL S.A.S',NULL),(1895,'1','V256671','008709','2017-07-12',16,2,'DIGITEX INTERNACIONAL S.A.S',NULL),(1896,'1','MJEDVGZ','011556','2017-07-12',9,1,'DIGITEX INTERNACIONAL S.A.S',NULL),(1897,'1','VNA4D71','002237','2017-07-12',19,2,'DIGITEX INTERNACIONAL S.A.S',NULL),(1898,'1','MJEDRBY','014627','2017-07-12',9,1,'DIGITEX INTERNACIONAL S.A.S',NULL),(1899,'1','V1PC471','008772','2017-07-12',16,2,'DIGITEX INTERNACIONAL S.A.S',NULL),(1900,'1','MJEDRBG','014501','2017-07-12',9,1,'DIGITEX INTERNACIONAL S.A.S',NULL),(1901,'1','VNABWPF','002289','2017-07-12',19,2,'DIGITEX INTERNACIONAL S.A.S',NULL),(1902,'1','MJEDRAM','014502','2017-07-12',9,1,'DIGITEX INTERNACIONAL S.A.S',NULL),(1903,'1','V1BMG33','010134','2017-07-12',16,2,'DIGITEX INTERNACIONAL S.A.S',NULL),(1904,'1','MJEDRCF','011337','2017-07-12',9,1,'DIGITEX INTERNACIONAL S.A.S',NULL),(1905,'1','VNABZHP','002287','2017-07-12',19,2,'DIGITEX INTERNACIONAL S.A.S',NULL),(1906,'1','MJYE976','014503','2017-07-12',4,1,'DIGITEX INTERNACIONAL S.A.S',NULL),(1907,'1','VNAC1W8','002297','2017-07-12',19,2,'DIGITEX INTERNACIONAL S.A.S',NULL),(1908,'1','MJYE060','011557','2017-07-12',4,1,'DIGITEX INTERNACIONAL S.A.S',NULL),(1909,'1','VNA4D8F','002280','2017-07-12',19,2,'DIGITEX INTERNACIONAL S.A.S',NULL),(1910,'1','MJEDVBC','014504','2017-07-12',9,1,'DIGITEX INTERNACIONAL S.A.S',NULL),(1911,'1','VNA4D80','002277','2017-07-12',19,2,'DIGITEX INTERNACIONAL S.A.S',NULL),(1912,'1','MJEDVCV','011558','2017-07-12',9,1,'DIGITEX INTERNACIONAL S.A.S',NULL),(1913,'1','VNABWNB','002501','2017-07-12',19,2,'DIGITEX INTERNACIONAL S.A.S',NULL),(1914,'1','MJEDRCE','019839','2017-07-12',9,1,'DIGITEX INTERNACIONAL S.A.S',NULL),(1915,'1','VNABY75','002514','2017-07-12',19,2,'DIGITEX INTERNACIONAL S.A.S',NULL),(1916,'1','MJEDYYW','011310','2017-07-12',9,1,'DIGITEX INTERNACIONAL S.A.S',NULL),(1917,'1','V257153','000198','2017-07-12',16,2,'DIGITEX INTERNACIONAL S.A.S',NULL),(1918,'1','MJGMCPY','024118','2017-07-12',9,1,'DIGITEX INTERNACIONAL S.A.S',NULL),(1919,'1','V1ZT542','008146','2017-07-12',16,2,'DIGITEX INTERNACIONAL S.A.S',NULL),(1920,'1','MJYE053','011336','2017-08-22',4,1,'DIGITEX INTERNACIONAL S.A.S',NULL),(1921,'1','V1BCR10','010718','2017-07-12',16,2,'DIGITEX INTERNACIONAL S.A.S',NULL),(1922,'1','MJEY050','019814','2017-07-12',4,1,'DIGITEX INTERNACIONAL S.A.S',NULL),(1923,'1','V256009','008703','2017-07-12',16,2,'DIGITEX INTERNACIONAL S.A.S',NULL),(1924,'1','MJEDVNY','014710','2017-07-12',9,1,'DIGITEX INTERNACIONAL S.A.S',NULL),(1925,'1','V1AWF93','008782','2017-07-12',16,2,'DIGITEX INTERNACIONAL S.A.S',NULL),(1926,'1','MJEDZAT','014709','2017-07-12',9,1,'DIGITEX INTERNACIONAL S.A.S',NULL),(1927,'1','V256517','008697','2017-07-12',16,2,'DIGITEX INTERNACIONAL S.A.S',NULL),(1928,'1','MJEDPXA','014708','2017-07-12',9,1,'DIGITEX INTERNACIONAL S.A.S',NULL),(1929,'1','V1PC467','008144','2017-07-12',16,2,'DIGITEX INTERNACIONAL S.A.S',NULL),(1930,'1','MJEDRCV','014707','2017-07-12',9,1,'DIGITEX INTERNACIONAL S.A.S',NULL),(1931,'1','V256018','008710','2017-07-12',16,2,'DIGITEX INTERNACIONAL S.A.S',NULL),(1932,'1','MJEDRDC','014705','2017-07-12',9,1,'DIGITEX INTERNACIONAL S.A.S',NULL),(1933,'1','VNABY17','002368','2017-07-12',19,2,'DIGITEX INTERNACIONAL S.A.S',NULL),(1934,'1','MJEDRCY','014706','2017-07-12',9,1,'DIGITEX INTERNACIONAL S.A.S',NULL),(1935,'1','V255743','000208','2017-07-12',16,2,'DIGITEX INTERNACIONAL S.A.S',NULL),(1936,'1','MJPVF07','011555','2017-07-12',6,1,'DIGITEX INTERNACIONAL S.A.S',NULL),(1937,'1','VNAC1V9','002529','2017-07-12',19,2,'DIGITEX INTERNACIONAL S.A.S',NULL),(1938,'1','MJEDVMV','014702','2017-07-12',9,1,'DIGITEX INTERNACIONAL S.A.S',NULL),(1939,'1','VNABWP2','002293','2017-07-12',19,2,'DIGITEX INTERNACIONAL S.A.S',NULL),(1940,'1','MJERDNV','011312','2017-07-12',9,1,'DIGITEX INTERNACIONAL S.A.S',NULL),(1941,'1','VNABWP0','002299','2017-07-12',19,2,'DIGITEX INTERNACIONAL S.A.S',NULL),(1942,'1','MJPWG10','019840','2017-07-12',6,1,'DIGITEX INTERNACIONAL S.A.S',NULL),(1943,'1','V1AWG63','008140','2017-07-12',16,2,'DIGITEX INTERNACIONAL S.A.S',NULL),(1944,'1','MJYMR04','014605','2017-08-22',4,1,'DIGITEX INTERNACIONAL S.A.S',NULL),(1945,'1','VNABWNF','002391','2017-07-12',19,2,'DIGITEX INTERNACIONAL S.A.S',NULL),(1946,'1','MJEDRDE','024999','2017-07-12',9,1,'DIGITEX INTERNACIONAL S.A.S',NULL),(1947,'1','VNAC1VK','002366','2017-07-12',19,2,'DIGITEX INTERNACIONAL S.A.S',NULL),(1948,'1','MJEDTWZ','024038','2017-07-12',9,1,'DIGITEX INTERNACIONAL S.A.S',NULL),(1949,'1','VNA4D7P','002355','2017-07-12',19,2,'DIGITEX INTERNACIONAL S.A.S',NULL),(1950,'1','MJPWK60','020664','2017-07-12',6,1,'DIGITEX INTERNACIONAL S.A.S',NULL),(1951,'1','V1PP821','029831','2017-08-22',16,2,'DIGITEX INTERNACIONAL S.A.S',NULL),(1952,'1','MJPWF34','024121','2017-07-12',6,1,'DIGITEX INTERNACIONAL S.A.S',NULL),(1953,'1','VNA4D65','002247','2017-07-12',19,2,'DIGITEX INTERNACIONAL S.A.S',NULL),(1954,'1','MJPVZ22','011317','2017-07-12',6,1,'DIGITEX INTERNACIONAL S.A.S',NULL),(1955,'1','V1ZT389','008774','2017-07-12',16,2,'DIGITEX INTERNACIONAL S.A.S',NULL),(1956,'1','MJPWF95','014714','2017-07-12',6,1,'DIGITEX INTERNACIONAL S.A.S',NULL),(1957,'1','V1AWG66','024120','2017-07-12',16,2,'DIGITEX INTERNACIONAL S.A.S',NULL),(1958,'1','MJYE075','024991','2017-08-22',4,1,'DIGITEX INTERNACIONAL S.A.S',NULL),(1959,'1','V1PR750','010639','2017-07-12',16,2,'DIGITEX INTERNACIONAL S.A.S',NULL),(1960,'1','MJPWH84','011304','2017-07-12',6,1,'DIGITEX INTERNACIONAL S.A.S',NULL),(1961,'1','V1BMG11','008754','2017-07-12',16,2,'DIGITEX INTERNACIONAL S.A.S',NULL),(1962,'1','MJGMCMH','012709','2017-07-12',9,1,'DIGITEX INTERNACIONAL S.A.S',NULL),(1963,'1','V335827','000329','2017-07-12',16,2,'DIGITEX INTERNACIONAL S.A.S',NULL),(1964,'1','MJEDVEE','019810','2017-08-22',9,1,'DIGITEX INTERNACIONAL S.A.S',NULL),(1965,'1','V255717','000122','2017-07-12',16,2,'DIGITEX INTERNACIONAL S.A.S',NULL),(1966,'1','MJEDVFL','024119','2017-07-12',9,1,'DIGITEX INTERNACIONAL S.A.S',NULL),(1967,'1','VNAC21Z','002503','2017-07-12',19,2,'DIGITEX INTERNACIONAL S.A.S',NULL),(1968,'1','MJEDPZM','011326','2017-07-12',9,1,'DIGITEX INTERNACIONAL S.A.S',NULL),(1969,'1','V1A4D6G','002261','2017-07-12',19,2,'DIGITEX INTERNACIONAL S.A.S',NULL),(1970,'1','MJ018XXG','019860','2017-07-12',12,1,'DIGITEX INTERNACIONAL S.A.S',NULL),(1971,'1','V1ZT636','010350','2017-07-12',16,2,'DIGITEX INTERNACIONAL S.A.S',NULL),(1972,'1','MJVDDA2','024340','2017-09-16',7,1,'DIGITEX INTERNACIONAL S.A.S',NULL),(1973,'1','V1AWD83','008141','2017-07-12',16,2,'DIGITEX INTERNACIONAL S.A.S',NULL),(1974,'1','MJPWK74','024122','2017-07-12',6,1,'DIGITEX INTERNACIONAL S.A.S',NULL),(1975,'1','V1ZT572','008766','2017-07-12',16,2,'DIGITEX INTERNACIONAL S.A.S',NULL),(1976,'1','MJEDPZA','019865','2017-07-12',9,1,'DIGITEX INTERNACIONAL S.A.S',NULL),(1977,'1','V1PV940','010238','2017-07-12',16,2,'DIGITEX INTERNACIONAL S.A.S',NULL),(1978,'1','MJYE046','014715','2017-07-12',4,1,'DIGITEX INTERNACIONAL S.A.S',NULL),(1979,'1','V1PC472','008711','2017-07-12',16,2,'DIGITEX INTERNACIONAL S.A.S',NULL),(1980,'1','MJGMCNK','014733','2017-07-12',9,1,'DIGITEX INTERNACIONAL S.A.S',NULL),(1981,'1','VNABY7K','002113','2017-07-12',19,2,'DIGITEX INTERNACIONAL S.A.S',NULL),(1982,'1','MJPZC22','024212','2017-07-12',6,1,'DIGITEX INTERNACIONAL S.A.S',NULL),(1983,'1','VNALZT1','001424','2017-07-12',19,2,'DIGITEX INTERNACIONAL S.A.S',NULL),(1984,'1','MJPWH22','024140','2017-07-12',6,1,'DIGITEX INTERNACIONAL S.A.S',NULL),(1985,'1','V1PR724','010076','2017-07-12',16,2,'DIGITEX INTERNACIONAL S.A.S',NULL),(1986,'1','MJGMCNC','017418','2017-08-22',9,1,'DIGITEX INTERNACIONAL S.A.S',NULL),(1987,'1','V1AWG65','008148','2017-07-12',16,2,'DIGITEX INTERNACIONAL S.A.S',NULL),(1988,'1','MJPWH97','011323','2017-07-12',6,1,'DIGITEX INTERNACIONAL S.A.S',NULL),(1989,'1','V1BMF92','008759','2017-07-12',16,2,'DIGITEX INTERNACIONAL S.A.S',NULL),(1990,'1','MJBFXBC','019783','2017-07-12',6,1,'DIGITEX INTERNACIONAL S.A.S',NULL),(1991,'1','VNA4D5Z','002349','2017-07-12',19,2,'DIGITEX INTERNACIONAL S.A.S',NULL),(1992,'1','MJPWA55','024849','2017-08-22',6,1,'DIGITEX INTERNACIONAL S.A.S',NULL),(1993,'1','V256669','017515','2017-07-12',16,2,'DIGITEX INTERNACIONAL S.A.S',NULL),(1994,'1','MJPWH91','017505','2017-07-12',6,1,'DIGITEX INTERNACIONAL S.A.S',NULL),(1995,'1','V1PR662','017477','2017-07-12',16,2,'DIGITEX INTERNACIONAL S.A.S',NULL),(1996,'1','MJEDRAF','024061','2017-07-12',9,1,'DIGITEX INTERNACIONAL S.A.S',NULL),(1997,'1','V1ALK65','011114','2017-07-12',16,2,'DIGITEX INTERNACIONAL S.A.S',NULL),(1998,'1','MJPWK09','024763','2017-07-12',6,1,'DIGITEX INTERNACIONAL S.A.S',NULL),(1999,'1','VNA4D5V','002267','2017-07-12',19,2,'DIGITEX INTERNACIONAL S.A.S',NULL),(2000,'1','MJPWF88','024643','2017-07-12',6,1,'DIGITEX INTERNACIONAL S.A.S',NULL),(2001,'1','VNA4D6C','002241','2017-07-12',19,2,'DIGITEX INTERNACIONAL S.A.S',NULL),(2002,'1','MJYE974','011315','2017-07-12',4,1,'DIGITEX INTERNACIONAL S.A.S',NULL),(2003,'1','VNA4D6B','002249','2017-07-12',19,2,'DIGITEX INTERNACIONAL S.A.S',NULL),(2004,'1','MJYE979','024126','2017-07-12',4,1,'DIGITEX INTERNACIONAL S.A.S',NULL),(2005,'1','VNA4D6F','002251','2017-07-12',19,2,'DIGITEX INTERNACIONAL S.A.S',NULL),(2006,'1','MJYE035','024125','2017-09-16',4,1,'DIGITEX INTERNACIONAL S.A.S',NULL),(2007,'1','VNA4CDX','002253','2017-07-12',19,2,'DIGITEX INTERNACIONAL S.A.S',NULL),(2008,'1','MJYE894','011324','2017-07-12',4,1,'DIGITEX INTERNACIONAL S.A.S',NULL),(2009,'1','VNA4D6D','002255','2017-07-12',19,2,'DIGITEX INTERNACIONAL S.A.S',NULL),(2010,'1','MJYE052','011339','2017-07-12',4,1,'DIGITEX INTERNACIONAL S.A.S',NULL),(2011,'1','VN4D5X','002258','2017-08-22',19,2,'DIGITEX INTERNACIONAL S.A.S',NULL),(2012,'1','MJYE056','019888','2017-07-12',4,1,'DIGITEX INTERNACIONAL S.A.S',NULL),(2013,'1','V1BMF73','010065','2017-07-12',16,2,'DIGITEX INTERNACIONAL S.A.S',NULL),(2014,'1','MJGMCRD','012740','2017-07-12',9,1,'DIGITEX INTERNACIONAL S.A.S',NULL),(2015,'1','VNA4D8C','002406','2017-07-12',19,2,'DIGITEX INTERNACIONAL S.A.S',NULL),(2016,'1','MJYE057','014716','2017-07-12',4,1,'DIGITEX INTERNACIONAL S.A.S',NULL),(2017,'1','VNA4D60','002520','2017-07-12',19,2,'DIGITEX INTERNACIONAL S.A.S',NULL),(2018,'1','MJEDTRC','019889','2017-07-12',9,1,'DIGITEX INTERNACIONAL S.A.S',NULL),(2019,'1','V1PP890','010125','2017-07-12',16,2,'DIGITEX INTERNACIONAL S.A.S',NULL),(2020,'1','MJEDVCX','011256','2017-07-12',9,1,'DIGITEX INTERNACIONAL S.A.S',NULL),(2021,'1','VNA4D6X','002217','2017-07-12',19,2,'DIGITEX INTERNACIONAL S.A.S',NULL),(2022,'1','MJ018XYQ','020618','2017-07-12',12,1,'DIGITEX INTERNACIONAL S.A.S',NULL),(2023,'1','V1PC347','008770','2017-07-12',16,2,'DIGITEX INTERNACIONAL S.A.S',NULL),(2024,'1','MJ018XXK','019857','2017-08-22',12,1,'DIGITEX INTERNACIONAL S.A.S',NULL),(2025,'1','VNA4D6P','002221','2017-07-12',19,2,'DIGITEX INTERNACIONAL S.A.S',NULL),(2026,'1','MJDEZBZ','014722','2017-07-12',9,1,'DIGITEX INTERNACIONAL S.A.S',NULL),(2027,'1','VNA4D6V','002269','2017-08-22',19,2,'DIGITEX INTERNACIONAL S.A.S',NULL),(2028,'1','MJZHK39','014790','2017-07-12',6,1,'DIGITEX INTERNACIONAL S.A.S',NULL),(2029,'1','VNA4D83','002243','2017-08-22',19,2,'DIGITEX INTERNACIONAL S.A.S',NULL),(2030,'1','MJEDZCC','024129','2017-07-12',9,1,'DIGITEX INTERNACIONAL S.A.S',NULL),(2031,'1','V1BMG30','010153','2017-08-22',16,2,'DIGITEX INTERNACIONAL S.A.S',NULL),(2032,'1','MJEDPYB','019806','2017-07-12',9,1,'DIGITEX INTERNACIONAL S.A.S',NULL),(2033,'1','VNABY6V','002229','2017-07-12',19,2,'DIGITEX INTERNACIONAL S.A.S',NULL),(2034,'1','MJEDPXF','019826','2017-07-12',9,1,'DIGITEX INTERNACIONAL S.A.S',NULL),(2035,'1','VNA4D8D','002231','2017-07-12',19,2,'DIGITEX INTERNACIONAL S.A.S',NULL),(2036,'1','MJYE059','019819','2017-07-12',4,1,'DIGITEX INTERNACIONAL S.A.S',NULL),(2037,'1','VNA4D89','002233','2017-08-16',19,2,'DIGITEX INTERNACIONAL S.A.S',NULL),(2038,'1','MJYE044','019890','2017-07-12',4,1,'DIGITEX INTERNACIONAL S.A.S',NULL),(2039,'1','VNA4D62','002235','2017-07-12',19,2,'DIGITEX INTERNACIONAL S.A.S',NULL),(2040,'1','MJPVE87','001441','2017-07-12',6,1,'DIGITEX INTERNACIONAL S.A.S',NULL),(2041,'1','V1ZT567','010128','2017-07-12',16,2,'DIGITEX INTERNACIONAL S.A.S',NULL),(2042,'1','MJWYBP2','014718','2017-07-12',7,1,'DIGITEX INTERNACIONAL S.A.S',NULL),(2043,'1','CNT93363ZK','024128','2017-07-12',24,2,'DIGITEX INTERNACIONAL S.A.S',NULL),(2044,'1','MJYE054','014717','2017-07-12',4,1,'DIGITEX INTERNACIONAL S.A.S',NULL),(2045,'1','MJEDR6H','024548','2017-07-12',9,1,'DIGITEX INTERNACIONAL S.A.S',NULL),(2046,'1','V1BMG24','010045','2017-08-22',16,2,'DIGITEX INTERNACIONAL S.A.S',NULL),(2047,'1','V1ALK08','014999','2017-08-15',16,2,'DIGITEX INTERNACIONAL S.A.S',NULL),(2048,'1','MJEDTXH','024177','2017-07-12',9,1,'DIGITEX INTERNACIONAL S.A.S',NULL),(2049,'1','VNB11XL','024198','2017-08-22',19,2,'DIGITEX INTERNACIONAL S.A.S',NULL),(2050,'1','MJYE078','024533','2017-07-12',4,1,'DIGITEX INTERNACIONAL S.A.S',NULL),(2051,'1','VNAC28X','001454','2017-07-12',19,2,'DIGITEX INTERNACIONAL S.A.S',NULL),(2052,'1','MJZHK28','024597','2017-08-15',6,1,'DIGITEX INTERNACIONAL S.A.S',NULL),(2053,'1','VNABYMR','001303','2017-07-12',19,2,'DIGITEX INTERNACIONAL S.A.S',NULL),(2054,'1','MJEDTTV','014768','2017-07-12',9,1,'DIGITEX INTERNACIONAL S.A.S',NULL),(2055,'1','V256531','008698','2017-08-19',16,2,'DIGITEX INTERNACIONAL S.A.S',NULL),(2056,'1','MJEDVLB','024860','2017-07-12',9,1,'DIGITEX INTERNACIONAL S.A.S',NULL),(2057,'1','CNC038NQJZ','002020','2017-08-22',23,2,'DIGITEX INTERNACIONAL S.A.S',NULL),(2058,'1','MJPWG68','024591','2017-07-12',6,1,'DIGITEX INTERNACIONAL S.A.S',NULL),(2059,'1','VNABYNX','000922','2017-07-12',19,2,'DIGITEX INTERNACIONAL S.A.S',NULL),(2060,'1','MXL04018TT','029807','2017-08-14',10,1,'DIGITEX INTERNACIONAL S.A.S',NULL),(2061,'1','VNA4D6R','002223','2017-08-22',19,2,'DIGITEX INTERNACIONAL S.A.S',NULL),(2062,'1','MXL04018YZ','024041','2017-07-12',10,1,'DIGITEX INTERNACIONAL S.A.S',NULL),(2063,'1','V1ZT606','010118','2017-07-12',16,2,'DIGITEX INTERNACIONAL S.A.S',NULL),(2064,'1','MJGMCNX','019914','2017-07-12',9,1,'DIGITEX INTERNACIONAL S.A.S',NULL),(2065,'1','VNABY19','000904','2017-07-12',19,2,'DIGITEX INTERNACIONAL S.A.S',NULL),(2066,'1','MJVDDBG','024130','2017-07-12',7,1,'DIGITEX INTERNACIONAL S.A.S',NULL),(2067,'1','V1PW211','010454','2017-07-12',16,2,'DIGITEX INTERNACIONAL S.A.S',NULL),(2068,'1','MJEDZBW','017425','2017-09-06',9,1,'DIGITEX INTERNACIONAL S.A.S',NULL),(2069,'1','V9-006YG5','024837','2017-08-22',20,2,'DIGITEX INTERNACIONAL S.A.S',NULL),(2070,'1','MJ018X5A','014997','2017-07-12',12,1,'DIGITEX INTERNACIONAL S.A.S',NULL),(2071,'1','V1BMG18','010131','2017-07-12',16,2,'DIGITEX INTERNACIONAL S.A.S',NULL),(2072,'1','MJPWK69','002511','2017-07-12',6,1,'DIGITEX INTERNACIONAL S.A.S',NULL),(2073,'1','V1AZT563','010207','2017-07-12',16,2,'DIGITEX INTERNACIONAL S.A.S',NULL),(2074,'1','MJ018Y2S','019824','2017-07-12',12,1,'DIGITEX INTERNACIONAL S.A.S',NULL),(2075,'1','V1ZT577','010156','2017-07-12',16,2,'DIGITEX INTERNACIONAL S.A.S',NULL),(2076,'1','MJPWG26','002211','2017-08-22',6,1,'DIGITEX INTERNACIONAL S.A.S',NULL),(2077,'1','VNAC1VP','002516','2017-07-12',19,2,'DIGITEX INTERNACIONAL S.A.S',NULL),(2078,'1','MJEDPYC','024039','2017-08-22',9,1,'DIGITEX INTERNACIONAL S.A.S',NULL),(2079,'1','V1PP834','010184','2017-07-12',16,2,'DIGITEX INTERNACIONAL S.A.S',NULL),(2080,'1','MJPWH63','029814','2017-08-14',6,1,'DIGITEX INTERNACIONAL S.A.S',NULL),(2081,'1','VNABY6H','002524','2017-07-12',19,2,'DIGITEX INTERNACIONAL S.A.S',NULL),(2082,'1','MJEDTVB','019820','2017-07-12',9,1,'DIGITEX INTERNACIONAL S.A.S',NULL),(2083,'1','V1BMG23','010183','2017-07-12',16,2,'DIGITEX INTERNACIONAL S.A.S',NULL),(2084,'1','MJEDYNO','024159','2017-07-12',9,1,'DIGITEX INTERNACIONAL S.A.S',NULL),(2085,'1','V1BCP63','010152','2017-07-12',16,2,'DIGITEX INTERNACIONAL S.A.S',NULL),(2086,'1','MJEDVEC','011499','2017-07-12',9,1,'DIGITEX INTERNACIONAL S.A.S',NULL),(2087,'1','VNABWN7','002522','2017-07-12',19,2,'DIGITEX INTERNACIONAL S.A.S',NULL),(2088,'1','MJEDPXD','024257','2017-07-12',9,1,'DIGITEX INTERNACIONAL S.A.S',NULL),(2089,'1','VNAC1R9','002518','2017-07-12',19,2,'DIGITEX INTERNACIONAL S.A.S',NULL),(2090,'1','MJEDTZE','010205','2017-07-12',9,1,'DIGITEX INTERNACIONAL S.A.S',NULL),(2091,'1','V1PR691','010150','2017-07-12',16,2,'DIGITEX INTERNACIONAL S.A.S',NULL),(2092,'1','MJYE034','002515','2017-07-12',4,1,'DIGITEX INTERNACIONAL S.A.S',NULL),(2093,'1','VNABY7B','002313','2017-07-12',19,2,'DIGITEX INTERNACIONAL S.A.S',NULL),(2094,'1','MJEDZAL','024258','2017-08-22',9,1,'DIGITEX INTERNACIONAL S.A.S',NULL),(2095,'1','V1ALK34','010674','2017-07-12',16,2,'DIGITEX INTERNACIONAL S.A.S',NULL),(2096,'1','MJEDZAH','011305','2017-07-12',9,1,'DIGITEX INTERNACIONAL S.A.S',NULL),(2097,'1','V1ZT598','010206','2017-07-12',16,2,'DIGITEX INTERNACIONAL S.A.S',NULL),(2098,'1','MJPWF01','014711','2017-07-12',6,1,'DIGITEX INTERNACIONAL S.A.S',NULL),(2099,'1','VNABY61','002401','2017-07-12',19,2,'DIGITEX INTERNACIONAL S.A.S',NULL),(2100,'1','MJPWF86','002521','2017-07-12',6,1,'DIGITEX INTERNACIONAL S.A.S',NULL),(2101,'1','V9-006YFD','019843','2017-07-12',20,2,'DIGITEX INTERNACIONAL S.A.S',NULL),(2102,'1','MJEDPXB','024259','2017-07-12',9,1,'DIGITEX INTERNACIONAL S.A.S',NULL),(2103,'1','V1ZT610','010149','2017-07-12',16,2,'DIGITEX INTERNACIONAL S.A.S',NULL),(2104,'1','MJEDTYP','010198','2017-07-12',9,1,'DIGITEX INTERNACIONAL S.A.S',NULL),(2105,'1','V1BM649','010182','2017-07-12',16,2,'DIGITEX INTERNACIONAL S.A.S',NULL),(2106,'1','MJPWA78','014712','2017-07-12',6,1,'DIGITEX INTERNACIONAL S.A.S',NULL),(2107,'1','V1AWG25','008718','2017-07-12',16,2,'DIGITEX INTERNACIONAL S.A.S',NULL),(2108,'1','MJZDTZK','024260','2017-07-12',9,1,'DIGITEX INTERNACIONAL S.A.S',NULL),(2109,'1','V1BMD52','010180','2017-07-12',16,2,'DIGITEX INTERNACIONAL S.A.S',NULL),(2110,'1','MJEDRCG','008906','2017-07-12',9,1,'DIGITEX INTERNACIONAL S.A.S',NULL),(2111,'1','VNABWPK','002397','2017-07-12',19,2,'DIGITEX INTERNACIONAL S.A.S',NULL),(2112,'1','MJPWH12','019856','2017-07-12',6,1,'DIGITEX INTERNACIONAL S.A.S',NULL),(2113,'1','VNA4D85','002388','2017-07-12',19,2,'DIGITEX INTERNACIONAL S.A.S',NULL),(2114,'1','MJ018XX5','019834','2017-07-12',12,1,'DIGITEX INTERNACIONAL S.A.S',NULL),(2115,'1','CNC038NQDO','002207','2017-07-12',23,2,'DIGITEX INTERNACIONAL S.A.S',NULL),(2116,'1','MJEDTPG','024160','2017-07-12',9,1,'DIGITEX INTERNACIONAL S.A.S',NULL),(2117,'1','VNABY6D','002395','2017-09-19',19,2,'DIGITEX INTERNACIONAL S.A.S',NULL),(2118,'1','MJBFXCZ','014505','2017-08-22',2,1,'DIGITEX INTERNACIONAL S.A.S',NULL),(2119,'1','VNA4D63','002239','2017-07-12',19,2,'DIGITEX INTERNACIONAL S.A.S',NULL),(2120,'1','MJEDTPE','024263','2017-07-12',9,1,'DIGITEX INTERNACIONAL S.A.S',NULL),(2121,'1','V9-006YFC','015712','2017-07-12',20,2,'DIGITEX INTERNACIONAL S.A.S',NULL),(2122,'1','MJEDZCY','024262','2017-07-12',9,1,'DIGITEX INTERNACIONAL S.A.S',NULL),(2123,'1','V1BMG12','010148','2017-07-12',16,2,'DIGITEX INTERNACIONAL S.A.S',NULL),(2124,'1','MJ018Y13','015710','2017-07-12',12,1,'DIGITEX INTERNACIONAL S.A.S',NULL),(2125,'1','V1BMG02','010155','2017-09-19',16,2,'DIGITEX INTERNACIONAL S.A.S',NULL),(2126,'1','MJYEDTYT','010191','2017-07-12',9,1,'DIGITEX INTERNACIONAL S.A.S',NULL),(2127,'1','V1ZT571','010178','2017-07-12',16,2,'DIGITEX INTERNACIONAL S.A.S',NULL),(2128,'1','MJEDVHG','024123','2017-07-12',9,1,'DIGITEX INTERNACIONAL S.A.S',NULL),(2129,'1','V9-006YG3','019833','2017-07-12',20,2,'DIGITEX INTERNACIONAL S.A.S',NULL),(2130,'1','MJ018Y1P','014981','2017-07-12',12,1,'DIGITEX INTERNACIONAL S.A.S',NULL),(2131,'1','VNA4D5R','002284','2017-07-12',19,2,'DIGITEX INTERNACIONAL S.A.S',NULL),(2132,'1','MJEDYTL','010193','2017-07-12',9,1,'DIGITEX INTERNACIONAL S.A.S',NULL),(2133,'1','VNAC136','002404','2017-07-12',19,2,'DIGITEX INTERNACIONAL S.A.S',NULL),(2134,'1','MJYE058','024566','2017-07-12',4,1,'DIGITEX INTERNACIONAL S.A.S',NULL),(2135,'1','V9-006YFX','019828','2017-08-16',20,2,'DIGITEX INTERNACIONAL S.A.S',NULL),(2136,'1','MJ018XS7','024967','2017-07-12',12,1,'DIGITEX INTERNACIONAL S.A.S',NULL),(2137,'1','VNABWNP','002338','2017-07-12',19,2,'DIGITEX INTERNACIONAL S.A.S',NULL),(2138,'1','MJEDTYW','014599','2017-07-12',9,1,'DIGITEX INTERNACIONAL S.A.S',NULL),(2139,'1','VNA4COB','002263','2017-07-12',19,2,'DIGITEX INTERNACIONAL S.A.S',NULL),(2140,'1','MJ018XS9','014985','2017-07-12',12,1,'DIGITEX INTERNACIONAL S.A.S',NULL),(2141,'1','V1AWG21','019803','2017-08-16',16,2,'DIGITEX INTERNACIONAL S.A.S',NULL),(2142,'1','MJYE975','002213','2017-08-16',4,1,'DIGITEX INTERNACIONAL S.A.S',NULL),(2143,'1','VNAC25B','001219','2017-07-12',19,2,'DIGITEX INTERNACIONAL S.A.S',NULL),(2144,'1','MJZKX61','001127','2017-07-12',6,1,'DIGITEX INTERNACIONAL S.A.S',NULL),(2145,'1','V1BMF98','010210','2017-07-12',16,2,'DIGITEX INTERNACIONAL S.A.S',NULL),(2146,'1','MJPVZ66','001776','2017-07-12',6,1,'DIGITEX INTERNACIONAL S.A.S',NULL),(2147,'1','V1ZT615','010219','2017-07-12',16,2,'DIGITEX INTERNACIONAL S.A.S',NULL),(2148,'1','MJPWH80','018406','2017-07-12',6,1,'DIGITEX INTERNACIONAL S.A.S',NULL),(2149,'1','VNABWMB','012710','2017-07-12',19,2,'DIGITEX INTERNACIONAL S.A.S',NULL),(2150,'1','MJPWA86','024545','2017-07-12',6,1,'DIGITEX INTERNACIONAL S.A.S',NULL),(2151,'1','VNALZNY','001041','2017-07-12',19,2,'DIGITEX INTERNACIONAL S.A.S',NULL),(2152,'1','MJEDVKN','020949','2017-07-12',9,1,'DIGITEX INTERNACIONAL S.A.S',NULL),(2153,'1','VNAC011','001436','2017-07-12',19,2,'DIGITEX INTERNACIONAL S.A.S',NULL),(2154,'1','MJEDVNL','024852','2017-07-12',9,1,'DIGITEX INTERNACIONAL S.A.S',NULL),(2155,'1','VNAC25Y','000877','2017-07-12',19,2,'DIGITEX INTERNACIONAL S.A.S',NULL),(2156,'1','MJEDTVV','024851','2017-07-12',9,1,'DIGITEX INTERNACIONAL S.A.S',NULL),(2157,'1','VNAC25P','001439','2017-07-12',19,2,'DIGITEX INTERNACIONAL S.A.S',NULL),(2158,'1','MJEDVHP','019912','2017-07-12',9,1,'DIGITEX INTERNACIONAL S.A.S',NULL),(2159,'1','VNABZRD','001460','2017-08-28',19,2,'DIGITEX INTERNACIONAL S.A.S',NULL),(2160,'1','MJPWH45','020630','2017-07-12',6,1,'DIGITEX INTERNACIONAL S.A.S',NULL),(2161,'1','V1ZT565','010003','2017-07-12',16,2,'DIGITEX INTERNACIONAL S.A.S',NULL),(2162,'1','MJPWA14','024345','2017-08-28',6,1,'DIGITEX INTERNACIONAL S.A.S',NULL),(2163,'1','V1PR665','011125','2017-08-28',16,2,'DIGITEX INTERNACIONAL S.A.S',NULL),(2164,'1','MJZKW21','020687','2017-07-12',6,1,'DIGITEX INTERNACIONAL S.A.S',NULL),(2165,'1','VNABYM5','001201','2017-08-28',19,2,'DIGITEX INTERNACIONAL S.A.S',NULL),(2166,'1','MJZKH33','020621','2017-07-12',6,1,'DIGITEX INTERNACIONAL S.A.S',NULL),(2167,'1','VNABY5Y','001791','2017-07-12',19,2,'DIGITEX INTERNACIONAL S.A.S',NULL),(2168,'1','MJPWA57','024656','2017-07-12',6,1,'DIGITEX INTERNACIONAL S.A.S',NULL),(2169,'1','VNABYLX','001457','2017-07-12',19,2,'DIGITEX INTERNACIONAL S.A.S',NULL),(2170,'1','MJPWG41','020610','2017-07-12',6,1,'DIGITEX INTERNACIONAL S.A.S',NULL),(2171,'1','VNABYMB','001055','2017-07-12',19,2,'DIGITEX INTERNACIONAL S.A.S',NULL),(2172,'1','MJPWF43','024215','2017-09-13',6,1,'DIGITEX INTERNACIONAL S.A.S',NULL),(2173,'1','VNALZT8','001409','2017-07-12',19,2,'DIGITEX INTERNACIONAL S.A.S',NULL),(2174,'1','MJPWH92','011335','2017-07-12',6,1,'DIGITEX INTERNACIONAL S.A.S',NULL),(2175,'1','VNABZTB','001448','2017-09-05',19,2,'DIGITEX INTERNACIONAL S.A.S',NULL),(2176,'1','MJGMCPW','014737','2017-08-28',9,1,'DIGITEX INTERNACIONAL S.A.S',NULL),(2177,'1','V1PP837','010246','2017-07-12',16,2,'DIGITEX INTERNACIONAL S.A.S',NULL),(2178,'1','MJPZC42','020623','2017-07-12',6,1,'DIGITEX INTERNACIONAL S.A.S',NULL),(2179,'1','V1ALH94','012750','2017-07-12',16,2,'DIGITEX INTERNACIONAL S.A.S',NULL),(2180,'1','MJZHH65','018433','2017-07-12',6,1,'DIGITEX INTERNACIONAL S.A.S',NULL),(2181,'1','VNAC26B','001081','2017-07-12',19,2,'DIGITEX INTERNACIONAL S.A.S',NULL),(2182,'1','MJPWF17','000948','2017-07-12',6,1,'DIGITEX INTERNACIONAL S.A.S',NULL),(2183,'1','V1BCP73','011128','2017-07-12',16,2,'DIGITEX INTERNACIONAL S.A.S',NULL),(2184,'1','MJPWF36','014606','2017-07-12',6,1,'DIGITEX INTERNACIONAL S.A.S',NULL),(2185,'1','V1BMF75','010369','2017-07-12',16,2,'DIGITEX INTERNACIONAL S.A.S',NULL),(2186,'1','MJPWF16','000815','2017-07-12',6,1,'DIGITEX INTERNACIONAL S.A.S',NULL),(2187,'1','V1BMF69','010244','2017-07-12',16,2,'DIGITEX INTERNACIONAL S.A.S',NULL),(2188,'1','MJZHK21','001150','2017-07-12',6,1,'DIGITEX INTERNACIONAL S.A.S',NULL),(2189,'3','V256557','000161','2017-09-12',16,2,'DIGITEX INTERNACIONAL S.A.S',NULL),(2190,'1','MJZKG49','020609','2017-07-12',6,1,'DIGITEX INTERNACIONAL S.A.S',NULL),(2191,'1','V1PR575','010660','2017-07-12',16,2,'DIGITEX INTERNACIONAL S.A.S',NULL),(2192,'1','MJZKH29','020662','2017-07-12',6,1,'DIGITEX INTERNACIONAL S.A.S',NULL),(2193,'1','V1BMF74','010376','2017-07-12',16,2,'DIGITEX INTERNACIONAL S.A.S',NULL),(2194,'1','MJPWA00','020643','2017-07-12',6,1,'DIGITEX INTERNACIONAL S.A.S',NULL),(2195,'1','V1PR660','010306','2017-07-12',16,2,'DIGITEX INTERNACIONAL S.A.S',NULL),(2196,'1','MJZHK31','020622','2017-07-12',6,1,'DIGITEX INTERNACIONAL S.A.S',NULL),(2197,'1','V1BCP62','010377','2017-07-12',16,2,'DIGITEX INTERNACIONAL S.A.S',NULL),(2198,'1','MJZHK17','020619','2017-07-12',6,1,'DIGITEX INTERNACIONAL S.A.S',NULL),(2199,'1','VNALZRP','000791','2017-07-12',19,2,'DIGITEX INTERNACIONAL S.A.S',NULL),(2200,'1','MJZHH59','020603','2017-07-12',6,1,'DIGITEX INTERNACIONAL S.A.S',NULL),(2201,'1','V1PR628','010375','2017-07-12',16,2,'DIGITEX INTERNACIONAL S.A.S',NULL),(2202,'1','MJZHK25','020665','2017-07-12',6,1,'DIGITEX INTERNACIONAL S.A.S',NULL),(2203,'1','V1ZT638','010374','2017-07-12',16,2,'DIGITEX INTERNACIONAL S.A.S',NULL),(2204,'1','MJZHK35','024016','2017-08-28',6,1,'DIGITEX INTERNACIONAL S.A.S',NULL),(2205,'1','V1BCP97','010243','2017-07-12',16,2,'DIGITEX INTERNACIONAL S.A.S',NULL),(2206,'1','MJPVF05','000906','2017-07-12',6,1,'DIGITEX INTERNACIONAL S.A.S',NULL),(2207,'1','V1ALK60','011142','2017-07-12',16,2,'DIGITEX INTERNACIONAL S.A.S',NULL),(2208,'1','MJPVZ80','024015','2017-07-12',6,1,'DIGITEX INTERNACIONAL S.A.S',NULL),(2209,'1','V1BMG45','010214','2017-07-12',16,2,'DIGITEX INTERNACIONAL S.A.S',NULL),(2210,'1','MJZKF02','020681','2017-07-12',6,1,'DIGITEX INTERNACIONAL S.A.S',NULL),(2211,'1','V1PP680','010213','2017-07-12',16,2,'DIGITEX INTERNACIONAL S.A.S',NULL),(2212,'1','MJZKE99','020638','2017-07-12',6,1,'DIGITEX INTERNACIONAL S.A.S',NULL),(2213,'1','V1BMF96','010727','2017-07-12',16,2,'DIGITEX INTERNACIONAL S.A.S',NULL),(2214,'1','MJZHK42','020602','2017-07-12',6,1,'DIGITEX INTERNACIONAL S.A.S',NULL),(2215,'1','V1BCP92','010212','2017-07-12',16,2,'DIGITEX INTERNACIONAL S.A.S',NULL),(2216,'1','MJZHK23','020649','2017-07-12',6,1,'DIGITEX INTERNACIONAL S.A.S',NULL),(2217,'1','VNABZVH','001023','2017-07-12',19,2,'DIGITEX INTERNACIONAL S.A.S',NULL),(2218,'1','MJPWG54','014610','2017-07-12',6,1,'DIGITEX INTERNACIONAL S.A.S',NULL),(2219,'1','V1PP835','010209','2017-09-05',16,2,'DIGITEX INTERNACIONAL S.A.S',NULL),(2220,'1','MJZHH66','020693','2017-09-05',6,1,'DIGITEX INTERNACIONAL S.A.S',NULL),(2221,'1','V1ALK43','012721','2017-07-12',19,2,'DIGITEX INTERNACIONAL S.A.S',NULL),(2222,'1','MJPVZ13','001083','2017-07-12',6,1,'DIGITEX INTERNACIONAL S.A.S',NULL),(2223,'1','VNABYN1','000958','2017-07-12',19,2,'DIGITEX INTERNACIONAL S.A.S',NULL),(2224,'1','MJEDTYN','024034','2017-07-12',9,1,'DIGITEX INTERNACIONAL S.A.S',NULL),(2225,'1','VNAC00R','001210','2017-07-12',19,2,'DIGITEX INTERNACIONAL S.A.S',NULL),(2226,'1','MJGMCMV','017467','2017-09-05',9,1,'DIGITEX INTERNACIONAL S.A.S',NULL),(2227,'1','V1ALK01','011139','2017-07-12',16,2,'DIGITEX INTERNACIONAL S.A.S',NULL),(2228,'1','MJPWF02','001066','2017-07-12',6,1,'DIGITEX INTERNACIONAL S.A.S',NULL),(2229,'1','VNALZRM','001008','2017-07-12',19,2,'DIGITEX INTERNACIONAL S.A.S',NULL),(2230,'1','MJPWF15','014795','2017-08-16',6,1,'DIGITEX INTERNACIONAL S.A.S',NULL),(2231,'1','V1BCP98','010304','2017-07-12',16,2,'DIGITEX INTERNACIONAL S.A.S',NULL),(2232,'1','MJPVD69','014776','2017-07-12',6,1,'DIGITEX INTERNACIONAL S.A.S',NULL),(2233,'1','VNALZV8','001026','2017-07-12',19,2,'DIGITEX INTERNACIONAL S.A.S',NULL),(2234,'1','MJPVZ51','020632','2017-07-12',6,1,'DIGITEX INTERNACIONAL S.A.S',NULL),(2235,'1','VNALZPZ','001035','2017-07-12',19,2,'DIGITEX INTERNACIONAL S.A.S',NULL),(2236,'1','MJZHK27','024012','2017-07-12',6,1,'DIGITEX INTERNACIONAL S.A.S',NULL),(2237,'1','VNABWNW','001869','2017-07-12',19,2,'DIGITEX INTERNACIONAL S.A.S',NULL),(2238,'1','MJZKX72','024011','2017-07-12',6,1,'DIGITEX INTERNACIONAL S.A.S',NULL),(2239,'1','VNALZT7','001029','2017-07-12',19,2,'DIGITEX INTERNACIONAL S.A.S',NULL),(2240,'1','MJPWH47','024010','2017-07-12',6,1,'DIGITEX INTERNACIONAL S.A.S',NULL),(2241,'1','VNAC27N','001053','2017-07-12',19,2,'DIGITEX INTERNACIONAL S.A.S',NULL),(2242,'1','MJPVE85','020660','2017-07-12',6,1,'DIGITEX INTERNACIONAL S.A.S',NULL),(2243,'1','VNALZRH','001038','2017-07-12',19,2,'DIGITEX INTERNACIONAL S.A.S',NULL),(2244,'1','MJZHK34','024214','2017-07-12',6,1,'DIGITEX INTERNACIONAL S.A.S',NULL),(2245,'1','VNALZRX','001044','2017-07-12',19,2,'DIGITEX INTERNACIONAL S.A.S',NULL),(2246,'1','MJPWE99','020616','2017-07-12',6,1,'DIGITEX INTERNACIONAL S.A.S',NULL),(2247,'1','VNALZTL','001047','2017-07-12',19,2,'DIGITEX INTERNACIONAL S.A.S',NULL),(2248,'1','MJZKX83','001046','2017-07-12',6,1,'DIGITEX INTERNACIONAL S.A.S',NULL),(2249,'1','VNAHP7B','001050','2017-07-12',19,2,'DIGITEX INTERNACIONAL S.A.S',NULL),(2250,'1','MJZHK37','024313','2017-07-12',6,1,'DIGITEX INTERNACIONAL S.A.S',NULL),(2251,'1','VNALZRG','001163','2017-07-12',19,2,'DIGITEX INTERNACIONAL S.A.S',NULL),(2252,'1','MJPVD56','000831','2017-07-12',6,1,'DIGITEX INTERNACIONAL S.A.S',NULL),(2253,'1','VNALZV6','001166','2017-07-12',19,2,'DIGITEX INTERNACIONAL S.A.S',NULL),(2254,'1','MJZKX69','020608','2017-07-12',6,1,'DIGITEX INTERNACIONAL S.A.S',NULL),(2255,'1','VNALZRT','001169','2017-07-12',19,2,'DIGITEX INTERNACIONAL S.A.S',NULL),(2256,'1','MJPV204','014601','2017-07-12',6,1,'DIGITEX INTERNACIONAL S.A.S',NULL),(2257,'1','VNALZV9','001172','2017-07-12',19,2,'DIGITEX INTERNACIONAL S.A.S',NULL),(2258,'1','MJPZC15','020631','2017-07-12',6,1,'DIGITEX INTERNACIONAL S.A.S',NULL),(2259,'1','VNALZRV','001175','2017-07-12',19,2,'DIGITEX INTERNACIONAL S.A.S',NULL),(2260,'1','MJPZKX70','020669','2017-07-12',6,1,'DIGITEX INTERNACIONAL S.A.S',NULL),(2261,'1','V1BCP93','010305','2017-07-12',16,2,'DIGITEX INTERNACIONAL S.A.S',NULL),(2262,'1','MJZHK18','001043','2017-07-12',6,1,'DIGITEX INTERNACIONAL S.A.S',NULL),(2263,'1','VNALZRF','001181','2017-07-12',19,2,'DIGITEX INTERNACIONAL S.A.S',NULL),(2264,'1','MJPWF03','001447','2017-07-12',6,1,'DIGITEX INTERNACIONAL S.A.S',NULL),(2265,'1','VNALZML','001184','2017-07-12',19,2,'DIGITEX INTERNACIONAL S.A.S',NULL),(2266,'1','MJPWF89','024640','2017-07-12',6,1,'DIGITEX INTERNACIONAL S.A.S',NULL),(2267,'1','VNALZVG','001187','2017-07-12',19,2,'DIGITEX INTERNACIONAL S.A.S',NULL),(2268,'1','MJPWG75','020694','2017-07-12',6,1,'DIGITEX INTERNACIONAL S.A.S',NULL),(2269,'1','CNC038NR1Y','001993','2017-07-12',23,2,'DIGITEX INTERNACIONAL S.A.S',NULL),(2270,'1','MJZHK13','024847','2017-07-12',6,1,'DIGITEX INTERNACIONAL S.A.S',NULL),(2271,'1','VNALZRD','001421','2017-07-12',19,2,'DIGITEX INTERNACIONAL S.A.S',NULL),(2272,'1','MJPWH46','014794','2017-08-28',6,1,'DIGITEX INTERNACIONAL S.A.S',NULL),(2273,'1','VNABYLV','001213','2017-07-12',19,2,'DIGITEX INTERNACIONAL S.A.S',NULL),(2274,'1','MJEDRBE','014701','2017-07-12',9,1,'DIGITEX INTERNACIONAL S.A.S',NULL),(2275,'1','V1PR696','010043','2017-07-12',16,2,'DIGITEX INTERNACIONAL S.A.S',NULL),(2276,'1','MJGMCPK','019902','2017-09-04',9,1,'DIGITEX INTERNACIONAL S.A.S',NULL),(2277,'1','VNAC265','000998','2017-07-12',19,2,'DIGITEX INTERNACIONAL S.A.S',NULL),(2278,'1','MJEDTTE','018438','2017-09-04',9,1,'DIGITEX INTERNACIONAL S.A.S',NULL),(2279,'1','V256507','008695','2017-07-12',16,2,'DIGITEX INTERNACIONAL S.A.S',NULL),(2280,'1','MJPWF44','017524','2017-07-12',6,1,'DIGITEX INTERNACIONAL S.A.S',NULL),(2281,'1','V1PR650','011140','2017-07-12',16,2,'DIGITEX INTERNACIONAL S.A.S',NULL),(2282,'1','MJEDVAF','024333','2017-09-13',9,1,'DIGITEX INTERNACIONAL S.A.S',NULL),(2283,'1','VNALZRR','001418','2017-07-12',19,2,'DIGITEX INTERNACIONAL S.A.S',NULL),(2284,'1','MJPWH09','017532','2017-07-12',6,1,'DIGITEX INTERNACIONAL S.A.S',NULL),(2285,'1','VNALZT9','001415','2017-07-12',19,2,'DIGITEX INTERNACIONAL S.A.S',NULL),(2286,'1','MJZKW44','014775','2017-07-12',6,1,'DIGITEX INTERNACIONAL S.A.S',NULL),(2287,'1','VNALZV4','001412','2017-07-12',19,2,'DIGITEX INTERNACIONAL S.A.S',NULL),(2288,'1','MJZKW79','001153','2017-07-12',6,1,'DIGITEX INTERNACIONAL S.A.S',NULL),(2289,'1','VNABYNV','001237','2017-07-12',19,2,'DIGITEX INTERNACIONAL S.A.S',NULL),(2290,'1','MJZHK40','020667','2017-08-28',6,1,'DIGITEX INTERNACIONAL S.A.S',NULL),(2291,'1','VNALZTM','001406','2017-07-12',19,2,'DIGITEX INTERNACIONAL S.A.S',NULL),(2292,'1','MJZKH31','014789','2017-07-12',6,1,'DIGITEX INTERNACIONAL S.A.S',NULL),(2293,'1','VNALZT6','001403','2017-07-12',19,2,'DIGITEX INTERNACIONAL S.A.S',NULL),(2294,'1','MJEDPXL','024007','2017-07-12',9,1,'DIGITEX INTERNACIONAL S.A.S',NULL),(2295,'1','VNABZT2','001100','2017-07-12',19,2,'DIGITEX INTERNACIONAL S.A.S',NULL),(2296,'1','MJERDRC','024176','2017-07-12',6,1,'DIGITEX INTERNACIONAL S.A.S',NULL),(2297,'1','VNAC259','001070','2017-07-12',19,2,'DIGITEX INTERNACIONAL S.A.S',NULL),(2298,'1','MJZHK24','020679','2017-07-12',6,1,'DIGITEX INTERNACIONAL S.A.S',NULL),(2299,'1','VNABYNG','001094','2017-07-12',19,2,'DIGITEX INTERNACIONAL S.A.S',NULL),(2300,'1','MJPWK11','029804','2017-08-28',6,1,'DIGITEX INTERNACIONAL S.A.S',NULL),(2301,'1','V1PR671','014616','2017-07-12',16,2,'DIGITEX INTERNACIONAL S.A.S',NULL),(2302,'1','MJZKH39','020696','2017-07-12',6,1,'DIGITEX INTERNACIONAL S.A.S',NULL),(2303,'1','VNABYMH','001087','2017-07-12',19,2,'DIGITEX INTERNACIONAL S.A.S',NULL),(2304,'1','MJPWA02','017526','2017-07-12',6,1,'DIGITEX INTERNACIONAL S.A.S',NULL),(2305,'1','V1ZT578','010311','2017-07-12',16,2,'DIGITEX INTERNACIONAL S.A.S',NULL),(2306,'1','MJPWH78','001086','2017-07-12',6,1,'DIGITEX INTERNACIONAL S.A.S',NULL),(2307,'1','VNABYMN','001084','2017-07-12',19,2,'DIGITEX INTERNACIONAL S.A.S',NULL),(2308,'1','MJPWK29','017502','2017-07-12',6,1,'DIGITEX INTERNACIONAL S.A.S',NULL),(2309,'1','VNAC28Z','001079','2017-07-12',19,2,'DIGITEX INTERNACIONAL S.A.S',NULL),(2310,'1','MJPVY93','020628','2017-07-12',6,1,'DIGITEX INTERNACIONAL S.A.S',NULL),(2311,'1','VNABYLL','001076','2017-07-12',19,2,'DIGITEX INTERNACIONAL S.A.S',NULL),(2312,'1','MJPVE21','020678','2017-07-12',6,1,'DIGITEX INTERNACIONAL S.A.S',NULL),(2313,'1','VNABYMX','001073','2017-07-12',19,2,'DIGITEX INTERNACIONAL S.A.S',NULL),(2314,'1','MJPWG57','020653','2017-07-12',6,1,'DIGITEX INTERNACIONAL S.A.S',NULL),(2315,'1','VNABYLB','001097','2017-07-12',19,2,'DIGITEX INTERNACIONAL S.A.S',NULL),(2316,'1','MJZKH62','020658','2017-07-12',6,1,'DIGITEX INTERNACIONAL S.A.S',NULL),(2317,'1','VNABY7W','001067','2017-07-12',19,2,'DIGITEX INTERNACIONAL S.A.S',NULL),(2318,'1','MJZKW81','020652','2017-07-12',6,1,'DIGITEX INTERNACIONAL S.A.S',NULL),(2319,'1','VNALZTA','001014','2017-08-16',19,2,'DIGITEX INTERNACIONAL S.A.S',NULL),(2320,'1','MJPWA05','024109','2017-07-12',6,1,'DIGITEX INTERNACIONAL S.A.S',NULL),(2321,'1','VNABYLW','001061','2017-07-12',19,2,'DIGITEX INTERNACIONAL S.A.S',NULL),(2322,'1','MJZHK29','020620','2017-07-12',6,1,'DIGITEX INTERNACIONAL S.A.S',NULL),(2323,'1','V1ZT549','010215','2017-07-12',16,2,'DIGITEX INTERNACIONAL S.A.S',NULL),(2324,'1','MJPWH89','017559','2017-09-04',6,1,'DIGITEX INTERNACIONAL S.A.S',NULL),(2325,'1','VNABYM9','001340','2017-07-12',19,2,'DIGITEX INTERNACIONAL S.A.S',NULL),(2326,'1','MJPVZ20','017520','2017-07-12',6,1,'DIGITEX INTERNACIONAL S.A.S',NULL),(2327,'1','V1PR679','010283','2017-08-28',16,2,'DIGITEX INTERNACIONAL S.A.S',NULL),(2328,'1','MJGMCNT','014761','2017-08-28',9,1,'DIGITEX INTERNACIONAL S.A.S',NULL),(2329,'1','VNABZR7','000871','2017-07-12',19,2,'DIGITEX INTERNACIONAL S.A.S',NULL),(2330,'1','MJGMCPR','014753','2017-08-28',9,1,'DIGITEX INTERNACIONAL S.A.S',NULL),(2331,'1','VNABZRW','001311','2017-07-12',19,2,'DIGITEX INTERNACIONAL S.A.S',NULL),(2332,'1','MJPVF09','020648','2017-09-19',6,1,'DIGITEX INTERNACIONAL S.A.S',NULL),(2333,'1','VNALZTO','001137','2017-07-12',19,2,'DIGITEX INTERNACIONAL S.A.S',NULL),(2334,'1','MJZHK15','014777','2017-07-12',6,1,'DIGITEX INTERNACIONAL S.A.S',NULL),(2335,'1','VNABWP4','001793','2017-08-28',19,2,'DIGITEX INTERNACIONAL S.A.S',NULL),(2336,'1','MJPWK59','024344','2017-07-12',6,1,'DIGITEX INTERNACIONAL S.A.S',NULL),(2337,'1','VNAC257','001445','2017-07-12',19,2,'DIGITEX INTERNACIONAL S.A.S',NULL),(2338,'1','MJZHK26','020684','2017-07-12',6,1,'DIGITEX INTERNACIONAL S.A.S',NULL),(2339,'1','VNABZR4','001463','2017-07-12',19,2,'DIGITEX INTERNACIONAL S.A.S',NULL),(2340,'1','MJZKF03','024217','2017-07-12',6,1,'DIGITEX INTERNACIONAL S.A.S',NULL),(2341,'1','VNABYML','001466','2017-07-12',19,2,'DIGITEX INTERNACIONAL S.A.S',NULL),(2342,'1','MJPWG28','018411','2017-07-12',6,1,'DIGITEX INTERNACIONAL S.A.S',NULL),(2343,'1','VNABYN3','001469','2017-07-12',19,2,'DIGITEX INTERNACIONAL S.A.S',NULL),(2344,'1','MJPWK63','024687','2017-08-28',6,1,'DIGITEX INTERNACIONAL S.A.S',NULL),(2345,'1','VNAC28N','001472','2017-07-12',19,2,'DIGITEX INTERNACIONAL S.A.S',NULL),(2346,'1','MJPWF22','020699','2017-07-12',6,1,'DIGITEX INTERNACIONAL S.A.S',NULL),(2347,'1','VNABZR8','001475','2017-07-12',19,2,'DIGITEX INTERNACIONAL S.A.S',NULL),(2348,'1','MJPWH44','024218','2017-07-12',6,1,'DIGITEX INTERNACIONAL S.A.S',NULL),(2349,'1','VNAC28W','001478','2017-07-12',19,2,'DIGITEX INTERNACIONAL S.A.S',NULL),(2350,'1','MJKCK92','018500','2017-07-12',6,1,'DIGITEX INTERNACIONAL S.A.S',NULL),(2351,'1','VNAC214','001481','2017-07-12',19,2,'DIGITEX INTERNACIONAL S.A.S',NULL),(2352,'1','MJPWF40','001480','2017-07-12',6,1,'DIGITEX INTERNACIONAL S.A.S',NULL),(2353,'1','VNABZT8','001484','2017-07-12',19,2,'DIGITEX INTERNACIONAL S.A.S',NULL),(2354,'1','MJPWH48','024694','2017-08-28',6,1,'DIGITEX INTERNACIONAL S.A.S',NULL),(2355,'1','VNALZLK','001128','2017-07-12',19,2,'DIGITEX INTERNACIONAL S.A.S',NULL),(2356,'1','MJVDCZ9','018434','2017-08-16',7,1,'DIGITEX INTERNACIONAL S.A.S',NULL),(2357,'1','VNABYLD','001337','2017-07-12',19,2,'DIGITEX INTERNACIONAL S.A.S',NULL),(2358,'1','MJPWF33','029805','2017-08-28',6,1,'DIGITEX INTERNACIONAL S.A.S',NULL),(2359,'1','VNABZRB','001335','2017-07-12',19,2,'DIGITEX INTERNACIONAL S.A.S',NULL),(2360,'1','MJPWG39','024219','2017-07-12',6,1,'DIGITEX INTERNACIONAL S.A.S',NULL),(2361,'1','VNABYN5','001331','2017-07-12',19,2,'DIGITEX INTERNACIONAL S.A.S',NULL),(2362,'1','MJPVE23','001069','2017-09-05',6,1,'DIGITEX INTERNACIONAL S.A.S',NULL),(2363,'1','VNAC25C','001328','2017-07-12',19,2,'DIGITEX INTERNACIONAL S.A.S',NULL),(2364,'1','MJPVZ11','020689','2017-07-12',6,1,'DIGITEX INTERNACIONAL S.A.S',NULL),(2365,'1','VNABZTK','001325','2017-08-28',19,2,'DIGITEX INTERNACIONAL S.A.S',NULL),(2366,'1','MJZHH58','014783','2017-07-12',6,1,'DIGITEX INTERNACIONAL S.A.S',NULL),(2367,'1','VNAC25H','001322','2017-07-12',19,2,'DIGITEX INTERNACIONAL S.A.S',NULL),(2368,'1','MJPVE58','001078','2017-07-12',6,1,'DIGITEX INTERNACIONAL S.A.S',NULL),(2369,'1','VNABZR3','001319','2017-07-12',19,2,'DIGITEX INTERNACIONAL S.A.S',NULL),(2370,'1','MJPVY99','024220','2017-07-12',6,1,'DIGITEX INTERNACIONAL S.A.S',NULL),(2371,'1','VNABYM7','001317','2017-07-12',19,2,'DIGITEX INTERNACIONAL S.A.S',NULL),(2372,'1','MJPVY97','001474','2017-07-12',6,1,'DIGITEX INTERNACIONAL S.A.S',NULL),(2373,'1','V1PR713','010087','2017-07-12',16,2,'DIGITEX INTERNACIONAL S.A.S',NULL),(2374,'1','MJPWF13','020690','2017-07-12',6,1,'DIGITEX INTERNACIONAL S.A.S',NULL),(2375,'1','VNABYNB','001427','2017-07-12',19,2,'DIGITEX INTERNACIONAL S.A.S',NULL),(2376,'1','MJZHH62','020685','2017-08-28',6,1,'DIGITEX INTERNACIONAL S.A.S',NULL),(2377,'1','V1ALK03','010490','2017-07-12',16,2,'DIGITEX INTERNACIONAL S.A.S',NULL),(2378,'1','MJEDTWM','024594','2017-07-12',9,1,'DIGITEX INTERNACIONAL S.A.S',NULL),(2379,'1','VNALZRY','001125','2017-07-12',19,2,'DIGITEX INTERNACIONAL S.A.S',NULL),(2380,'1','MJGMCPT','014568','2017-08-28',9,1,'DIGITEX INTERNACIONAL S.A.S',NULL),(2381,'1','VNALZTN','001005','2017-07-12',19,2,'DIGITEX INTERNACIONAL S.A.S',NULL),(2382,'1','MJPWA69','018432','2017-08-28',6,1,'DIGITEX INTERNACIONAL S.A.S',NULL),(2383,'1','V1PR684','010037','2017-07-12',16,2,'DIGITEX INTERNACIONAL S.A.S',NULL),(2384,'1','MJPWE91','029888','2017-08-14',6,1,'DIGITEX INTERNACIONAL S.A.S',NULL),(2385,'1','VNALZV3','001196','2017-07-12',19,2,'DIGITEX INTERNACIONAL S.A.S',NULL),(2386,'1','MJEDTRY','024179','2017-08-28',9,1,'DIGITEX INTERNACIONAL S.A.S',NULL),(2387,'1','VNAC281','001282','2017-07-12',19,2,'DIGITEX INTERNACIONAL S.A.S',NULL),(2388,'1','MJZHH63','020613','2017-07-12',6,1,'DIGITEX INTERNACIONAL S.A.S',NULL),(2389,'1','VNALK53','011630','2017-07-12',16,2,'DIGITEX INTERNACIONAL S.A.S',NULL),(2390,'1','MJPVZ12','029806','2017-08-28',6,1,'DIGITEX INTERNACIONAL S.A.S',NULL),(2391,'1','VNABYM0','001308','2017-08-16',19,2,'DIGITEX INTERNACIONAL S.A.S',NULL),(2392,'1','MJZKW25','014786','2017-08-28',6,1,'DIGITEX INTERNACIONAL S.A.S',NULL),(2393,'1','VNAC250','001273','2017-07-12',19,2,'DIGITEX INTERNACIONAL S.A.S',NULL),(2394,'1','MJPWH51','029802','2017-08-28',6,1,'DIGITEX INTERNACIONAL S.A.S',NULL),(2395,'1','VNABZW5','001270','2017-07-12',19,2,'DIGITEX INTERNACIONAL S.A.S',NULL),(2396,'1','MJPZB92','020654','2017-08-28',6,1,'DIGITEX INTERNACIONAL S.A.S',NULL),(2397,'1','VNACOFL','001267','2017-08-28',19,2,'DIGITEX INTERNACIONAL S.A.S',NULL),(2398,'1','MJPVZ54','001215','2017-07-12',6,1,'DIGITEX INTERNACIONAL S.A.S',NULL),(2399,'1','V1ALK02','010488','2017-07-12',16,2,'DIGITEX INTERNACIONAL S.A.S',NULL),(2400,'1','MJPWF11','014785','2017-07-12',6,1,'DIGITEX INTERNACIONAL S.A.S',NULL),(2401,'1','VNAC25T','001294','2017-07-12',19,2,'DIGITEX INTERNACIONAL S.A.S',NULL),(2402,'1','MJZKH66','020671','2017-07-12',6,1,'DIGITEX INTERNACIONAL S.A.S',NULL),(2403,'1','VNALZT4','001134','2017-07-12',19,2,'DIGITEX INTERNACIONAL S.A.S',NULL),(2404,'1','MJPWA68','014798','2017-07-12',6,1,'DIGITEX INTERNACIONAL S.A.S',NULL),(2405,'1','VNABYLY','001255','2017-07-12',19,2,'DIGITEX INTERNACIONAL S.A.S',NULL),(2406,'1','MJPWK70','012713','2017-07-12',6,1,'DIGITEX INTERNACIONAL S.A.S',NULL),(2407,'1','VNABYMZ','001252','2017-07-12',19,2,'DIGITEX INTERNACIONAL S.A.S',NULL),(2408,'1','MJPWG56','024221','2017-07-12',6,1,'DIGITEX INTERNACIONAL S.A.S',NULL),(2409,'1','VNABYMF','001249','2017-07-12',19,2,'DIGITEX INTERNACIONAL S.A.S',NULL),(2410,'1','MJPZD40','020637','2017-09-19',6,1,'DIGITEX INTERNACIONAL S.A.S',NULL),(2411,'1','VNABYM2','001011','2017-08-16',19,2,'DIGITEX INTERNACIONAL S.A.S',NULL),(2412,'1','MJPVE18','014782','2017-07-12',6,1,'DIGITEX INTERNACIONAL S.A.S',NULL),(2413,'1','V1ADB83','002080','2017-07-12',16,2,'DIGITEX INTERNACIONAL S.A.S',NULL),(2414,'1','MJBFWYX','024145','2017-07-12',2,1,'DIGITEX INTERNACIONAL S.A.S',NULL),(2415,'1','V1ZT601','010023','2017-07-12',16,2,'DIGITEX INTERNACIONAL S.A.S',NULL),(2416,'1','MJZKF17','001031','2017-07-12',6,1,'DIGITEX INTERNACIONAL S.A.S',NULL),(2417,'1','VNALZTD','001190','2017-08-28',19,2,'DIGITEX INTERNACIONAL S.A.S',NULL),(2418,'1','MJZHK30','020672','2017-07-12',6,1,'DIGITEX INTERNACIONAL S.A.S',NULL),(2419,'1','VNABZRX','001234','2017-07-12',19,2,'DIGITEX INTERNACIONAL S.A.S',NULL),(2420,'1','MJPWF38','001063','2017-07-12',6,1,'DIGITEX INTERNACIONAL S.A.S',NULL),(2421,'1','V1PW200','010218','2017-07-12',16,2,'DIGITEX INTERNACIONAL S.A.S',NULL),(2422,'1','MJZKW48','014779','2017-07-12',6,1,'DIGITEX INTERNACIONAL S.A.S',NULL),(2423,'1','VNABZRA','001288','2017-07-12',19,2,'DIGITEX INTERNACIONAL S.A.S',NULL),(2424,'1','MJPWE87','014781','2017-07-12',6,1,'DIGITEX INTERNACIONAL S.A.S',NULL),(2425,'1','V1ZT545','010310','2017-07-12',16,2,'DIGITEX INTERNACIONAL S.A.S',NULL),(2426,'1','MJPWA40','014788','2017-09-04',6,1,'DIGITEX INTERNACIONAL S.A.S',NULL),(2427,'1','VNALZV1','001285','2017-07-12',19,2,'DIGITEX INTERNACIONAL S.A.S',NULL),(2428,'1','MJZKW78','029886','2017-09-04',6,1,'DIGITEX INTERNACIONAL S.A.S',NULL),(2429,'1','VNABYLR','001314','2017-07-12',19,2,'DIGITEX INTERNACIONAL S.A.S',NULL),(2430,'1','MJPWG84','001186','2017-08-28',6,1,'DIGITEX INTERNACIONAL S.A.S',NULL),(2431,'1','VNALZNX','001178','2017-07-12',19,2,'DIGITEX INTERNACIONAL S.A.S',NULL),(2432,'1','MJEDVNK','010780','2017-09-05',9,1,'DIGITEX INTERNACIONAL S.A.S',NULL),(2433,'1','VNABWPN','002138','2017-07-12',19,2,'DIGITEX INTERNACIONAL S.A.S',NULL),(2434,'1','MJPWF04','024013','2017-07-12',6,1,'DIGITEX INTERNACIONAL S.A.S',NULL),(2435,'1','MJEDTXV','019905','2017-09-13',9,1,'DIGITEX INTERNACIONAL S.A.S',NULL),(2436,'1','VNAC267','001058','2017-07-12',19,2,'DIGITEX INTERNACIONAL S.A.S',NULL),(2437,'1','V1BMG14','010260','2017-07-12',16,2,'DIGITEX INTERNACIONAL S.A.S',NULL),(2438,'1','MJPWAB1','002312','2017-07-12',6,1,'DIGITEX INTERNACIONAL S.A.S',NULL),(2439,'1','VNABZTR','001204','2017-07-12',19,2,'DIGITEX INTERNACIONAL S.A.S',NULL),(2440,'1','MJPVZ79','029885','2017-08-14',6,1,'DIGITEX INTERNACIONAL S.A.S',NULL),(2441,'1','VNAC24Z','001442','2017-08-28',19,2,'DIGITEX INTERNACIONAL S.A.S',NULL),(2442,'1','MJKCH99','024222','2017-07-12',6,1,'DIGITEX INTERNACIONAL S.A.S',NULL),(2443,'1','VNABYLZ','000979','2017-07-12',19,2,'DIGITEX INTERNACIONAL S.A.S',NULL),(2444,'1','MJPVZ55','014787','2017-07-12',6,1,'DIGITEX INTERNACIONAL S.A.S',NULL),(2445,'1','VNABYLG','000995','2017-07-12',19,2,'DIGITEX INTERNACIONAL S.A.S',NULL),(2446,'1','MJPWK61','024689','2017-08-28',6,1,'DIGITEX INTERNACIONAL S.A.S',NULL),(2447,'1','VNAC25A','000992','2017-07-12',19,2,'DIGITEX INTERNACIONAL S.A.S',NULL),(2448,'1','MJPWF12','001080','2017-07-12',6,1,'DIGITEX INTERNACIONAL S.A.S',NULL),(2449,'1','VNAC218','000989','2017-07-12',19,2,'DIGITEX INTERNACIONAL S.A.S',NULL),(2450,'1','MJPWA61','024030','2017-07-12',6,1,'DIGITEX INTERNACIONAL S.A.S',NULL),(2451,'1','VNAC216','000986','2017-07-12',19,2,'DIGITEX INTERNACIONAL S.A.S',NULL),(2452,'1','MJPWK43','024682','2017-08-28',6,1,'DIGITEX INTERNACIONAL S.A.S',NULL),(2453,'1','VNABYNT','000983','2017-08-28',19,2,'DIGITEX INTERNACIONAL S.A.S',NULL),(2454,'1','MJPWA73','029889','2017-08-14',6,1,'DIGITEX INTERNACIONAL S.A.S',NULL),(2455,'1','VNAC21A','001207','2017-07-12',19,2,'DIGITEX INTERNACIONAL S.A.S',NULL),(2456,'1','MJPWA77','011232','2017-07-12',6,1,'DIGITEX INTERNACIONAL S.A.S',NULL),(2457,'1','VNABZRM','001002','2017-07-12',19,2,'DIGITEX INTERNACIONAL S.A.S',NULL),(2458,'1','MJZKW50','024005','2017-08-28',6,1,'DIGITEX INTERNACIONAL S.A.S',NULL),(2459,'1','VNABZRF','000973','2017-07-12',19,2,'DIGITEX INTERNACIONAL S.A.S',NULL),(2460,'1','MJPVF08','014791','2017-08-28',6,1,'DIGITEX INTERNACIONAL S.A.S',NULL),(2461,'1','VNAC28K','000970','2017-07-12',19,2,'DIGITEX INTERNACIONAL S.A.S',NULL),(2462,'1','MJZKW36','020607','2017-07-12',6,1,'DIGITEX INTERNACIONAL S.A.S',NULL),(2463,'1','CNC038NR58','001995','2017-07-12',23,2,'DIGITEX INTERNACIONAL S.A.S',NULL),(2464,'1','MJPWG55','014780','2017-07-12',6,1,'DIGITEX INTERNACIONAL S.A.S',NULL),(2465,'1','VNABYM3','000964','2017-07-12',19,2,'DIGITEX INTERNACIONAL S.A.S',NULL),(2466,'1','MJPWE97','014792','2017-07-12',6,1,'DIGITEX INTERNACIONAL S.A.S',NULL),(2467,'1','V1PR735','010378','2017-07-12',16,2,'DIGITEX INTERNACIONAL S.A.S',NULL),(2468,'1','MJPWF14','001096','2017-07-12',6,1,'DIGITEX INTERNACIONAL S.A.S',NULL),(2469,'1','V1PR608','010682','2017-07-12',16,2,'DIGITEX INTERNACIONAL S.A.S',NULL),(2470,'1','MJZHK36','020686','2017-07-12',6,1,'DIGITEX INTERNACIONAL S.A.S',NULL),(2471,'1','V1BCP53','010267','2017-07-12',16,2,'DIGITEX INTERNACIONAL S.A.S',NULL),(2472,'1','MJPWK67','020670','2017-07-12',6,1,'DIGITEX INTERNACIONAL S.A.S',NULL),(2473,'1','V90070XT','015753','2017-07-12',20,2,'DIGITEX INTERNACIONAL S.A.S',NULL),(2474,'1','MJEDVEH','024169','2017-08-28',9,1,'DIGITEX INTERNACIONAL S.A.S',NULL),(2475,'1','VNABYM1','000967','2017-07-12',19,2,'DIGITEX INTERNACIONAL S.A.S',NULL),(2476,'1','MJEDVBK','011195','2017-09-04',9,1,'DIGITEX INTERNACIONAL S.A.S',NULL),(2477,'1','V1PR624','010240','2017-07-12',16,2,'DIGITEX INTERNACIONAL S.A.S',NULL),(2478,'1','MJPVF01','014796','2017-07-12',6,1,'DIGITEX INTERNACIONAL S.A.S',NULL),(2479,'1','VNALYYD','001145','2017-07-12',19,2,'DIGITEX INTERNACIONAL S.A.S',NULL),(2480,'1','MJPWH18','024261','2017-07-12',6,1,'DIGITEX INTERNACIONAL S.A.S',NULL),(2481,'1','VNABZWM','000874','2017-07-12',19,2,'DIGITEX INTERNACIONAL S.A.S',NULL),(2482,'1','MJPVE13','029898','2017-08-14',6,1,'DIGITEX INTERNACIONAL S.A.S',NULL),(2483,'1','V1BMG27','010269','2017-07-12',16,2,'DIGITEX INTERNACIONAL S.A.S',NULL),(2484,'1','MJPWF39','020666','2017-07-12',6,1,'DIGITEX INTERNACIONAL S.A.S',NULL),(2485,'1','V1BFM80','010287','2017-07-12',16,2,'DIGITEX INTERNACIONAL S.A.S',NULL),(2486,'1','MJPWH33','000918','2017-07-12',6,1,'DIGITEX INTERNACIONAL S.A.S',NULL),(2487,'1','V1PR661','010491','2017-07-12',16,2,'DIGITEX INTERNACIONAL S.A.S',NULL),(2488,'1','MJPWA04','024855','2017-07-12',6,1,'DIGITEX INTERNACIONAL S.A.S',NULL),(2489,'1','V1PR702','010263','2017-07-12',16,2,'DIGITEX INTERNACIONAL S.A.S',NULL),(2490,'1','MJPWH79','014793','2017-07-12',6,1,'DIGITEX INTERNACIONAL S.A.S',NULL),(2491,'1','V1PR717','010262','2017-07-12',16,2,'DIGITEX INTERNACIONAL S.A.S',NULL),(2492,'1','MJPVZ61','024032','2017-07-12',6,1,'DIGITEX INTERNACIONAL S.A.S',NULL),(2493,'1','V1HKD90','014799','2017-07-12',16,2,'DIGITEX INTERNACIONAL S.A.S',NULL),(2494,'1','MJPWA90','014721','2017-07-12',6,1,'DIGITEX INTERNACIONAL S.A.S',NULL),(2495,'1','V1BMG22','010264','2017-07-12',16,2,'DIGITEX INTERNACIONAL S.A.S',NULL),(2496,'1','MJZKE97','020647','2017-07-12',6,1,'DIGITEX INTERNACIONAL S.A.S',NULL),(2497,'1','V1PR670','010288','2017-07-12',16,2,'DIGITEX INTERNACIONAL S.A.S',NULL),(2498,'1','MJPWE98','020617','2017-07-12',6,1,'DIGITEX INTERNACIONAL S.A.S',NULL),(2499,'1','VNABZT5','001279','2017-07-12',19,2,'DIGITEX INTERNACIONAL S.A.S',NULL),(2500,'1','MJPWG58','024003','2017-08-28',6,1,'DIGITEX INTERNACIONAL S.A.S',NULL),(2501,'1','V1ZT597','010266','2017-07-12',16,2,'DIGITEX INTERNACIONAL S.A.S',NULL),(2502,'1','MJPWF41','020673','2017-07-12',6,1,'DIGITEX INTERNACIONAL S.A.S',NULL),(2503,'1','V1ZT617','010265','2017-07-12',16,2,'DIGITEX INTERNACIONAL S.A.S',NULL),(2504,'1','MJEDTXN','032678','2017-08-28',9,1,'DIGITEX INTERNACIONAL S.A.S',NULL),(2505,'1','V1ZT590','010248','2017-07-12',16,2,'DIGITEX INTERNACIONAL S.A.S',NULL),(2506,'1','MJPVZ02','018400','2017-07-12',6,1,'DIGITEX INTERNACIONAL S.A.S',NULL),(2507,'1','V1PR683','010247','2017-07-12',16,2,'DIGITEX INTERNACIONAL S.A.S',NULL),(2508,'1','MJPWH28','024033','2017-07-12',6,1,'DIGITEX INTERNACIONAL S.A.S',NULL),(2509,'1','VNA4D87','002136','2017-08-28',16,2,'DIGITEX INTERNACIONAL S.A.S',NULL),(2510,'1','MJPZC23','014778','2017-07-12',6,1,'DIGITEX INTERNACIONAL S.A.S',NULL),(2511,'1','VNALZR0','001193','2017-07-12',19,2,'DIGITEX INTERNACIONAL S.A.S',NULL),(2512,'1','MJPVZ86','001477','2017-09-04',6,1,'DIGITEX INTERNACIONAL S.A.S',NULL),(2513,'1','V1BMF97','010720','2017-07-12',19,2,'DIGITEX INTERNACIONAL S.A.S',NULL),(2514,'1','MJZKW71','024110','2017-07-12',6,1,'DIGITEX INTERNACIONAL S.A.S',NULL),(2515,'1','VNABZR9','000850','2017-09-08',19,2,'DIGITEX INTERNACIONAL S.A.S',NULL),(2516,'1','MJPWF37','001236','2017-08-28',6,1,'DIGITEX INTERNACIONAL S.A.S',NULL),(2517,'1','V1BMG01','010018','2017-07-12',16,2,'DIGITEX INTERNACIONAL S.A.S',NULL),(2518,'1','MJPWF10','029884','2017-08-14',6,1,'DIGITEX INTERNACIONAL S.A.S',NULL),(2519,'1','V1PR710','010006','2017-07-12',16,2,'DIGITEX INTERNACIONAL S.A.S',NULL),(2520,'1','MJEDVMY','010274','2017-09-05',9,1,'DIGITEX INTERNACIONAL S.A.S',NULL),(2521,'1','V1PR681','010220','2017-07-12',16,2,'DIGITEX INTERNACIONAL S.A.S',NULL),(2522,'1','MJZHK19','014602','2017-07-12',6,1,'DIGITEX INTERNACIONAL S.A.S',NULL),(2523,'1','V1ALK55','010497','2017-07-12',16,2,'DIGITEX INTERNACIONAL S.A.S',NULL),(2524,'1','MJPWH53','014797','2017-09-05',6,1,'DIGITEX INTERNACIONAL S.A.S',NULL),(2525,'1','V9-006YFA','024017','2017-07-12',20,2,'DIGITEX INTERNACIONAL S.A.S',NULL),(2526,'1','MJPVZ76','019845','2017-07-12',6,1,'DIGITEX INTERNACIONAL S.A.S',NULL),(2527,'1','VNABY7Y','000841','2017-07-12',19,2,'DIGITEX INTERNACIONAL S.A.S',NULL),(2528,'1','MJEDTWG','010733','2017-09-04',9,1,'DIGITEX INTERNACIONAL S.A.S',NULL),(2529,'1','V9-006YFK','024019','2017-08-28',20,2,'DIGITEX INTERNACIONAL S.A.S',NULL),(2530,'1','MJZHK20','017503','2017-07-12',6,1,'DIGITEX INTERNACIONAL S.A.S',NULL),(2531,'1','V256597','000088','2017-07-12',16,2,'DIGITEX INTERNACIONAL S.A.S',NULL),(2532,'1','MJEDTZY','024158','2017-07-12',9,1,'DIGITEX INTERNACIONAL S.A.S',NULL),(2533,'1','VNABZTN','000862','2017-07-12',19,2,'DIGITEX INTERNACIONAL S.A.S',NULL),(2534,'1','MJZKG40','000849','2017-07-12',6,1,'DIGITEX INTERNACIONAL S.A.S',NULL),(2535,'1','V256024','008691','2017-07-12',16,2,'DIGITEX INTERNACIONAL S.A.S',NULL),(2536,'1','MJPWK12','029892','2017-09-06',6,1,'DIGITEX INTERNACIONAL S.A.S',NULL),(2537,'1','VNABZM9','000946','2017-07-12',19,2,'DIGITEX INTERNACIONAL S.A.S',NULL),(2538,'1','MJYE074','014703','2017-09-04',4,1,'DIGITEX INTERNACIONAL S.A.S',NULL),(2539,'1','VNAC26D','000940','2017-07-12',19,2,'DIGITEX INTERNACIONAL S.A.S',NULL),(2540,'1','MJPVY94','029891','2017-09-05',6,1,'DIGITEX INTERNACIONAL S.A.S',NULL),(2541,'1','VNBK7X1','011688','2017-07-12',19,2,'DIGITEX INTERNACIONAL S.A.S',NULL),(2542,'1','MJYE661','019887','2017-09-04',4,1,'DIGITEX INTERNACIONAL S.A.S',NULL),(2543,'1','VNAC1VH','002353','2017-08-28',19,2,'DIGITEX INTERNACIONAL S.A.S',NULL),(2544,'1','MJPWH95','018485','2017-09-04',6,1,'DIGITEX INTERNACIONAL S.A.S',NULL),(2545,'1','VNALZTC','001142','2017-07-12',19,2,'DIGITEX INTERNACIONAL S.A.S',NULL),(2546,'1','MJPWF99','024553','2017-09-04',6,1,'DIGITEX INTERNACIONAL S.A.S',NULL),(2547,'1','V1BCP71','010013','2017-07-12',16,2,'DIGITEX INTERNACIONAL S.A.S',NULL),(2548,'1','MJPWA85','018420','2017-08-28',6,1,'DIGITEX INTERNACIONAL S.A.S',NULL),(2549,'1','VNAL1VT','004613','2017-08-28',19,2,'DIGITEX INTERNACIONAL S.A.S',NULL),(2550,'1','MJZKX65','024759','2017-09-04',6,1,'DIGITEX INTERNACIONAL S.A.S',NULL),(2551,'1','MJPWF51','001296','2017-08-28',6,1,'DIGITEX INTERNACIONAL S.A.S',NULL),(2552,'1','VNALZTG','001020','2017-07-12',19,2,'DIGITEX INTERNACIONAL S.A.S',NULL),(2553,'1','VNALZVD','001118','2017-07-12',19,2,'DIGITEX INTERNACIONAL S.A.S',NULL),(2554,'1','MJPWF83','029859','2017-09-08',6,1,'DIGITEX INTERNACIONAL S.A.S',NULL),(2555,'1','VNAC00Z','000976','2017-07-12',19,2,'DIGITEX INTERNACIONAL S.A.S',NULL),(2556,'1','MJ018XU3','029883','2017-08-14',12,1,'DIGITEX INTERNACIONAL S.A.S',NULL),(2557,'1','VNABWR0','001852','2017-07-12',19,2,'DIGITEX INTERNACIONAL S.A.S',NULL),(2558,'1','MJEDVNF','014734','2017-07-12',9,1,'DIGITEX INTERNACIONAL S.A.S',NULL),(2559,'1','VNAC260','000883','2017-07-12',19,2,'DIGITEX INTERNACIONAL S.A.S',NULL),(2560,'1','MJEDVMP','018419','2017-08-16',9,1,'DIGITEX INTERNACIONAL S.A.S',NULL),(2561,'1','VNABN1V','029893','2017-08-14',19,2,'DIGITEX INTERNACIONAL S.A.S',NULL),(2562,'1','MJPVF06','024040','2017-07-12',6,1,'DIGITEX INTERNACIONAL S.A.S',NULL),(2563,'1','VNABZT4','000835','2017-07-12',19,2,'DIGITEX INTERNACIONAL S.A.S',NULL),(2564,'1','MJEDRAC','014735','2017-07-12',9,1,'DIGITEX INTERNACIONAL S.A.S',NULL),(2565,'1','CN-OKW14V-74261-45E-1L5B','015762','2017-08-16',30,2,'DIGITEX INTERNACIONAL S.A.S',NULL),(2566,'1','5D71Y12','015760','2017-08-16',29,1,'DIGITEX INTERNACIONAL S.A.S',NULL),(2567,'1','CN-OKW14V-74261-45E-1KYB','024002','2017-08-16',30,2,'DIGITEX INTERNACIONAL S.A.S',NULL),(2568,'1','5D70Y12','024001','2017-08-16',29,1,'DIGITEX INTERNACIONAL S.A.S',NULL),(2569,'1','CN-OKW14V-74261-45E-1LEB','015763','2017-08-16',30,2,'DIGITEX INTERNACIONAL S.A.S',NULL),(2570,'1','5D72Y12','024035','2017-08-16',29,1,'DIGITEX INTERNACIONAL S.A.S',NULL),(2571,'1','CN-OKW14V-74261-45E-1KWB','015765','2017-08-16',30,2,'DIGITEX INTERNACIONAL S.A.S',NULL),(2572,'1','5D6ZX12','015759','2017-08-28',29,1,'DIGITEX INTERNACIONAL S.A.S',NULL),(2573,'1','CN-OKW14V-74261-45E-1MHB','015766','2017-08-16',30,2,'DIGITEX INTERNACIONAL S.A.S',NULL),(2574,'1','5D73Y12','014998','2017-08-16',29,1,'DIGITEX INTERNACIONAL S.A.S',NULL),(2575,'1','VNBMF90','010355','2017-08-15',16,2,'DIGITEX INTERNACIONAL S.A.S',NULL),(2576,'1','MJGMCMN','024193','2017-08-15',9,1,'DIGITEX INTERNACIONAL S.A.S',NULL),(2577,'1','V1ALK36','014747','2017-07-12',16,2,'DIGITEX INTERNACIONAL S.A.S',NULL),(2578,'1','MJPVE96','020682','2017-07-12',6,1,'DIGITEX INTERNACIONAL S.A.S',NULL),(2579,'1','CNC038NQ6V','001997','2017-07-12',23,2,'DIGITEX INTERNACIONAL S.A.S',NULL),(2580,'1','MJPWF91','011334','2017-08-16',6,1,'DIGITEX INTERNACIONAL S.A.S',NULL),(2581,'1','CNC038NNY9','002001','2017-07-12',23,2,'DIGITEX INTERNACIONAL S.A.S',NULL),(2582,'1','MJEDZBG','019718','2017-08-15',9,1,'DIGITEX INTERNACIONAL S.A.S',NULL),(2583,'1','V1BCP99','010348','2017-09-01',16,2,'DIGITEX INTERNACIONAL S.A.S',NULL),(2584,'1','MJEDVCR','024504','2017-07-12',9,1,'DIGITEX INTERNACIONAL S.A.S',NULL),(2585,'1','V1BCP57','010367','2017-09-18',16,2,'DIGITEX INTERNACIONAL S.A.S',NULL),(2586,'1','MJPVE17','020668','2017-07-12',6,1,'DIGITEX INTERNACIONAL S.A.S',NULL),(2587,'1','V1BCP58','010285','2017-08-19',16,2,'DIGITEX INTERNACIONAL S.A.S',NULL),(2588,'1','MJPVEJ0','020634','2017-07-12',6,1,'DIGITEX INTERNACIONAL S.A.S',NULL),(2589,'1','V1ALH99','010485','2017-08-04',16,2,'DIGITEX INTERNACIONAL S.A.S',NULL),(2590,'1','MJEDVFT','014567','2017-07-12',9,1,'DIGITEX INTERNACIONAL S.A.S',NULL),(2591,'1','VNALZVA','001032','2017-07-12',19,2,'DIGITEX INTERNACIONAL S.A.S',NULL),(2592,'1','MJERDPG','008892','2017-07-12',9,1,'DIGITEX INTERNACIONAL S.A.S',NULL),(2593,'1','V1ALK10','010428','2017-09-05',16,2,'DIGITEX INTERNACIONAL S.A.S',NULL),(2594,'1','MJEDPZK','010251','2017-07-12',9,1,'DIGITEX INTERNACIONAL S.A.S',NULL),(2595,'1','V255754','024757','2017-09-06',16,2,'DIGITEX INTERNACIONAL S.A.S',NULL),(2596,'1','MJVDCV4','016452','2017-08-21',7,1,'DIGITEX INTERNACIONAL S.A.S',NULL),(2597,'1','99-V1PR729','9010268','2017-08-15',16,2,'DIGITEX INTERNACIONAL S.A.S',NULL),(2598,'1','MJWEFW4','018417','2017-08-21',5,1,'DIGITEX INTERNACIONAL S.A.S',NULL),(2599,'1','V1PR729','010268','2017-08-14',16,2,'DIGITEX INTERNACIONAL S.A.S',NULL),(2600,'1','MJYE065','017517','2017-08-28',4,1,'DIGITEX INTERNACIONAL S.A.S',NULL),(2601,'1','V1ALK49','012753','2017-08-19',16,2,'DIGITEX INTERNACIONAL S.A.S',NULL),(2602,'1','MJGMCNW','024162','2017-08-28',9,1,'DIGITEX INTERNACIONAL S.A.S',NULL),(2603,'1','V9-006ZYP','024921','2017-08-19',20,2,'DIGITEX INTERNACIONAL S.A.S',NULL),(2604,'1','MJ018Y28','017205','2017-08-26',12,1,'DIGITEX INTERNACIONAL S.A.S',NULL),(2605,'1','VNABZT9','001300','2017-07-12',19,2,'DIGITEX INTERNACIONAL S.A.S',NULL),(2606,'1','MJ018XT2','024042','2017-07-12',12,1,'DIGITEX INTERNACIONAL S.A.S',NULL),(2607,'1','V1ALK72','018484','2017-08-17',16,2,'DIGITEX INTERNACIONAL S.A.S',NULL),(2608,'1','MXL04001C5','999908','2017-08-16',10,1,'DIGITEX INTERNACIONAL S.A.S',NULL),(2609,'1','V1ZT582','010308','2017-08-26',16,2,'DIGITEX INTERNACIONAL S.A.S',NULL),(2610,'1','MXL04001BD','999909','2017-08-16',10,1,'DIGITEX INTERNACIONAL S.A.S',NULL),(2611,'1','V1PR680','010073','2017-08-15',16,2,'DIGITEX INTERNACIONAL S.A.S',NULL),(2612,'1','MJVDDF1','024758','2017-08-19',7,1,'DIGITEX INTERNACIONAL S.A.S',NULL),(2613,'1','V1ZT629','018413','2017-08-19',16,2,'DIGITEX INTERNACIONAL S.A.S',NULL),(2614,'1','MJPWK13','011230','2017-08-19',6,1,'DIGITEX INTERNACIONAL S.A.S',NULL),(2615,'1','V1PR690','010292','2017-08-26',16,2,'DIGITEX INTERNACIONAL S.A.S',NULL),(2616,'1','MJPWH42','020691','2017-08-19',6,1,'DIGITEX INTERNACIONAL S.A.S',NULL),(2617,'1','V1PR656','018488','2017-08-25',16,2,'DIGITEX INTERNACIONAL S.A.S',NULL),(2618,'1','MJYE982','011311','2017-07-12',4,1,'DIGITEX INTERNACIONAL S.A.S',NULL),(2619,'1','V1BCM51','010368','2017-08-18',16,2,'DIGITEX INTERNACIONAL S.A.S',NULL),(2620,'1','MJPWH49','020601','2017-07-12',6,1,'DIGITEX INTERNACIONAL S.A.S',NULL),(2621,'1','V9-006YFR','020635','2017-07-12',20,2,'DIGITEX INTERNACIONAL S.A.S',NULL),(2622,'1','MJPVE99','024542','2017-07-12',6,1,'DIGITEX INTERNACIONAL S.A.S',NULL),(2623,'1','V1PW266','010349','2017-07-12',16,2,'DIGITEX INTERNACIONAL S.A.S',NULL),(2624,'1','MJEDVAE','014762','2017-08-15',9,1,'DIGITEX INTERNACIONAL S.A.S',NULL),(2625,'1','VNABZRN','000853','2017-07-12',19,2,'DIGITEX INTERNACIONAL S.A.S',NULL),(2626,'1','MJZHH57','024014','2017-08-15',6,1,'DIGITEX INTERNACIONAL S.A.S',NULL),(2627,'1','V1PW213','017577','2017-09-05',16,2,'DIGITEX INTERNACIONAL S.A.S',NULL),(2628,'1','MJPVF03','024555','2017-09-05',6,1,'DIGITEX INTERNACIONAL S.A.S',NULL),(2629,'1','CNC038NR41','002006','2017-07-12',23,2,'DIGITEX INTERNACIONAL S.A.S',NULL),(2630,'1','MJEDTWV','024187','2017-08-15',9,1,'DIGITEX INTERNACIONAL S.A.S',NULL),(2631,'1','V1ALK39','024062','2017-07-12',16,2,'DIGITEX INTERNACIONAL S.A.S',NULL),(2632,'1','MJGMCNP','024099','2017-07-12',9,1,'DIGITEX INTERNACIONAL S.A.S',NULL),(2633,'1','VNALZTT','001115','2017-08-17',19,2,'DIGITEX INTERNACIONAL S.A.S',NULL),(2634,'1','MJEDVNM','017491','2017-08-15',9,1,'DIGITEX INTERNACIONAL S.A.S',NULL),(2635,'1','VNAB2TV','024075','2017-08-17',19,2,'DIGITEX INTERNACIONAL S.A.S',NULL),(2636,'1','MJEDTZZ','017458','2017-08-17',9,1,'DIGITEX INTERNACIONAL S.A.S',NULL),(2637,'1','V1ZT594','010050','2017-08-19',16,2,'DIGITEX INTERNACIONAL S.A.S',NULL),(2638,'1','MJEDZBH','012790','2017-08-19',9,1,'DIGITEX INTERNACIONAL S.A.S',NULL),(2639,'1','V1PC545','008731','2017-08-19',19,2,'DIGITEX INTERNACIONAL S.A.S',NULL),(2640,'1','MJ018XS8','024551','2017-09-05',12,1,'DIGITEX INTERNACIONAL S.A.S',NULL),(2641,'1','MJEDTYM','024188','2017-08-19',9,1,'DIGITEX INTERNACIONAL S.A.S',NULL),(2642,'1','V257191','008688','2017-09-05',16,2,'DIGITEX INTERNACIONAL S.A.S',NULL),(2643,'1','VNALZR6','001222','2017-08-17',19,2,'DIGITEX INTERNACIONAL S.A.S',NULL),(2644,'1','MJGMCNY','012724','2017-09-05',9,1,'DIGITEX INTERNACIONAL S.A.S',NULL),(2645,'1','VNABY6T','000802','2017-08-17',19,2,'DIGITEX INTERNACIONAL S.A.S',NULL),(2646,'1','MJEDTRK','024797','2017-09-05',9,1,'DIGITEX INTERNACIONAL S.A.S',NULL),(2647,'1','VNABY66','001891','2017-08-17',19,2,'DIGITEX INTERNACIONAL S.A.S',NULL),(2648,'1','MJEDRDR','024186','2017-08-26',9,1,'DIGITEX INTERNACIONAL S.A.S',NULL),(2649,'1','VNAC1V5','001789','2017-08-19',19,2,'DIGITEX INTERNACIONAL S.A.S',NULL),(2650,'1','MJEDPYF','014736','2017-08-26',9,1,'DIGITEX INTERNACIONAL S.A.S',NULL),(2651,'1','VNABZTD','001243','2017-08-19',19,2,'DIGITEX INTERNACIONAL S.A.S',NULL),(2652,'1','MJEDTZT','018422','2017-08-26',9,1,'DIGITEX INTERNACIONAL S.A.S',NULL),(2653,'1','VNABYGZ','000913','2017-07-12',19,2,'DIGITEX INTERNACIONAL S.A.S',NULL),(2654,'1','MJEDYYX','018495','2017-08-19',9,1,'DIGITEX INTERNACIONAL S.A.S',NULL),(2655,'1','VNABZRL','000907','2017-07-12',19,2,'DIGITEX INTERNACIONAL S.A.S',NULL),(2656,'1','MJBFXBT','024180','2017-08-21',2,1,'DIGITEX INTERNACIONAL S.A.S',NULL),(2657,'1','VNABY73','001610','2017-07-12',16,2,'DIGITEX INTERNACIONAL S.A.S',NULL),(2658,'1','MJEDTVT','024185','2017-08-19',9,1,'DIGITEX INTERNACIONAL S.A.S',NULL),(2659,'1','VNALZTF','001430','2017-09-05',19,2,'DIGITEX INTERNACIONAL S.A.S',NULL),(2660,'1','MJEDVAL','024786','2017-08-26',9,1,'DIGITEX INTERNACIONAL S.A.S',NULL),(2661,'1','V1ZT639','024803','2017-09-06',16,2,'DIGITEX INTERNACIONAL S.A.S',NULL),(2662,'1','MJEDYZD','014562','2017-09-02',9,1,'DIGITEX INTERNACIONAL S.A.S',NULL),(2663,'1','VNAC1R7','001773','2017-08-19',19,2,'DIGITEX INTERNACIONAL S.A.S',NULL),(2664,'1','MJGMCRL','024195','2017-09-02',9,1,'DIGITEX INTERNACIONAL S.A.S',NULL),(2665,'1','MJPWF21','024839','2017-09-05',6,2,'DIGITEX INTERNACIONAL S.A.S',NULL),(2666,'1','MJ018Y0P','024756','2017-08-26',12,1,'DIGITEX INTERNACIONAL S.A.S',NULL),(2667,'1','V1BMF72','010098','2017-09-02',16,2,'DIGITEX INTERNACIONAL S.A.S',NULL),(2668,'1','MJEDVAM','012797','2017-09-02',9,1,'DIGITEX INTERNACIONAL S.A.S',NULL),(2669,'1','CNT933629L','014974','2017-09-02',24,2,'DIGITEX INTERNACIONAL S.A.S',NULL),(2670,'1','MJGMCPE','024962','2017-09-06',9,1,'DIGITEX INTERNACIONAL S.A.S',NULL),(2671,'1','V1BCR04','010133','2017-08-25',16,2,'DIGITEX INTERNACIONAL S.A.S',NULL),(2672,'1','MJEDVGT','014566','2017-09-01',9,1,'DIGITEX INTERNACIONAL S.A.S',NULL),(2673,'1','V1PC445','008713','2017-07-12',16,2,'DIGITEX INTERNACIONAL S.A.S',NULL),(2674,'1','MJGMCMY','014746','2017-09-06',9,1,'DIGITEX INTERNACIONAL S.A.S',NULL),(2675,'1','MJGMCPL','024773','2017-08-26',9,1,'DIGITEX INTERNACIONAL S.A.S',NULL),(2676,'1','CNC038NR12','002014','2017-07-12',23,2,'DIGITEX INTERNACIONAL S.A.S',NULL),(2677,'1','MJEDZCN','024184','2017-08-26',9,1,'DIGITEX INTERNACIONAL S.A.S',NULL),(2678,'1','V1PR701','010237','2017-08-25',19,2,'DIGITEX INTERNACIONAL S.A.S',NULL),(2679,'1','MJEDVEK','011190','2017-08-22',9,1,'DIGITEX INTERNACIONAL S.A.S',NULL),(2680,'1','V1ALH97','024866','2017-08-14',16,2,'DIGITEX INTERNACIONAL S.A.S',NULL),(2681,'1','MJGMCML','024183','2017-07-12',9,1,'DIGITEX INTERNACIONAL S.A.S',NULL),(2682,'1','V1PR553','010313','2017-07-12',16,2,'DIGITEX INTERNACIONAL S.A.S',NULL),(2683,'1','V1PR714','010123','2017-09-02',16,2,'DIGITEX INTERNACIONAL S.A.S',NULL),(2684,'1','MJGCNH','024189','2017-09-05',9,1,'DIGITEX INTERNACIONAL S.A.S',NULL),(2685,'1','V1PR655','019740','2017-09-05',16,2,'DIGITEX INTERNACIONAL S.A.S',NULL),(2686,'1','MJEDVER','012788','2017-09-05',9,1,'DIGITEX INTERNACIONAL S.A.S',NULL),(2687,'1','VNABWPV','001775','2017-08-15',19,2,'DIGITEX INTERNACIONAL S.A.S',NULL),(2688,'1','MJEDTWK','024932','2017-08-19',9,1,'DIGITEX INTERNACIONAL S.A.S',NULL),(2689,'1','VNALZRW','000785','2017-08-15',19,2,'DIGITEX INTERNACIONAL S.A.S',NULL),(2690,'1','MJEDVFK','024163','2017-07-12',9,1,'DIGITEX INTERNACIONAL S.A.S',NULL),(2691,'1','V255739','000126','2017-07-12',16,2,'DIGITEX INTERNACIONAL S.A.S',NULL),(2692,'1','MJEDTRT','024339','2017-07-12',9,1,'DIGITEX INTERNACIONAL S.A.S',NULL),(2693,'1','V12T574','010705','2017-07-12',16,2,'DIGITEX INTERNACIONAL S.A.S',NULL),(2694,'1','MJEDVFM','024342','2017-08-04',9,1,'DIGITEX INTERNACIONAL S.A.S',NULL),(2695,'1','V1PR700','010048','2017-07-12',16,2,'DIGITEX INTERNACIONAL S.A.S',NULL),(2696,'1','MJBFWZP','017432','2017-07-12',2,1,'DIGITEX INTERNACIONAL S.A.S',NULL),(2697,'1','VNABZRC','000898','2017-09-08',19,2,'DIGITEX INTERNACIONAL S.A.S',NULL),(2698,'1','MJEDRDZ','024774','2017-09-18',9,1,'DIGITEX INTERNACIONAL S.A.S',NULL),(2699,'1','V1BMG36','024076','2017-09-18',16,2,'DIGITEX INTERNACIONAL S.A.S',NULL),(2700,'1','MJEDTXD','024172','2017-09-18',9,1,'DIGITEX INTERNACIONAL S.A.S',NULL),(2701,'1','V1BMF64','010092','2017-08-19',16,2,'DIGITEX INTERNACIONAL S.A.S',NULL),(2702,'1','MJEDTZM','018436','2017-08-19',9,1,'DIGITEX INTERNACIONAL S.A.S',NULL),(2703,'1','CNC038NPBB','002016','2017-08-26',23,2,'DIGITEX INTERNACIONAL S.A.S',NULL),(2704,'1','MJGMCPG','024166','2017-08-19',9,1,'DIGITEX INTERNACIONAL S.A.S',NULL),(2705,'1','V255705','000010','2017-08-25',16,2,'DIGITEX INTERNACIONAL S.A.S',NULL),(2706,'1','MJEDPYH','014742','2017-08-19',9,1,'DIGITEX INTERNACIONAL S.A.S',NULL),(2707,'1','V1PR658','010109','2017-08-18',16,2,'DIGITEX INTERNACIONAL S.A.S',NULL),(2708,'1','MJGMCMZ','024168','2017-08-19',9,1,'DIGITEX INTERNACIONAL S.A.S',NULL),(2709,'1','V1ZT600','010114','2017-08-15',16,2,'DIGITEX INTERNACIONAL S.A.S',NULL),(2710,'1','MJGMCPV','014752','2017-09-05',9,1,'DIGITEX INTERNACIONAL S.A.S',NULL),(2711,'1','V1PR719','010085','2017-08-15',16,2,'DIGITEX INTERNACIONAL S.A.S',NULL),(2712,'1','MJGMCMT','024081','2017-09-01',9,1,'DIGITEX INTERNACIONAL S.A.S',NULL),(2713,'1','CNC038NP39','002010','2017-08-15',23,2,'DIGITEX INTERNACIONAL S.A.S',NULL),(2714,'1','MJEDVHC','024170','2017-08-15',9,1,'DIGITEX INTERNACIONAL S.A.S',NULL),(2715,'1','V1ALH93','024182','2017-09-05',16,2,'DIGITEX INTERNACIONAL S.A.S',NULL),(2716,'1','MJEDTZN','024190','2017-09-05',9,1,'DIGITEX INTERNACIONAL S.A.S',NULL),(2717,'1','V1PR572','011141','2017-09-18',16,2,'DIGITEX INTERNACIONAL S.A.S',NULL),(2718,'1','MJEDTPZ','024164','2017-09-18',9,1,'DIGITEX INTERNACIONAL S.A.S',NULL),(2719,'1','V1AWG54','024079','2017-08-26',16,2,'DIGITEX INTERNACIONAL S.A.S',NULL),(2720,'1','MJEDVED','024089','2017-07-12',9,1,'DIGITEX INTERNACIONAL S.A.S',NULL),(2721,'1','V255690','000124','2017-08-26',16,2,'DIGITEX INTERNACIONAL S.A.S',NULL),(2722,'1','MJEDVDE','024088','2017-09-06',9,1,'DIGITEX INTERNACIONAL S.A.S',NULL),(2723,'1','V256600','000146','2017-09-01',16,2,'DIGITEX INTERNACIONAL S.A.S',NULL),(2724,'1','MJO10XW7','015745','2017-07-12',9,1,'DIGITEX INTERNACIONAL S.A.S',NULL),(2725,'1','V1ZT599','010354','2017-08-19',16,2,'DIGITEX INTERNACIONAL S.A.S',NULL),(2726,'1','MJEDRCP','024085','2017-08-19',9,1,'DIGITEX INTERNACIONAL S.A.S',NULL),(2727,'1','V255693','000202','2017-08-26',16,2,'DIGITEX INTERNACIONAL S.A.S',NULL),(2728,'1','MJBFWZK','018487','2017-08-19',2,1,'DIGITEX INTERNACIONAL S.A.S',NULL),(2729,'1','V1PR725','010016','2017-08-19',16,2,'DIGITEX INTERNACIONAL S.A.S',NULL),(2730,'1','MJEDZBV','024882','2017-08-19',9,1,'DIGITEX INTERNACIONAL S.A.S',NULL),(2731,'1','V1PP826','010301','2017-08-31',16,2,'DIGITEX INTERNACIONAL S.A.S',NULL),(2732,'1','MJEDTPX','024083','2017-09-05',9,1,'DIGITEX INTERNACIONAL S.A.S',NULL),(2733,'1','V1PR620','010208','2017-09-18',16,2,'DIGITEX INTERNACIONAL S.A.S',NULL),(2734,'1','MJEDTZC','024171','2017-09-18',9,1,'DIGITEX INTERNACIONAL S.A.S',NULL),(2735,'1','V1BMG21','018407','2017-07-12',16,2,'DIGITEX INTERNACIONAL S.A.S',NULL),(2736,'1','MJEDVCT','024530','2017-07-12',9,1,'DIGITEX INTERNACIONAL S.A.S',NULL),(2737,'1','V1BMF81','010046','2017-07-12',16,2,'DIGITEX INTERNACIONAL S.A.S',NULL),(2738,'1','MJEDVEL','024780','2017-07-12',9,1,'DIGITEX INTERNACIONAL S.A.S',NULL),(2739,'1','V1PW215','010042','2017-07-12',16,2,'DIGITEX INTERNACIONAL S.A.S',NULL),(2740,'1','MJEDRBA','024302','2017-07-12',9,1,'DIGITEX INTERNACIONAL S.A.S',NULL),(2741,'1','V1ZT602','024059','2017-07-12',16,2,'DIGITEX INTERNACIONAL S.A.S',NULL),(2742,'1','MJEDTVA','012717','2017-07-12',9,1,'DIGITEX INTERNACIONAL S.A.S',NULL),(2743,'1','V1ZT422','008717','2017-07-12',16,2,'DIGITEX INTERNACIONAL S.A.S',NULL),(2744,'1','MJGMCRG','014757','2017-07-12',9,1,'DIGITEX INTERNACIONAL S.A.S',NULL),(2745,'1','V1ALK05','010668','2017-07-12',16,2,'DIGITEX INTERNACIONAL S.A.S',NULL),(2746,'1','MJGMCRF','024531','2017-07-12',9,1,'DIGITEX INTERNACIONAL S.A.S',NULL),(2747,'1','V1ZT611','011252','2017-09-05',16,2,'DIGITEX INTERNACIONAL S.A.S',NULL),(2748,'1','MJGMCNM','017430','2017-07-12',9,1,'DIGITEX INTERNACIONAL S.A.S',NULL),(2749,'1','V1ALF40','024072','2017-07-12',16,2,'DIGITEX INTERNACIONAL S.A.S',NULL),(2750,'1','MJEDPYZ','017499','2017-09-05',9,1,'DIGITEX INTERNACIONAL S.A.S',NULL),(2751,'1','V1BMF77','010012','2017-09-05',16,2,'DIGITEX INTERNACIONAL S.A.S',NULL),(2752,'1','MJEDVMF','024074','2017-09-06',9,1,'DIGITEX INTERNACIONAL S.A.S',NULL),(2753,'1','V1ALH92','010425','2017-07-12',16,2,'DIGITEX INTERNACIONAL S.A.S',NULL),(2754,'1','MJGMCRH','024599','2017-07-12',9,1,'DIGITEX INTERNACIONAL S.A.S',NULL),(2755,'1','V1BMG31','010079','2017-07-12',16,2,'DIGITEX INTERNACIONAL S.A.S',NULL),(2756,'1','MJGMCMW','014739','2017-07-12',9,1,'DIGITEX INTERNACIONAL S.A.S',NULL),(2757,'1','V1PP836','010060','2017-07-12',16,2,'DIGITEX INTERNACIONAL S.A.S',NULL),(2758,'1','MJ018XX6','019859','2017-07-12',12,1,'DIGITEX INTERNACIONAL S.A.S',NULL),(2759,'1','V335714','000331','2017-07-12',17,2,'DIGITEX INTERNACIONAL S.A.S',NULL),(2760,'1','MJPWH32','002337','2017-07-12',6,1,'DIGITEX INTERNACIONAL S.A.S',NULL),(2761,'1','V1BMF86','010078','2017-07-12',16,2,'DIGITEX INTERNACIONAL S.A.S',NULL),(2762,'1','MJEDTWT','024060','2017-07-12',9,1,'DIGITEX INTERNACIONAL S.A.S',NULL),(2763,'1','V335802','012635','2017-07-12',17,2,'DIGITEX INTERNACIONAL S.A.S',NULL),(2764,'1','MJPVF29','014720','2017-09-05',6,1,'DIGITEX INTERNACIONAL S.A.S',NULL),(2765,'1','V1ALK41','024067','2017-08-22',16,2,'DIGITEX INTERNACIONAL S.A.S',NULL),(2766,'1','MJEDVFD','024066','2017-09-05',9,1,'DIGITEX INTERNACIONAL S.A.S',NULL),(2767,'1','CNC038NNT8','000071','2017-07-12',23,2,'DIGITEX INTERNACIONAL S.A.S',NULL),(2768,'1','MJEDTZB','024307','2017-07-12',9,1,'DIGITEX INTERNACIONAL S.A.S',NULL),(2769,'1','VNALZTP','000782','2017-09-05',19,2,'DIGITEX INTERNACIONAL S.A.S',NULL),(2770,'1','MJGMCRN','024063','2017-07-12',9,1,'DIGITEX INTERNACIONAL S.A.S',NULL),(2771,'1','V1ALK69','012800','2017-07-12',16,2,'DIGITEX INTERNACIONAL S.A.S',NULL),(2772,'1','MJPWH83','017420','2017-07-12',6,1,'DIGITEX INTERNACIONAL S.A.S',NULL),(2773,'1','V1PR682','010333','2017-07-12',16,2,'DIGITEX INTERNACIONAL S.A.S',NULL),(2774,'1','MJYE064','024336','2017-07-12',4,1,'DIGITEX INTERNACIONAL S.A.S',NULL),(2775,'1','VNABYMD','000919','2017-07-12',19,2,'DIGITEX INTERNACIONAL S.A.S',NULL),(2776,'1','MJEDTRX','014763','2017-07-12',9,1,'DIGITEX INTERNACIONAL S.A.S',NULL),(2777,'1','V1ALK40','024309','2017-07-12',16,2,'DIGITEX INTERNACIONAL S.A.S',NULL),(2778,'1','MJPVE14','024308','2017-07-12',6,1,'DIGITEX INTERNACIONAL S.A.S',NULL),(2779,'1','V1BCP69','024068','2017-07-12',16,2,'DIGITEX INTERNACIONAL S.A.S',NULL),(2780,'1','MJEDTTP','017487','2017-09-05',9,1,'DIGITEX INTERNACIONAL S.A.S',NULL),(2781,'1','V1BMF82','024071','2017-07-12',16,2,'DIGITEX INTERNACIONAL S.A.S',NULL),(2782,'1','MJEDTWL','024073','2017-07-12',9,1,'DIGITEX INTERNACIONAL S.A.S',NULL),(2783,'1','V1ALK45','024069','2017-07-12',16,2,'DIGITEX INTERNACIONAL S.A.S',NULL),(2784,'1','MJVDDD2','024611','2017-07-12',7,1,'DIGITEX INTERNACIONAL S.A.S',NULL),(2785,'1','VNALZTY','001106','2017-07-12',16,2,'DIGITEX INTERNACIONAL S.A.S',NULL),(2786,'1','MJEDTWA','012770','2017-07-12',9,1,'DIGITEX INTERNACIONAL S.A.S',NULL),(2787,'1','V255720','017421','2017-09-11',16,2,'DIGITEX INTERNACIONAL S.A.S',NULL),(2788,'1','MJEDTTK','019909','2017-08-15',9,1,'DIGITEX INTERNACIONAL S.A.S',NULL),(2789,'1','V255749','000002','2017-07-12',16,2,'DIGITEX INTERNACIONAL S.A.S',NULL),(2790,'1','MJGMCRB','024064','2017-09-05',9,1,'DIGITEX INTERNACIONAL S.A.S',NULL),(2791,'1','V1PR753','010108','2017-07-12',16,2,'DIGITEX INTERNACIONAL S.A.S',NULL),(2792,'1','MJPWA76','024141','2017-07-12',6,1,'DIGITEX INTERNACIONAL S.A.S',NULL),(2793,'1','V9-006ZYT','017600','2017-08-08',20,2,'DIGITEX INTERNACIONAL S.A.S',NULL),(2794,'1','MJDTHYN','014628','2017-08-08',8,1,'DIGITEX INTERNACIONAL S.A.S',NULL),(2795,'1','V9-0070M9','014975','2017-07-12',20,2,'DIGITEX INTERNACIONAL S.A.S',NULL),(2796,'1','MJEDZAK','008938','2017-07-12',9,1,'DIGITEX INTERNACIONAL S.A.S',NULL),(2797,'1','10WZ35551872','004246','2017-08-26',13,3,'DIGITEX INTERNACIONAL S.A.S',NULL),(2798,'1','V9-0070XX','014977','2017-07-12',20,2,'DIGITEX INTERNACIONAL S.A.S',NULL),(2799,'1','MJ018XVE','015734','2017-07-12',12,1,'DIGITEX INTERNACIONAL S.A.S',NULL),(2800,'1','10W735532436','003975','2017-07-12',13,3,'DIGITEX INTERNACIONAL S.A.S',NULL),(2801,'1','V1ALK00','014629','2017-07-12',16,2,'DIGITEX INTERNACIONAL S.A.S',NULL),(2802,'1','MJEDRDT','008887','2017-07-12',9,1,'DIGITEX INTERNACIONAL S.A.S',NULL),(2803,'1','V255975','008715','2017-07-12',16,2,'DIGITEX INTERNACIONAL S.A.S',NULL),(2804,'1','MJYE076','002135','2017-07-12',4,1,'DIGITEX INTERNACIONAL S.A.S',NULL),(2805,'1','14W2443702RK','015658','2017-07-12',13,3,'DIGITEX INTERNACIONAL S.A.S',NULL),(2806,'1','V1ALH96','010648','2017-07-12',16,2,'DIGITEX INTERNACIONAL S.A.S',NULL),(2807,'1','MJ018XVM','014973','2017-07-12',12,1,'DIGITEX INTERNACIONAL S.A.S',NULL),(2808,'1','14WZ443702SV','015659','2017-07-12',13,3,'DIGITEX INTERNACIONAL S.A.S',NULL),(2809,'1','V255731','000128','2017-07-12',16,2,'DIGITEX INTERNACIONAL S.A.S',NULL),(2810,'1','MJERDRV','008913','2017-07-12',9,1,'DIGITEX INTERNACIONAL S.A.S',NULL),(2811,'1','10WZ35552407','006878','2017-07-12',13,3,'DIGITEX INTERNACIONAL S.A.S',NULL),(2812,'1','V1BMF68','010719','2017-07-12',16,2,'DIGITEX INTERNACIONAL S.A.S',NULL),(2813,'1','MJVDDE2','000131','2017-07-12',7,1,'DIGITEX INTERNACIONAL S.A.S',NULL),(2814,'1','15WZ522704UT','024316','2017-08-23',13,3,'DIGITEX INTERNACIONAL S.A.S',NULL),(2815,'1','PF0AYW8R','024703','2017-08-22',26,9,'DIGITEX INTERNACIONAL S.A.S',NULL),(2816,'1','MJEDVCP','010723','2017-07-12',9,1,'DIGITEX INTERNACIONAL S.A.S',NULL),(2817,'1','VNABWNM','001871','2017-07-12',19,2,'DIGITEX INTERNACIONAL S.A.S',NULL),(2818,'1','MJPWG07','001872','2017-07-12',6,1,'DIGITEX INTERNACIONAL S.A.S',NULL),(2819,'1','VNABWN9','001873','2017-07-12',19,2,'DIGITEX INTERNACIONAL S.A.S',NULL),(2820,'1','CNJ8F7Z234','014898','2017-09-01',122,2,'DIGITEX INTERNACIONAL S.A.S',NULL),(2821,'1','MJGMCP8','024303','2017-07-12',9,1,'DIGITEX INTERNACIONAL S.A.S',NULL),(2822,'1','VNABXCB','001875','2017-07-12',19,2,'DIGITEX INTERNACIONAL S.A.S',NULL),(2823,'1','MJPWH59','012612','2017-07-12',6,1,'DIGITEX INTERNACIONAL S.A.S',NULL),(2824,'1','VNABY6A','001877','2017-07-12',19,2,'DIGITEX INTERNACIONAL S.A.S',NULL),(2825,'1','0004F2F18ECF','011066','2017-08-15',27,3,'DIGITEX INTERNACIONAL S.A.S',NULL),(2826,'1','MJEDYYV','029808','2017-08-15',9,1,'DIGITEX INTERNACIONAL S.A.S',NULL),(2827,'1','VNALZTX','000779','2017-08-16',19,2,'DIGITEX INTERNACIONAL S.A.S',NULL),(2828,'1','MJYE892','011328','2017-08-16',4,1,'DIGITEX INTERNACIONAL S.A.S',NULL),(2829,'1','VNABZT6','000825','2017-07-12',19,2,'DIGITEX INTERNACIONAL S.A.S',NULL),(2830,'1','MJ018XSO','017553','2017-07-12',12,1,'DIGITEX INTERNACIONAL S.A.S',NULL),(2831,'1','081620301063','024668','2017-07-12',14,3,'DIGITEX INTERNACIONAL S.A.S',NULL),(2832,'1','VNAC00V','000828','2017-07-12',19,2,'DIGITEX INTERNACIONAL S.A.S',NULL),(2833,'1','MJ018Y19','017569','2017-07-12',12,1,'DIGITEX INTERNACIONAL S.A.S',NULL),(2834,'1','081620302575','014902','2017-07-12',14,3,'DIGITEX INTERNACIONAL S.A.S',NULL),(2835,'1','VNAC28T','000822','2017-07-12',19,2,'DIGITEX INTERNACIONAL S.A.S',NULL),(2836,'1','MJ018X56','017552','2017-07-12',12,1,'DIGITEX INTERNACIONAL S.A.S',NULL),(2837,'1','081620301035','014877','2017-07-12',14,3,'DIGITEX INTERNACIONAL S.A.S',NULL),(2838,'1','VNABYMC','000816','2017-07-12',19,2,'DIGITEX INTERNACIONAL S.A.S',NULL),(2839,'1','MJ018Y2E','015751','2017-07-12',12,1,'DIGITEX INTERNACIONAL S.A.S',NULL),(2840,'1','081621302999','014691','2017-07-12',14,3,'DIGITEX INTERNACIONAL S.A.S',NULL),(2841,'1','VNALZVK','000819','2017-07-12',19,2,'DIGITEX INTERNACIONAL S.A.S',NULL),(2842,'1','MJ018XVY','015741','2017-07-12',12,1,'DIGITEX INTERNACIONAL S.A.S',NULL),(2843,'1','081636604256','014910','2017-07-12',14,3,'DIGITEX INTERNACIONAL S.A.S',NULL),(2844,'1','VNABZRK','000813','2017-07-12',19,2,'DIGITEX INTERNACIONAL S.A.S',NULL),(2845,'1','MJ018XT9','015719','2017-07-12',12,1,'DIGITEX INTERNACIONAL S.A.S',NULL),(2846,'1','081621303005','024661','2017-07-12',14,3,'DIGITEX INTERNACIONAL S.A.S',NULL),(2847,'1','V9-0070WM','014976','2017-08-26',20,2,'DIGITEX INTERNACIONAL S.A.S',NULL),(2848,'1','VNB1N9P','024549','2017-07-12',19,2,'DIGITEX INTERNACIONAL S.A.S',NULL),(2849,'1','MJPWA26','017525','2017-08-26',6,1,'DIGITEX INTERNACIONAL S.A.S',NULL),(2850,'1','V9-006ZY6','018435','2017-08-26',20,2,'DIGITEX INTERNACIONAL S.A.S',NULL),(2851,'1','MJPVE15','020695','2017-08-26',6,1,'DIGITEX INTERNACIONAL S.A.S',NULL),(2852,'1','V9-0070XH','015754','2017-08-26',20,2,'DIGITEX INTERNACIONAL S.A.S',NULL),(2853,'1','MJPWH35','024783','2017-08-26',6,1,'DIGITEX INTERNACIONAL S.A.S',NULL),(2854,'1','V1BMG05','017519','2017-08-26',16,2,'DIGITEX INTERNACIONAL S.A.S',NULL),(2855,'1','MXJ9430277','018437','2017-08-26',10,1,'DIGITEX INTERNACIONAL S.A.S',NULL),(2856,'1','V9-0070X7','014993','2017-07-12',20,2,'DIGITEX INTERNACIONAL S.A.S',NULL),(2857,'1','MJYE071','024996','2017-07-12',4,1,'DIGITEX INTERNACIONAL S.A.S',NULL),(2858,'1','V9-006ZY1','017217','2017-07-12',20,2,'DIGITEX INTERNACIONAL S.A.S',NULL),(2859,'1','MJPVZ05','024540','2017-07-12',6,1,'DIGITEX INTERNACIONAL S.A.S',NULL),(2860,'1','VNALZTW','000788','2017-08-26',19,2,'DIGITEX INTERNACIONAL S.A.S',NULL),(2861,'1','MJEDVCN','024135','2017-08-26',9,1,'DIGITEX INTERNACIONAL S.A.S',NULL),(2862,'1','VNAC1VD','001606','2017-08-26',19,2,'DIGITEX INTERNACIONAL S.A.S',NULL),(2863,'1','MJEDTVH','011309','2017-08-26',9,1,'DIGITEX INTERNACIONAL S.A.S',NULL),(2864,'1','V335832','000319','2017-08-26',17,2,'DIGITEX INTERNACIONAL S.A.S',NULL),(2865,'1','MJPVF22','024785','2017-08-26',6,1,'DIGITEX INTERNACIONAL S.A.S',NULL),(2866,'1','V9-006Z7Y','015749','2017-08-26',20,2,'DIGITEX INTERNACIONAL S.A.S',NULL),(2867,'1','MJEDTVZ','024244','2017-08-26',9,1,'DIGITEX INTERNACIONAL S.A.S',NULL),(2868,'1','V1ZT587','008758','2017-07-12',16,2,'DIGITEX INTERNACIONAL S.A.S',NULL),(2869,'1','MJYE890','024143','2017-07-12',4,1,'DIGITEX INTERNACIONAL S.A.S',NULL),(2870,'1','V9-0070X6','015752','2017-08-26',20,2,'DIGITEX INTERNACIONAL S.A.S',NULL),(2871,'1','MJPZD14','012714','2017-08-26',6,1,'DIGITEX INTERNACIONAL S.A.S',NULL),(2872,'1','V9-0070XC','014984','2017-08-26',20,2,'DIGITEX INTERNACIONAL S.A.S',NULL),(2873,'1','VNB1N73','002050','2017-08-26',19,2,'DIGITEX INTERNACIONAL S.A.S',NULL),(2874,'1','MJPVZ53','000824','2017-08-16',6,1,'DIGITEX INTERNACIONAL S.A.S',NULL),(2875,'1','V9-006ZK3','015747','2017-08-26',20,2,'DIGITEX INTERNACIONAL S.A.S',NULL),(2876,'1','MJVDDG2','024148','2017-08-26',7,1,'DIGITEX INTERNACIONAL S.A.S',NULL),(2877,'1','V9-006ZXF','017567','2017-08-26',20,2,'DIGITEX INTERNACIONAL S.A.S',NULL),(2878,'1','MJVKTM7','014553','2017-08-26',5,1,'DIGITEX INTERNACIONAL S.A.S',NULL),(2879,'1','CNC038NNV3','002018','2017-08-26',23,2,'DIGITEX INTERNACIONAL S.A.S',NULL),(2880,'1','MJPWG00','011233','2017-08-26',6,1,'DIGITEX INTERNACIONAL S.A.S',NULL),(2881,'1','V335787','024537','2017-09-01',17,2,'DIGITEX INTERNACIONAL S.A.S',NULL),(2882,'1','MJZHK44','014607','2017-09-01',6,1,'DIGITEX INTERNACIONAL S.A.S',NULL),(2883,'1','V1BCP29','010072','2017-08-21',16,2,'DIGITEX INTERNACIONAL S.A.S',NULL),(2884,'1','MJVDDN7','024094','2017-08-21',7,1,'DIGITEX INTERNACIONAL S.A.S',NULL),(2885,'1','V1BMC70','010302','2017-09-01',16,2,'DIGITEX INTERNACIONAL S.A.S',NULL),(2886,'1','MJVDDP3','024095','2017-09-01',7,1,'DIGITEX INTERNACIONAL S.A.S',NULL),(2887,'1','V256709','000147','2017-09-01',16,2,'DIGITEX INTERNACIONAL S.A.S',NULL),(2888,'1','MJPWH94','019872','2017-09-01',6,1,'DIGITEX INTERNACIONAL S.A.S',NULL),(2889,'1','V1ZT559','010020','2017-09-01',16,2,'DIGITEX INTERNACIONAL S.A.S',NULL),(2890,'1','MXL04018TV','019850','2017-09-01',10,1,'DIGITEX INTERNACIONAL S.A.S',NULL),(2891,'1','V1BCP74','010067','2017-09-01',16,2,'DIGITEX INTERNACIONAL S.A.S',NULL),(2892,'1','MXL0390XMW','024036','2017-09-01',10,1,'DIGITEX INTERNACIONAL S.A.S',NULL),(2893,'1','V1ZT620','010029','2017-08-21',16,2,'DIGITEX INTERNACIONAL S.A.S',NULL),(2894,'1','MJFNPT3','017456','2017-08-21',3,1,'DIGITEX INTERNACIONAL S.A.S',NULL),(2895,'1','MJVDDF4','017204','2017-09-01',7,1,'DIGITEX INTERNACIONAL S.A.S',NULL),(2896,'1','V1BMG10','010309','2017-09-01',16,2,'DIGITEX INTERNACIONAL S.A.S',NULL),(2897,'1','V9-0070W3','024538','2017-09-01',20,2,'DIGITEX INTERNACIONAL S.A.S',NULL),(2899,'1','V1ALF30','024086','2017-09-01',16,2,'DIGITEX INTERNACIONAL S.A.S',NULL),(2900,'1','MXL04001CJ','029809','2017-09-01',10,1,'DIGITEX INTERNACIONAL S.A.S',NULL),(2901,'1','V1PP889','010066','2017-09-01',16,2,'DIGITEX INTERNACIONAL S.A.S',NULL),(2902,'1','MXL0400144','002019','2017-09-01',10,1,'DIGITEX INTERNACIONAL S.A.S',NULL),(2903,'1','V335856','000228','2017-09-01',17,2,'DIGITEX INTERNACIONAL S.A.S',NULL),(2904,'1','MJYE006','001876','2017-09-01',4,1,'DIGITEX INTERNACIONAL S.A.S',NULL),(2905,'1','V1ALH98','024642','2017-09-01',16,2,'DIGITEX INTERNACIONAL S.A.S',NULL),(2906,'1','MXL0400198','019901','2017-09-01',10,1,'DIGITEX INTERNACIONAL S.A.S',NULL),(2907,'1','V255723','000144','2017-09-01',16,2,'DIGITEX INTERNACIONAL S.A.S',NULL),(2908,'1','MJPVE20','016301','2017-09-01',6,1,'DIGITEX INTERNACIONAL S.A.S',NULL),(2909,'1','V1PR686','010245','2017-08-21',16,2,'DIGITEX INTERNACIONAL S.A.S',NULL),(2910,'1','MJPWG35','024534','2017-08-21',6,1,'DIGITEX INTERNACIONAL S.A.S',NULL),(2911,'1','VNABY67','024550','2017-09-01',19,2,'DIGITEX INTERNACIONAL S.A.S',NULL),(2912,'1','MJYE068','011552','2017-09-01',4,1,'DIGITEX INTERNACIONAL S.A.S',NULL),(2913,'1','V9-0070X4','014971','2017-09-01',20,2,'DIGITEX INTERNACIONAL S.A.S',NULL),(2914,'1','MXL0401911','019874','2017-09-01',10,1,'DIGITEX INTERNACIONAL S.A.S',NULL),(2915,'1','V90-070WW','015748','2017-09-01',20,2,'DIGITEX INTERNACIONAL S.A.S',NULL),(2916,'1','MJPVF04','024782','2017-09-01',6,1,'DIGITEX INTERNACIONAL S.A.S',NULL),(2917,'1','V255710','000155','2017-08-21',16,2,'DIGITEX INTERNACIONAL S.A.S',NULL),(2918,'1','MJPWK30','024791','2017-08-21',6,1,'DIGITEX INTERNACIONAL S.A.S',NULL),(2919,'1','V1BMG42','010001','2017-09-01',16,2,'DIGITEX INTERNACIONAL S.A.S',NULL),(2920,'1','MJVDDA0','024338','2017-08-19',7,1,'DIGITEX INTERNACIONAL S.A.S',NULL),(2921,'1','CNC038NNQH','001989','2017-08-26',23,2,'DIGITEX INTERNACIONAL S.A.S',NULL),(2922,'1','MJPWF90','017527','2017-08-26',6,1,'DIGITEX INTERNACIONAL S.A.S',NULL),(2923,'1','V1ALK73','029810','2017-08-26',16,2,'DIGITEX INTERNACIONAL S.A.S',NULL),(2924,'1','VNALZT5','018403','2017-07-12',19,2,'DIGITEX INTERNACIONAL S.A.S',NULL),(2925,'1','MXJ8390DJ6','017521','2017-08-26',39,1,'DIGITEX INTERNACIONAL S.A.S',NULL),(2926,'1','VNAC25L','000937','2017-07-12',19,2,'DIGITEX INTERNACIONAL S.A.S',NULL),(2927,'1','V256464','000172','2017-07-12',16,2,'DIGITEX INTERNACIONAL S.A.S',NULL),(2928,'1','MXL0390XNS','011116','2017-08-26',10,1,'DIGITEX INTERNACIONAL S.A.S',NULL),(2929,'1','V1PR694','017522','2017-08-26',16,2,'DIGITEX INTERNACIONAL S.A.S',NULL),(2930,'1','V1KTB41','012789','2017-08-26',16,2,'DIGITEX INTERNACIONAL S.A.S',NULL),(2931,'1','MJPVE09','018480','2017-08-26',6,1,'DIGITEX INTERNACIONAL S.A.S',NULL),(2932,'1','V1PP830','010127','2017-08-26',16,2,'DIGITEX INTERNACIONAL S.A.S',NULL),(2933,'1','V1BCP56','010126','2017-08-26',16,2,'DIGITEX INTERNACIONAL S.A.S',NULL),(2934,'1','VNAC25W','024197','2017-07-12',19,2,'DIGITEX INTERNACIONAL S.A.S',NULL),(2935,'1','HA17H9NP431329L','024196','2017-08-26',120,2,'DIGITEX INTERNACIONAL S.A.S',NULL),(2936,'1','MJVDDH7','029817','2017-08-26',7,1,'DIGITEX INTERNACIONAL S.A.S',NULL),(2937,'1','V9-0070XR','015746','2017-08-26',20,2,'DIGITEX INTERNACIONAL S.A.S',NULL),(2938,'1','V1ZT555','010102','2017-08-26',16,2,'DIGITEX INTERNACIONAL S.A.S',NULL),(2939,'1','VNALZTH','001122','2017-08-26',19,2,'DIGITEX INTERNACIONAL S.A.S',NULL),(2940,'1','99-VNABZRD','9001460','2017-08-28',19,2,'DIGITEX INTERNACIONAL S.A.S',NULL),(2941,'1','VNABYN9','018440','2017-08-26',19,2,'DIGITEX INTERNACIONAL S.A.S',NULL),(2942,'1','VNA4D7T','001688','2017-08-26',19,2,'DIGITEX INTERNACIONAL S.A.S',NULL),(2943,'1','VNABWMD','001783','2017-07-12',19,2,'DIGITEX INTERNACIONAL S.A.S',NULL),(2944,'1','VNAC1W3','001656','2017-07-12',19,2,'DIGITEX INTERNACIONAL S.A.S',NULL),(2945,'1','VNABWPA','001785','2017-07-12',19,2,'DIGITEX INTERNACIONAL S.A.S',NULL),(2946,'1','MJYE069','024127','2017-07-12',4,1,'DIGITEX INTERNACIONAL S.A.S',NULL),(2947,'1','VNAC13L','001779','2017-07-12',19,2,'DIGITEX INTERNACIONAL S.A.S',NULL),(2948,'1','MJVDCX4','018481','2017-07-12',7,1,'DIGITEX INTERNACIONAL S.A.S',NULL),(2949,'1','CNC038NQDW','001999','2017-07-12',23,2,'DIGITEX INTERNACIONAL S.A.S',NULL),(2950,'1','MJVDDE1','024506','2017-07-12',7,1,'DIGITEX INTERNACIONAL S.A.S',NULL),(2951,'1','V255552','000216','2017-07-12',16,2,'DIGITEX INTERNACIONAL S.A.S',NULL),(2952,'1','MJFNPA1','024911','2017-08-19',3,1,'DIGITEX INTERNACIONAL S.A.S',NULL),(2953,'1','V1ZT568','024546','2017-08-19',16,2,'DIGITEX INTERNACIONAL S.A.S',NULL),(2954,'1','MJ018Y2L','024278','2017-08-19',12,1,'DIGITEX INTERNACIONAL S.A.S',NULL),(2955,'1','V9-0032BX','017518','2017-08-19',20,2,'DIGITEX INTERNACIONAL S.A.S',NULL),(2956,'1','MJVDDK1','017560','2017-08-19',7,1,'DIGITEX INTERNACIONAL S.A.S',NULL),(2957,'1','V9-006ZXT','015714','2017-08-19',20,2,'DIGITEX INTERNACIONAL S.A.S',NULL),(2958,'1','MXL040015Q','012757','2017-08-19',10,1,'DIGITEX INTERNACIONAL S.A.S',NULL),(2959,'1','V9-006YFP','014957','2017-08-19',20,2,'DIGITEX INTERNACIONAL S.A.S',NULL),(2960,'1','MJVDDM0','029819','2017-08-19',7,1,'DIGITEX INTERNACIONAL S.A.S',NULL),(2961,'1','VNABZRT','029803','2017-09-01',19,2,'DIGITEX INTERNACIONAL S.A.S',NULL),(2962,'1','MJVDDN5','000143','2017-09-01',7,1,'DIGITEX INTERNACIONAL S.A.S',NULL),(2963,'1','VNALZT2','001112','2017-08-19',19,2,'DIGITEX INTERNACIONAL S.A.S',NULL),(2964,'1','MJVDDA4','024865','2017-09-01',7,1,'DIGITEX INTERNACIONAL S.A.S',NULL),(2965,'1','V9-006YF9','015716','2017-08-19',20,2,'DIGITEX INTERNACIONAL S.A.S',NULL),(2966,'1','V1PR619','011249','2017-09-01',16,2,'DIGITEX INTERNACIONAL S.A.S',NULL),(2967,'1','MXJ943026S','014951','2017-09-01',10,1,'DIGITEX INTERNACIONAL S.A.S',NULL),(2968,'1','V1BCR00','010063','2017-09-01',16,2,'DIGITEX INTERNACIONAL S.A.S',NULL),(2969,'1','VNABZT1','000955','2017-09-01',19,2,'DIGITEX INTERNACIONAL S.A.S',NULL),(2970,'1','MXL0390XM6','029820','2017-09-01',10,1,'DIGITEX INTERNACIONAL S.A.S',NULL),(2971,'1','VNA4D8H','001748','2017-09-05',19,2,'DIGITEX INTERNACIONAL S.A.S',NULL),(2972,'1','MXJ94302CF','024022','2017-09-01',10,1,'DIGITEX INTERNACIONAL S.A.S',NULL),(2973,'1','V1PR674','010096','2017-07-12',16,2,'DIGITEX INTERNACIONAL S.A.S',NULL),(2974,'1','V1PP891','010724','2017-07-12',16,2,'DIGITEX INTERNACIONAL S.A.S',NULL),(2975,'1','MJPWF29','024150','2017-08-21',6,1,'DIGITEX INTERNACIONAL S.A.S',NULL),(2976,'1','V1ALK07','010678','2017-08-21',16,2,'DIGITEX INTERNACIONAL S.A.S',NULL),(2977,'1','MJVDDK0','024535','2017-08-21',7,1,'DIGITEX INTERNACIONAL S.A.S',NULL),(2978,'1','V1PR667','010097','2017-08-19',16,2,'DIGITEX INTERNACIONAL S.A.S',NULL),(2979,'1','MJZKH64','024142','2017-08-19',4,1,'DIGITEX INTERNACIONAL S.A.S',NULL),(2980,'1','V1PR669','010359','2017-07-12',16,2,'DIGITEX INTERNACIONAL S.A.S',NULL),(2981,'1','MJ018XS2','029801','2017-08-19',12,1,'DIGITEX INTERNACIONAL S.A.S',NULL),(2982,'1','V1ZT569','010031','2017-07-12',16,2,'DIGITEX INTERNACIONAL S.A.S',NULL),(2983,'1','MJVDDM4','024543','2017-07-12',7,1,'DIGITEX INTERNACIONAL S.A.S',NULL),(2984,'1','V9-006YFF','018494','2017-07-12',20,2,'DIGITEX INTERNACIONAL S.A.S',NULL),(2985,'1','MJ018XWU','015732','2017-07-12',12,1,'DIGITEX INTERNACIONAL S.A.S',NULL),(2986,'1','V255740','000084','2017-07-12',16,2,'DIGITEX INTERNACIONAL S.A.S',NULL),(2987,'1','MJ018XS5','014980','2017-07-12',12,1,'DIGITEX INTERNACIONAL S.A.S',NULL),(2988,'1','V1ALK47','024080','2017-07-12',16,2,'DIGITEX INTERNACIONAL S.A.S',NULL),(2989,'1','MJPWH90','001438','2017-07-12',6,1,'DIGITEX INTERNACIONAL S.A.S',NULL),(2990,'1','CNC038NP6C','002008','2017-07-12',23,2,'DIGITEX INTERNACIONAL S.A.S',NULL),(2991,'1','MJPZD73','024133','2017-07-12',6,1,'DIGITEX INTERNACIONAL S.A.S',NULL),(2992,'1','V1BCR03','010025','2017-07-12',16,2,'DIGITEX INTERNACIONAL S.A.S',NULL),(2993,'1','MJVDDA6','024997','2017-07-12',7,1,'DIGITEX INTERNACIONAL S.A.S',NULL),(2994,'1','VNABWPM','001799','2017-09-05',19,2,'DIGITEX INTERNACIONAL S.A.S',NULL),(2995,'1','MJZKH28','000846','2017-09-04',6,1,'DIGITEX INTERNACIONAL S.A.S',NULL),(2996,'1','V1ZT547','010289','2017-08-15',16,2,'DIGITEX INTERNACIONAL S.A.S',NULL),(2997,'1','MJZHK14','014611','2017-09-04',6,1,'DIGITEX INTERNACIONAL S.A.S',NULL),(2998,'1','V1BMF62','010366','2017-07-12',16,2,'DIGITEX INTERNACIONAL S.A.S',NULL),(2999,'1','MJEDTYK','024006','2017-09-04',9,1,'DIGITEX INTERNACIONAL S.A.S',NULL),(3000,'1','V1ZT537','010371','2017-08-15',16,2,'DIGITEX INTERNACIONAL S.A.S',NULL),(3001,'1','MJEDVHR','024078','2017-09-04',9,1,'DIGITEX INTERNACIONAL S.A.S',NULL),(3002,'1','V1BMF63','010291','2017-08-15',16,2,'DIGITEX INTERNACIONAL S.A.S',NULL),(3003,'1','MJPVY96','024598','2017-09-04',6,1,'DIGITEX INTERNACIONAL S.A.S',NULL),(3004,'1','CNC038NNQG','002024','2017-07-12',23,2,'DIGITEX INTERNACIONAL S.A.S',NULL),(3005,'1','MJZKH65','020629','2017-07-12',6,1,'DIGITEX INTERNACIONAL S.A.S',NULL),(3006,'1','V1BMF66','010290','2017-08-15',16,2,'DIGITEX INTERNACIONAL S.A.S',NULL),(3007,'1','MJEDTWD','024600','2017-09-04',9,1,'DIGITEX INTERNACIONAL S.A.S',NULL),(3008,'1','V1BMG43','024764','2017-08-26',16,2,'DIGITEX INTERNACIONAL S.A.S',NULL),(3009,'1','MJPVE16','020606','2017-09-04',6,1,'DIGITEX INTERNACIONAL S.A.S',NULL),(3010,'1','V1BMF65','010373','2017-08-17',16,2,'DIGITEX INTERNACIONAL S.A.S',NULL),(3011,'1','MJPWK28','000864','2017-09-04',6,1,'DIGITEX INTERNACIONAL S.A.S',NULL),(3012,'1','V1PR677','010117','2017-08-15',16,2,'DIGITEX INTERNACIONAL S.A.S',NULL),(3013,'1','MJPWA87','024801','2017-09-04',6,1,'DIGITEX INTERNACIONAL S.A.S',NULL),(3014,'1','V1BCP22','010370','2017-08-15',16,2,'DIGITEX INTERNACIONAL S.A.S',NULL),(3015,'1','MJEDTXX','019906','2017-09-04',9,1,'DIGITEX INTERNACIONAL S.A.S',NULL),(3017,'1','V1PC469','008702','2017-08-19',16,2,'DIGITEX INTERNACIONAL S.A.S',NULL),(3104,'1','MJ018YOY','014991','2017-08-26',12,1,'DIGITEX INTERNACIONAL S.A.S',NULL),(3106,'1','MJ018Y26','024766','2017-08-26',12,1,'DIGITEX INTERNACIONAL S.A.S',NULL),(3107,'1','MJ018XWD','024539','2017-08-26',12,1,'DIGITEX INTERNACIONAL S.A.S',NULL),(3108,'1','MJO18Y18','017275','2017-08-07',12,1,'DIGITEX INTERNACIONAL S.A.S',NULL),(3109,'1','MJEDVMD','014524','2017-09-05',12,1,'DIGITEX INTERNACIONAL S.A.S',NULL),(3110,'1','CNC038NP12','002191','2017-08-08',23,2,'DIGITEX INTERNACIONAL S.A.S',NULL),(3111,'1','VNAC012','000805','2017-08-19',19,2,'DIGITEX INTERNACIONAL S.A.S',NULL),(3112,'1','VNAC269','001297','2017-08-25',19,2,'DIGITEX INTERNACIONAL S.A.S',NULL),(3113,'1','VNALZPN','001433','2017-08-19',19,2,'DIGITEX INTERNACIONAL S.A.S',NULL),(3114,'1','VNABZT3','000949','2017-08-25',19,2,'DIGITEX INTERNACIONAL S.A.S',NULL),(3115,'1','MJGMCNN','024301','2017-08-21',9,1,'DIGITEX INTERNACIONAL S.A.S',NULL),(3116,'1','MJEDVAP','029839','2017-08-21',9,1,'DIGITEX INTERNACIONAL S.A.S',NULL),(3117,'1','V9-006YFM','024020','2017-08-21',20,2,'DIGITEX INTERNACIONAL S.A.S',NULL),(3118,'1','10WZ35553218','003901','2017-08-21',13,3,'DIGITEX INTERNACIONAL S.A.S',NULL),(3119,'1','10WZ19551751','004212','2017-09-05',13,3,'DIGITEX INTERNACIONAL S.A.S',NULL),(3120,'1','10WZ31651131','004608','2017-09-05',13,3,'DIGITEX INTERNACIONAL S.A.S',NULL),(3121,'1','V1PR722','010124','2017-09-02',16,2,'DIGITEX INTERNACIONAL S.A.S',NULL),(3122,'1','MJEDVLN','011325','2017-08-21',9,1,'DIGITEX INTERNACIONAL S.A.S',NULL),(3123,'1','V1BCP21','010221','2017-08-21',16,2,'DIGITEX INTERNACIONAL S.A.S',NULL),(3124,'1','MJVDDL5','011250','2017-08-21',7,1,'DIGITEX INTERNACIONAL S.A.S',NULL),(3125,'1','MJEDVMM','024144','2017-08-21',9,1,'DIGITEX INTERNACIONAL S.A.S',NULL),(3126,'1','FJRCXZ1','012999','2017-08-22',31,1,'DIGITEX INTERNACIONAL S.A.S',NULL),(3127,'1','MP10KLXA','025771','2017-08-22',32,1,'DIGITEX INTERNACIONAL S.A.S',NULL),(3128,'1','PB-02DDZ4','012997','2017-08-22',33,1,'DIGITEX INTERNACIONAL S.A.S',NULL),(3129,'1','MJGMCNE','017431','2017-08-22',9,1,'DIGITEX INTERNACIONAL S.A.S',NULL),(3130,'1','555555-PRUEBA','555555','2017-08-23',9,1,'DIGITEX INTERNACIONAL S.A.S',NULL),(3131,'1','15WZ522704VJ','024613','2017-08-23',35,3,'DIGITEX INTERNACIONAL S.A.S',NULL),(3132,'1','V1ALK09','024556','2017-08-23',16,2,'DIGITEX INTERNACIONAL S.A.S',NULL),(3133,'1','MJEDVMK','011228','2017-08-23',9,1,'DIGITEX INTERNACIONAL S.A.S',NULL),(3134,'1','PC04BMV2','017433','2017-08-24',36,5,'DIGITEX INTERNACIONAL S.A.S',NULL),(4659,'1','VNALZV2','001148','2017-08-25',19,2,'DIGITEX INTERNACIONAL S.A.S',NULL),(4660,'1','VNALZTB','000794','2017-08-25',19,2,'DIGITEX INTERNACIONAL S.A.S',NULL),(4661,'1','10WZ35553461','004313','2017-08-26',13,3,'DIGITEX INTERNACIONAL S.A.S',NULL),(4662,'1','VNALZTK','001216','2017-08-26',19,2,'DIGITEX INTERNACIONAL S.A.S',NULL),(4663,'1','VNALZPP','001154','2017-08-26',19,2,'DIGITEX INTERNACIONAL S.A.S',NULL),(4664,'1','VNAB2RP','000880','2017-08-26',19,2,'DIGITEX INTERNACIONAL S.A.S',NULL),(4665,'1','MJEDTYV','018486','2017-08-26',9,1,'DIGITEX INTERNACIONAL S.A.S',NULL),(4666,'1','MJGMCNB','016420','2017-08-26',9,1,'DIGITEX INTERNACIONAL S.A.S',NULL),(4667,'1','MJPWG59','020612','2017-08-26',6,1,'DIGITEX INTERNACIONAL S.A.S',NULL),(4668,'1','MJEDPXV','024173','2017-08-26',9,1,'DIGITEX INTERNACIONAL S.A.S',NULL),(4670,'1','CNC722R30N','002148','2017-08-26',121,2,'DIGITEX INTERNACIONAL S.A.S',NULL),(4671,'1','CNC038NR4D','002196','2017-08-28',23,2,'DIGITEX INTERNACIONAL S.A.S',NULL),(4672,'1','V1PP476','010352','2017-08-28',16,2,'DIGITEX INTERNACIONAL S.A.S',NULL),(4673,'1','MJYE070','019741','2017-09-04',4,1,'DIGITEX INTERNACIONAL S.A.S',NULL),(4674,'1','VNAC1VT','014613','2017-08-28',19,2,'DIGITEX INTERNACIONAL S.A.S',NULL),(4675,'3','CNG9C9N126','001745','2017-08-29',122,4,'DIGITEX INTERNACIONAL S.A.S',NULL),(4676,'1','VNB3C59027','016421','2017-08-29',123,4,'DIGITEX INTERNACIONAL S.A.S',NULL),(4677,'1','451442231','029845','2017-08-29',125,21,'DIGITEX INTERNACIONAL S.A.S',NULL),(4678,'1','405-09411','024779','2017-08-29',126,22,'DIGITEX INTERNACIONAL S.A.S',NULL),(4679,'1','405-09396','024775','2017-08-29',126,22,'DIGITEX INTERNACIONAL S.A.S',NULL),(4680,'1','301-43424','024790','2017-08-29',126,22,'DIGITEX INTERNACIONAL S.A.S',NULL),(4681,'1','301-43397','024794','2017-08-29',126,22,'DIGITEX INTERNACIONAL S.A.S',NULL),(4682,'1','301-43379','024776','2017-08-29',126,22,'DIGITEX INTERNACIONAL S.A.S',NULL),(4683,'1','003431','011994','2017-08-29',127,22,'A.R.M.O.',NULL),(4684,'1','PHBLK5S00V','IM2076','2017-08-29',124,4,'COMPUTAR',NULL),(4685,'1','PHBLK5S05T','IM2077','2017-08-29',124,4,'COMPUTAR',NULL),(4686,'1','VNB3D86878','002126','2017-08-29',129,4,'DIGITEX INTERNACIONAL S.A.S',NULL),(4687,'1','VNB3L42522','002389','2017-08-29',129,4,'DIGITEX INTERNACIONAL S.A.S',NULL),(4688,'1','CNB9BC7B3M','002144','2017-08-29',130,4,'DIGITEX INTERNACIONAL S.A.S',NULL),(4689,'1','CNB9J239WF','024337','2017-08-29',112,4,'DIGITEX INTERNACIONAL S.A.S',NULL),(4690,'1','2WFGRR1','009589','2017-08-29',131,5,NULL,NULL),(4691,'1','000976','012639','2017-08-30',143,26,NULL,NULL),(4692,'1','FOC1252W2T4','029882','2017-08-30',57,7,NULL,NULL),(4693,'1','FDO1211X508','000759','2017-08-30',136,7,NULL,NULL),(4694,'1','WF0837210846','011713','2017-08-30',133,25,NULL,NULL),(4695,'1','QS1505310331','011715','2017-08-30',75,15,NULL,NULL),(4696,'1','PD0845130663','011909','2017-08-30',75,15,NULL,NULL),(4697,'1','PD1145340125','011716','2017-08-30',76,12,NULL,NULL),(4698,'1','PD1621245767','012585','2017-08-30',77,12,NULL,NULL),(4699,'1','PD0824330704','011736','2017-08-30',76,12,NULL,NULL),(4700,'1','PD1621245735','029837','2017-08-30',77,12,NULL,NULL),(4701,'1','PD0824330699','011720','2017-08-30',76,12,NULL,NULL),(4702,'1','PD0824330698','011718','2017-08-30',76,12,NULL,NULL),(4703,'1','PD1615140050','029835','2017-08-30',77,12,NULL,NULL),(4704,'1','PD1226140857','014636','2017-08-30',76,12,NULL,NULL),(4705,'1','PD0827160073','011723','2017-08-30',134,14,NULL,NULL),(4706,'1','PD0804230521','011981','2017-08-30',132,24,NULL,NULL),(4707,'1','PD0827151295','011758','2017-08-30',72,11,NULL,NULL),(4708,'1','PD0827151297','011759','2017-08-30',72,11,NULL,NULL),(4709,'1','PD0827151321','011760','2017-08-30',72,11,NULL,NULL),(4710,'1','PD0827151288','011761','2017-08-30',72,11,NULL,NULL),(4711,'1','PD0827150873','011731','2017-08-30',72,11,NULL,NULL),(4712,'1','PD0827150870','011730','2017-08-30',72,11,NULL,NULL),(4713,'1','PD0827150858','011729','2017-08-30',72,11,NULL,NULL),(4714,'1','PD0827150869','011728','2017-08-30',72,11,NULL,NULL),(4715,'1','PD0827150884','011735','2017-08-30',72,11,NULL,NULL),(4716,'1','PD0827150865','011732','2017-08-30',72,11,NULL,NULL),(4717,'1','PD0827150866','011733','2017-08-30',72,11,NULL,NULL),(4718,'1','PD0827150867','011734','2017-08-30',72,11,NULL,NULL),(4719,'1','PD0827150879','011739','2017-08-30',72,11,NULL,NULL),(4720,'1','PD0827150878','011740','2017-08-30',72,11,NULL,NULL),(4721,'1','PD0827150868','011737','2017-08-30',72,11,NULL,NULL),(4722,'1','PD0827150883','011738','2017-08-30',72,11,NULL,NULL),(4723,'1','PD0827150882','011743','2017-08-30',72,11,NULL,NULL),(4724,'1','PD0827150876','011744','2017-08-30',72,11,NULL,NULL),(4725,'1','PD0827152038','011741','2017-08-30',72,11,NULL,NULL),(4726,'1','PD0827150875','011742','2017-08-30',72,11,NULL,NULL),(4727,'1','QD0826152001','011746','2017-08-30',72,11,NULL,NULL),(4728,'1','QD0826152003','011748','2017-08-30',72,11,NULL,NULL),(4729,'1','QD0826152039','011747','2017-08-30',72,11,NULL,NULL),(4730,'1','PD0827150877','011749','2017-08-30',72,11,NULL,NULL),(4731,'1','QD0826152019','011745','2017-08-30',72,11,NULL,NULL),(4732,'1','PD0827150885','011752','2017-08-30',72,11,NULL,NULL),(4733,'1','QD0826152037','011751','2017-08-30',72,11,NULL,NULL),(4734,'1','PD0827150880','011750','2017-08-30',72,11,NULL,NULL),(4735,'1','PD0827150859','011756','2017-08-30',72,11,NULL,NULL),(4736,'1','PD0827151242','011755','2017-08-30',72,11,NULL,NULL),(4737,'1','PD0827150871','011753','2017-08-30',72,11,NULL,NULL),(4738,'1','PD0827150872','011754','2017-08-30',72,11,NULL,NULL),(4739,'1','PD0826360160','011757','2017-08-30',74,13,NULL,NULL),(4740,'1','PD0827151318','011762','2017-08-30',72,11,NULL,NULL),(4741,'1','PD0827151266','011787','2017-08-30',72,11,NULL,NULL),(4742,'1','PD0827151285','011786','2017-08-30',72,11,NULL,NULL),(4743,'1','PD0827151294','011763','2017-08-30',72,11,NULL,NULL),(4744,'1','PD0826360150','011901','2017-08-30',74,13,NULL,NULL),(4745,'1','PD0826360164','011726','2017-08-30',72,11,NULL,NULL),(4746,'1','PD0824152652','011725','2017-08-30',72,11,NULL,NULL),(4747,'1','PD0824250008','011724','2017-08-30',72,11,NULL,NULL),(4748,'1','PD0824152649','011727','2017-08-30',72,11,NULL,NULL),(4749,'1','PD0824250205','011794','2017-08-30',72,11,NULL,NULL),(4750,'1','PD0824250204','011795','2017-08-30',72,11,NULL,NULL),(4751,'1','PD0824152642','011796','2017-08-30',72,11,NULL,NULL),(4752,'1','PD0824250009','011797','2017-08-30',72,11,NULL,NULL),(4753,'1','QD0826151984','011902','2017-08-30',72,11,NULL,NULL),(4754,'1','QD0826151980','011799','2017-08-30',72,11,NULL,NULL),(4755,'1','QD0826151983','011800','2017-08-30',72,11,NULL,NULL),(4756,'1','QD0826151981','011798','2017-08-30',72,11,NULL,NULL),(4757,'1','PD0826160059','011903','2017-08-30',74,13,NULL,NULL),(4758,'1','PD0824152651','011793','2017-08-30',72,11,NULL,NULL),(4759,'1','PD0824250160','011792','2017-08-30',72,11,NULL,NULL),(4760,'1','QD0826151969','011790','2017-08-30',72,11,NULL,NULL),(4761,'1','QD0826151967','011765','2017-08-30',72,11,NULL,NULL),(4762,'1','PD0827151279','011788','2017-08-30',72,11,NULL,NULL),(4763,'1','PD0827151275','011789','2017-08-30',72,11,NULL,NULL),(4764,'1','QD0826152009','011764','2017-08-30',72,11,NULL,NULL),(4765,'1','PD0827151296','011768','2017-08-30',72,11,NULL,NULL),(4766,'1','PD0827151299','011766','2017-08-30',72,11,NULL,NULL),(4767,'1','PD0827151298','011767','2017-08-30',72,11,NULL,NULL),(4768,'1','PD0827151290','011772','2017-08-30',72,11,NULL,NULL),(4769,'1','PD0827151320','011769','2017-08-30',72,11,NULL,NULL),(4770,'1','PD0827151281','011773','2017-08-30',72,11,NULL,NULL),(4771,'1','PD0827151277','011771','2017-08-30',72,11,NULL,NULL),(4772,'1','PD0827151284','011776','2017-08-30',72,11,NULL,NULL),(4773,'1','PD0827151282','011770','2017-08-30',72,11,NULL,NULL),(4774,'1','PD0827151283','011777','2017-08-30',72,11,NULL,NULL),(4775,'1','PD0827151272','011775','2017-08-30',72,11,NULL,NULL),(4776,'1','PD0827151280','011774','2017-08-30',72,11,NULL,NULL),(4777,'1','PD0827151274','011780','2017-08-30',72,11,NULL,NULL),(4778,'1','PD0827151271','011779','2017-08-30',72,11,NULL,NULL),(4779,'1','PD0827151286','011781','2017-08-30',72,11,NULL,NULL),(4780,'1','PD0827151287','011778','2017-08-30',72,11,NULL,NULL),(4781,'1','PD0827151269','011785','2017-08-30',72,11,NULL,NULL),(4782,'1','PD0827151289','011784','2017-08-30',72,11,NULL,NULL),(4783,'1','PD0827151270','011782','2017-08-30',72,11,NULL,NULL),(4784,'1','PD0827151273','011783','2017-08-30',72,11,NULL,NULL),(4785,'1','FOC1235Y0JT','011709','2017-08-30',57,7,NULL,NULL),(4786,'1','FOC1235Y0G7','011708','2017-08-30',57,7,NULL,NULL),(4787,'1','FOC1235Y0KV','011710','2017-08-30',57,7,NULL,NULL),(4788,'1','FOC1235Y0KN','011711','2017-08-30',57,7,NULL,NULL),(4789,'1','FDO1234X3Z3','011712','2017-08-30',136,7,NULL,NULL),(4790,'1','FDO1234X3SZ','011707','2017-08-30',136,7,NULL,NULL),(4791,'1','FDO1234Y53F','011706','2017-08-30',136,7,NULL,NULL),(4792,'1','FDO1234X3Z7','011705','2017-08-30',136,7,NULL,NULL),(4793,'1','FDO1126Z6GD','011704','2017-08-30',136,7,NULL,NULL),(4794,'1','FDO1235Y0KM','011703','2017-08-30',57,7,NULL,NULL),(4795,'1','FDO1235Y0KF','011702','2017-08-30',57,7,NULL,NULL),(4796,'1','FDO1235Y0K6','011701','2017-08-30',57,7,NULL,NULL),(4797,'1','FDO1234Y53Q','011693','2017-08-30',136,7,NULL,NULL),(4798,'1','FDO1234Y4YF','024954','2017-08-30',136,7,NULL,NULL),(4799,'1','000980','011980','2017-08-30',144,26,NULL,NULL),(4800,'1','000979','011979','2017-08-30',144,26,NULL,NULL),(4801,'1','000978','011978','2017-08-30',144,26,NULL,NULL),(4802,'1','000977','011977','2017-08-30',144,26,NULL,NULL),(4803,'1','60-04','011904','2017-08-30',145,27,NULL,NULL),(4804,'1','60-08','011905','2017-08-30',145,27,NULL,NULL),(4805,'1','60-09','011906','2017-08-30',145,27,NULL,NULL),(4806,'1','PROVE-0015','024800','2017-08-30',149,27,NULL,NULL),(4807,'1','WF0836210933','012023','2017-08-30',133,25,NULL,NULL),(4808,'1','WF0905110722','011907','2017-08-30',133,25,NULL,NULL),(4809,'1','PD1213112886','011908','2017-08-30',75,15,NULL,NULL),(4810,'1','PD0827330508','011714','2017-08-30',75,15,NULL,NULL),(4811,'1','PD0833130980','011914','2017-08-30',76,12,NULL,NULL),(4812,'1','PD0833353068','011915','2017-08-30',72,11,NULL,NULL),(4813,'1','PD0833353083','011918','2017-08-30',72,11,NULL,NULL),(4814,'1','PD0833353061','011917','2017-08-30',72,11,NULL,NULL),(4815,'1','PD0833353060','011916','2017-08-30',72,11,NULL,NULL),(4816,'1','PD0833350003','011919','2017-08-30',72,11,NULL,NULL),(4817,'1','PD0833353058','011920','2017-08-30',72,11,NULL,NULL),(4818,'1','PD0833350009','011921','2017-08-30',72,11,NULL,NULL),(4819,'1','PD0833350004','011922','2017-08-30',72,11,NULL,NULL),(4820,'1','PD0833350098','011926','2017-08-30',72,11,NULL,NULL),(4821,'1','PD0833350071','011925','2017-08-30',72,11,NULL,NULL),(4822,'1','PD0833353059','011923','2017-08-30',72,11,NULL,NULL),(4823,'1','PD0833350061','011927','2017-08-30',72,11,NULL,NULL),(4824,'1','PD0833350063','011930','2017-08-30',72,11,NULL,NULL),(4825,'1','PD0833350062','011929','2017-08-30',72,11,NULL,NULL),(4826,'1','PD0833350059','011936','2017-08-30',72,11,NULL,NULL),(4827,'1','PD0833353062','011924','2017-08-30',72,11,NULL,NULL),(4828,'1','PD0845360039','011931','2017-08-30',73,14,NULL,NULL),(4829,'1','PD0845130509','011932','2017-08-30',132,24,NULL,NULL),(4830,'1','PD0833350058','011935','2017-08-30',72,11,NULL,NULL),(4831,'1','PD0833350097','011928','2017-08-30',72,11,NULL,NULL),(4832,'1','PD0833350065','011933','2017-08-30',72,11,NULL,NULL),(4833,'1','PD0833350099','011934','2017-08-30',72,11,NULL,NULL),(4834,'1','PD0833350101','011940','2017-08-30',72,11,NULL,NULL),(4835,'1','PD0833350100','011938','2017-08-30',72,11,NULL,NULL),(4836,'1','PD0833350056','011939','2017-08-30',72,11,NULL,NULL),(4837,'1','PD0833350060','011937','2017-08-30',72,11,NULL,NULL),(4838,'1','PD0833350057','011942','2017-08-30',72,11,NULL,NULL),(4839,'1','PD0833350053','011941','2017-08-30',72,11,NULL,NULL),(4840,'1','PD0833350050','011944','2017-08-30',72,11,NULL,NULL),(4841,'1','PD0833350064','011943','2017-08-30',72,11,NULL,NULL),(4842,'1','PD0833350005','011948','2017-08-30',72,11,NULL,NULL),(4843,'1','PD0833350055','011946','2017-08-30',72,11,NULL,NULL),(4844,'1','PD0833350047','011945','2017-08-30',72,11,NULL,NULL),(4845,'1','PD0833350008','011947','2017-08-30',72,11,NULL,NULL),(4846,'1','PD0833350007','011951','2017-08-30',72,11,NULL,NULL),(4847,'1','PD0833350072','011952','2017-08-30',72,11,NULL,NULL),(4848,'1','PD0833353051','011950','2017-08-30',72,11,NULL,NULL),(4849,'1','PD0833353084','011955','2017-08-30',72,11,NULL,NULL),(4850,'1','PD0833353067','011949','2017-08-30',72,11,NULL,NULL),(4851,'1','PD0833350006','011956','2017-08-30',72,11,NULL,NULL),(4852,'1','PD0833350002','011954','2017-08-30',72,11,NULL,NULL),(4853,'1','PD0833353057','011953','2017-08-30',72,11,NULL,NULL),(4854,'1','PD0833353078','011957','2017-08-30',72,11,NULL,NULL),(4855,'1','PD0833353082','011960','2017-08-30',72,11,NULL,NULL),(4856,'1','PD0833353090','011958','2017-08-30',72,11,NULL,NULL),(4857,'1','PD0833358081','011959','2017-08-30',72,11,NULL,NULL),(4858,'1','PD0833353077','011964','2017-08-30',72,11,NULL,NULL),(4859,'1','PD0833353079','011961','2017-08-30',72,11,NULL,NULL),(4860,'1','PD0833353080','011963','2017-08-30',72,11,NULL,NULL),(4861,'1','PD0833353091','011962','2017-08-30',72,11,NULL,NULL),(4862,'1','PD0847160106','011965','2017-08-30',135,14,NULL,NULL),(4863,'1','FOC1252W2TZ','011966','2017-08-30',57,7,NULL,NULL),(4864,'1','FOC1249W0J2','011967','2017-08-30',57,7,NULL,NULL),(4865,'1','12JP172H1067','024961','2017-08-30',142,7,NULL,NULL),(4866,'1','FOC1301W3XQ','011968','2017-08-30',57,7,NULL,NULL),(4867,'1','FOC1252W2RH','011969','2017-08-30',57,7,NULL,NULL),(4868,'1','001005','011976','2017-08-30',144,26,NULL,NULL),(4869,'1','001006','011972','2017-08-30',144,26,NULL,NULL),(4870,'1','001007','011971','2017-08-30',144,26,NULL,NULL),(4871,'1','001008','011970','2017-08-30',144,26,NULL,NULL),(4872,'1','61-14','011975','2017-08-30',145,27,NULL,NULL),(4873,'1','61-16','011974','2017-08-30',145,27,NULL,NULL),(4874,'1','61-15','011973','2017-08-30',145,27,NULL,NULL),(4875,'1','QD1632340526','029900','2017-08-30',77,12,NULL,NULL),(4876,'1','QD1632340524','029880','2017-08-30',77,12,NULL,NULL),(4877,'1','PD1621245668','029881','2017-08-30',77,12,NULL,NULL),(4878,'1','PD0824330692','029860','2017-08-30',76,12,NULL,NULL),(4879,'1','FDO1211X57K','001492','2017-08-30',136,7,NULL,NULL),(4880,'1','FDO1141Z7DP','001493','2017-08-30',136,7,NULL,NULL),(4881,'1','FOC1252W2SM','001494','2017-08-30',136,7,NULL,NULL),(4882,'1','FOC1435W5FL','001489','2017-08-30',55,7,NULL,NULL),(4883,'1','FOC1435W5FK','001490','2017-08-30',55,7,NULL,NULL),(4884,'1','FOC1435W5FS','001491','2017-08-30',55,7,NULL,NULL),(4885,'1','12JP172H01X','024956','2017-08-30',142,7,NULL,NULL),(4886,'1','FOC1435W5E2','001486','2017-08-30',55,7,NULL,NULL),(4887,'1','FOC1435W5FV','001487','2017-08-30',55,7,NULL,NULL),(4888,'1','FOC1435W5F8','001488','2017-08-30',55,7,NULL,NULL),(4889,'1','PD0823330800','012050','2017-08-30',75,15,NULL,NULL),(4890,'1','PD0823330805','012051','2017-08-30',75,15,NULL,NULL),(4891,'1','PD0725330843','012027','2017-08-30',76,12,NULL,NULL),(4892,'1','PD0847130120','012028','2017-08-30',76,12,NULL,NULL),(4893,'1','PD0824330691','012030','2017-08-30',76,12,NULL,NULL),(4894,'1','PD0824330696','012029','2017-08-30',76,12,NULL,NULL),(4895,'1','QD0826152029','012033','2017-08-30',72,11,NULL,NULL),(4896,'1','QD0826152047','012032','2017-08-30',72,11,NULL,NULL),(4897,'1','QD0826152030','012034','2017-08-30',72,11,NULL,NULL),(4898,'1','QD0826151982','012031','2017-08-30',72,11,NULL,NULL),(4899,'1','QD0826152075','012046','2017-08-30',72,11,NULL,NULL),(4900,'1','QD0826152046','012038','2017-08-30',72,11,NULL,NULL),(4901,'1','QD0826152028','012037','2017-08-30',72,11,NULL,NULL),(4902,'1','QD0826152048','012036','2017-08-30',72,11,NULL,NULL),(4903,'1','QD0826152007','012045','2017-08-30',72,11,NULL,NULL),(4904,'1','QD0826151979','012035','2017-08-30',72,11,NULL,NULL),(4905,'1','PD0824250162','012041','2017-08-30',72,11,NULL,NULL),(4906,'1','PD0824250206','012042','2017-08-30',72,11,NULL,NULL),(4907,'1','PD0824250161','012039','2017-08-30',72,11,NULL,NULL),(4908,'1','PD0824250163','012040','2017-08-30',72,11,NULL,NULL),(4909,'1','QD0826152002','012044','2017-08-30',72,11,NULL,NULL),(4910,'1','QD0826152057','012043','2017-08-30',72,11,NULL,NULL),(4911,'1','PD0823260041','012047','2017-08-30',73,14,NULL,NULL),(4912,'1','PD0823130187','012048','2017-08-30',132,24,NULL,NULL),(4913,'1','WF0836210931','012049','2017-08-30',133,25,NULL,NULL),(4914,'1','PROVE-0001','024979','2017-08-30',144,26,NULL,NULL),(4915,'1','PROVE-0002','024980','2017-08-30',144,26,NULL,NULL),(4916,'1','PROVE-0003','024981','2017-08-30',144,26,NULL,NULL),(4917,'1','PROVE-0004','024982','2017-08-30',144,26,NULL,NULL),(4918,'1','PROVE-0005','024963','2017-08-30',148,27,NULL,NULL),(4919,'1','PROVE-0006','024771','2017-08-30',148,27,NULL,NULL),(4920,'1','PROVE-0007','024770','2017-08-30',148,27,NULL,NULL),(4921,'1','PROVE-0008','024772','2017-08-30',149,27,NULL,NULL),(4922,'1','PROVE-0011','014729','2017-08-30',150,28,NULL,NULL),(4923,'1','PROVE-0012','024974','2017-08-30',150,28,NULL,NULL),(4924,'1','PROVE-0013','014727','2017-08-30',150,28,NULL,NULL),(4925,'1','PROVE-0014','014728','2017-08-30',150,28,NULL,NULL),(4926,'1','PD0833130970','011911','2017-08-30',76,12,NULL,NULL),(4927,'1','PD0833130960','011910','2017-08-30',76,12,NULL,NULL),(4928,'1','PD1621245669','NOVIS-0001','2017-08-30',77,12,NULL,NULL),(4929,'1','FD01430Z0KL','001840','2017-08-31',137,7,NULL,NULL),(4930,'1','FD01428Z0D1','001805','2017-08-31',137,7,NULL,NULL),(4931,'1','KQ0443P','001841','2017-08-31',138,7,NULL,NULL),(4932,'1','KQ0439T','001842','2017-09-05',138,7,NULL,NULL),(4933,'1','NOVIS-0002','001826','2017-08-31',140,18,NULL,NULL),(4934,'1','NOVIS-0003','001827','2017-08-31',141,7,NULL,NULL),(4935,'1','NOVIS-0005','011398','2017-08-31',139,18,NULL,NULL),(4936,'1','NOVIS-0004','001835','2017-08-31',140,18,NULL,NULL),(4937,'1','FTX1035AOEV','001836','2017-08-31',60,7,NULL,NULL),(4938,'1','003458','011991','2017-08-30',147,26,NULL,NULL),(4939,'1','003441','011992','2017-08-30',146,23,NULL,NULL),(4940,'1','SININFO-001','001813','2017-09-01',147,26,NULL,NULL),(4941,'1','003487','011993','2017-08-30',145,27,NULL,NULL),(4942,'1','QD0826152054','012012','2017-08-30',72,11,NULL,NULL),(4943,'1','QD0826152052','012010','2017-08-30',72,11,NULL,NULL),(4944,'1','QD0826152008','012009','2017-08-30',72,11,NULL,NULL),(4945,'1','QD0826152053','012011','2017-08-30',72,11,NULL,NULL),(4946,'1','PD0827150861','012013','2017-08-30',72,11,NULL,NULL),(4947,'1','PD0827150864','012016','2017-08-30',72,11,NULL,NULL),(4948,'1','PD0827150862','012018','2017-08-30',72,11,NULL,NULL),(4949,'1','PD0827151239','012014','2017-08-30',72,11,NULL,NULL),(4950,'1','PD0827151241','012020','2017-08-30',72,11,NULL,NULL),(4951,'1','PD0827150874','012019','2017-08-30',72,11,NULL,NULL),(4952,'1','PD0827151208','012015','2017-08-30',72,11,NULL,NULL),(4953,'1','PD0827150860','012017','2017-08-30',72,11,NULL,NULL),(4954,'1','PD0823260051','012021','2017-08-30',73,14,NULL,NULL),(4955,'1','PD0823130189','012022','2017-08-30',132,24,NULL,NULL),(4956,'1','PD0824330689','012007','2017-08-30',76,12,NULL,NULL),(4957,'1','PD0824130858','012008','2017-08-30',76,12,NULL,NULL),(4958,'1','003462','011987','2017-09-01',143,26,NULL,NULL),(4959,'1','003461','011988','2017-09-01',143,26,NULL,NULL),(4960,'1','003460','011989','2017-09-01',143,26,NULL,NULL),(4961,'1','003459','011990','2017-09-01',143,26,NULL,NULL),(4962,'1','003485','011982','2017-08-31',150,28,NULL,NULL),(4963,'1','003486','011983','2017-08-31',150,28,NULL,NULL),(4964,'1','PROVE-0009','014726','2017-08-31',150,28,NULL,NULL),(4965,'1','PROVE-0010','011984','2017-08-31',150,28,NULL,NULL),(4966,'1','SININFO-002','029834','2017-08-31',143,26,NULL,NULL),(4967,'1','2149155001584','029832','2017-08-31',151,7,NULL,NULL),(4968,'1','J1913LE1104012236','PROVE-0028','2017-08-31',152,2,NULL,NULL),(4969,'1','100129005','PROVE-0030','2017-08-31',172,21,NULL,NULL),(4970,'1','NOVIS-0007','014725','2017-08-31',173,21,NULL,NULL),(4971,'1','NOVIS-0031','029822','2017-08-31',174,21,NULL,NULL),(4972,'1','NOVIS-0032','029823','2017-08-31',174,21,NULL,NULL),(4973,'1','MJEDVDG','014509','2017-08-31',9,1,NULL,NULL),(4974,'1','NOVIS-0028','NOVIS-0027','2017-08-31',6,1,NULL,NULL),(4975,'1','091021','001843','2017-09-07',164,31,NULL,NULL),(4976,'1','091020','001844','2017-09-07',164,31,NULL,NULL),(4977,'1','2UX8280EON','011692','2017-08-31',51,8,NULL,NULL),(4978,'1','2UX82903Y6','011615','2017-08-31',51,8,NULL,NULL),(4979,'1','KQ0W0H8','029836','2017-09-05',138,7,NULL,NULL),(4980,'1','97A93810D4','029843','2017-08-31',175,34,NULL,NULL),(4981,'1','97A93810E2','029844','2017-08-31',175,34,NULL,NULL),(4982,'1','MJEDVDR','010275','2017-08-31',9,1,NULL,NULL),(4983,'1','MJEDTZF','014510','2017-08-31',9,1,NULL,NULL),(4984,'1','MXL04018VL','029841','2017-08-31',10,1,NULL,NULL),(4987,'1','NOVIS-0033','001823','2017-08-31',139,18,NULL,NULL),(4988,'1','NOVIS-0011','029842','2017-08-31',168,31,NULL,NULL),(4989,'1','NOVIS-0012','001829','2017-08-31',170,33,NULL,NULL),(4990,'1','FTX1124A24K','001833','2017-08-31',113,18,NULL,NULL),(4991,'1','NOVIS-0013','001834','2017-08-31',140,18,NULL,NULL),(4992,'1','PROVE-0016','PROVE-0016','2017-08-31',169,33,NULL,NULL),(4993,'1','PROVE-0017','PROVE-0017','2017-08-31',169,33,NULL,NULL),(4994,'1','PROVE-0029','PROVE-0029','2017-08-31',163,30,NULL,NULL),(4995,'1','FLM2104W1FW','029840','2017-08-31',153,18,NULL,NULL),(4996,'1','FTX1046AODV','PROVE-0031','2017-08-31',113,18,NULL,NULL),(4997,'1','32087601841','PROVE-0018','2017-08-31',171,19,NULL,NULL),(4998,'1','NOVIS-0015','PROVE-0019','2017-08-31',171,19,NULL,NULL),(4999,'1','NOVIS-0016','PROVE-0020','2017-08-31',154,18,NULL,NULL),(5000,'1','0500-7HL58711F40','001817','2017-08-31',176,33,NULL,NULL),(5001,'1','7Y1V258711F40','001818','2017-08-31',161,7,NULL,NULL),(5002,'1','NOVIS-0017','001819','2017-08-31',177,33,NULL,NULL),(5003,'1','PROVE-0025','PROVE-0025','2017-08-31',154,18,NULL,NULL),(5004,'1','PROVE-0021','PROVE-0021','2017-08-31',162,30,NULL,NULL),(5005,'1','PROVE-0022','PROVE-0022','2017-08-31',162,30,NULL,NULL),(5006,'1','PROVE-0023','PROVE-0023','2017-08-31',162,30,NULL,NULL),(5007,'1','PROVE-0024','PROVE-0024','2017-08-31',162,30,NULL,NULL),(5008,'1','PROVE-0026','PROVE-0026','2017-08-31',163,30,NULL,NULL),(5009,'1','PROVE-0027','PROVE-0027','2017-08-31',163,30,NULL,NULL),(5010,'1','7-12001','001821','2017-08-31',176,33,NULL,NULL),(5011,'1','NOVIS-0018','001822','2017-08-31',178,33,NULL,NULL),(5012,'1','NOVIS-0019','011399','2017-08-31',179,18,NULL,NULL),(5013,'1','NOVIS-0020','001824','2017-08-31',167,19,NULL,NULL),(5014,'1','IPUPAB0AAC','011985','2017-08-31',155,29,NULL,NULL),(5015,'1','IPUPAB0AAA','011986','2017-08-31',155,29,NULL,NULL),(5016,'1','FOX1233G49F','029830','2017-08-31',156,7,NULL,NULL),(5017,'1','003466','NOVIS-0028','2017-08-31',157,7,NULL,NULL),(5018,'1','003467','011998','2017-08-31',158,7,NULL,NULL),(5019,'1','003468','011999','2017-08-31',159,7,NULL,NULL),(5020,'1','003469','012000','2017-08-31',159,7,NULL,NULL),(5021,'1','NOVIS-0021','NOVIS-0021','2017-08-31',160,8,NULL,NULL),(5022,'1','NOVIS-0022','NOVIS-0022','2017-08-31',160,8,NULL,NULL),(5023,'1','R31X3D9000047','029838','2017-08-31',180,20,NULL,NULL),(5024,'1','2M203800G8','001808','2017-08-31',53,8,NULL,NULL),(5025,'1','2M203800G2','001809','2017-08-31',53,8,NULL,NULL),(5026,'1','2M202602GF','001810','2017-08-31',52,8,NULL,NULL),(5027,'1','10AN10600050','029848','2017-08-31',166,32,NULL,NULL),(5028,'1','NOVIS-0023','029847','2017-08-31',165,8,NULL,NULL),(5029,'1','NOVIS-0024','029849','2017-08-31',165,8,NULL,NULL),(5030,'1','NOVIS-0025','029850','2017-08-31',165,8,NULL,NULL),(5031,'1','91426EXT','001804','2017-09-07',164,31,NULL,NULL),(5032,'1','091426','001803','2017-09-07',164,31,NULL,NULL),(5033,'1','MJ018XVD','015739','2017-08-31',12,1,NULL,NULL),(5034,'1','VNA4D67','002245','2017-08-31',19,2,NULL,NULL),(5035,'1','NOVIS-0048','024702','2017-08-31',182,9,NULL,NULL),(5036,'1','NOVIS-0047','NOVIS-0047','2017-08-31',181,9,NULL,NULL),(5037,'1','NOVIS-0046','NOVIS-0046','2017-08-31',184,9,NULL,NULL),(5038,'1','NOVIS-0045','NOVIS-0045','2017-08-31',184,9,NULL,NULL),(5039,'1','NOVIS-0044','NOVIS-0044','2017-08-31',184,9,NULL,NULL),(5040,'1','NOVIS-0043','024723','2017-08-31',184,9,NULL,NULL),(5041,'1','NOVIS-0034','014634','2017-08-31',184,9,NULL,NULL),(5042,'1','NOVIS-0035','014625','2017-08-31',184,9,NULL,NULL),(5043,'1','NOVIS-0036','002156','2017-08-31',184,9,NULL,NULL),(5044,'1','110RMNE4T207','001497','2017-08-31',184,9,NULL,NULL),(5045,'1','NOVIS-0037','001496','2017-08-31',184,9,NULL,NULL),(5046,'1','MD31270179','014631','2017-08-31',183,9,NULL,NULL),(5047,'1','NOVIS-0038','011381','2017-08-31',182,9,NULL,NULL),(5048,'1','AUL53CPSA00035J','001905','2017-08-31',181,9,NULL,NULL),(5049,'1','NOVIS-0039','011302','2017-08-31',182,9,NULL,NULL),(5050,'1','NOVIS-0040','011400','2017-08-31',182,9,NULL,NULL),(5051,'1','NOVIS-0041','024304','2017-08-31',182,9,NULL,NULL),(5052,'1','NOVIS-0042','024973','2017-08-31',182,9,NULL,NULL),(5053,'1','707KAHG00009','024939','2017-09-01',185,10,NULL,NULL),(5054,'1','801KAAE0008','024947','2017-09-01',185,10,NULL,NULL),(5055,'1','707KAJP00004','024948','2017-09-01',185,10,NULL,NULL),(5056,'1','707KAFX00003','024949','2017-09-01',185,10,NULL,NULL),(5057,'1','707KAXV00002','024952','2017-09-01',185,10,NULL,NULL),(5058,'1','801KAED00004','024950','2017-09-01',185,10,NULL,NULL),(5059,'1','801KAUU00006','024951','2017-09-01',185,10,NULL,NULL),(5060,'1','801KANY00007','024943','2017-09-01',185,10,NULL,NULL),(5061,'1','707KAYR00010','024944','2017-09-01',185,10,NULL,NULL),(5062,'1','707KARW00006','024942','2017-09-01',185,10,NULL,NULL),(5063,'1','NOVIS-0049','024938','2017-09-01',187,10,NULL,NULL),(5064,'1','707KAWQ00001','024941','2017-09-01',185,10,NULL,NULL),(5065,'1','707KAVH00007','024940','2017-09-01',185,10,NULL,NULL),(5066,'1','1000019711305000-86','024953','2017-09-01',187,10,NULL,NULL),(5067,'1','003482','011997','2017-09-01',189,10,NULL,NULL),(5068,'1','003481','011996','2017-09-01',189,10,NULL,NULL),(5069,'1','805KASL00006','024957','2017-09-01',186,10,NULL,NULL),(5070,'1','805KAGS00007','024959','2017-09-01',186,10,NULL,NULL),(5071,'1','805KAHG00001','024958','2017-09-01',186,10,NULL,NULL),(5072,'1','1000013451306-00158','024960','2017-09-01',187,10,NULL,NULL),(5073,'1','1000016441309-00012','024946','2017-09-01',187,10,NULL,NULL),(5074,'1','1000016441309-00003','024945','2017-09-01',187,10,NULL,NULL),(5075,'1','37624200052-77','024955','2017-09-01',188,10,NULL,NULL),(5076,'1','7345ST1','011018','2017-09-01',191,5,NULL,NULL),(5077,'1','K06M001','011035','2017-09-01',190,35,NULL,NULL),(5078,'1','V1BMF76','011254','2017-09-01',16,2,NULL,NULL),(5079,'2','91425EXT','001801','2017-09-05',164,31,NULL,NULL),(5080,'2','091427','001500','2017-09-05',164,31,NULL,NULL),(5081,'2','91427EXT','001499','2017-09-05',164,31,NULL,NULL),(5082,'2','091425','001498','2017-09-05',164,31,NULL,NULL),(5083,'2','CNB9BC7BNN','012611','2017-09-01',130,4,NULL,NULL),(5084,'1','V9-00FMVE','016388','2017-09-01',20,2,NULL,NULL),(5085,'1','V9-014FRR','026417','2017-09-01',20,2,NULL,NULL),(5086,'1','V9-014FPN','026416','2017-09-01',20,2,NULL,NULL),(5087,'1','V9-014FV0','026415','2017-09-01',20,2,NULL,NULL),(5088,'1','V9-00FLYW','016376','2017-09-01',20,2,NULL,NULL),(5089,'1','FTX1123Z180','014879','2017-09-07',139,18,NULL,NULL),(5090,'1','MJEDTXG','029853','2017-09-01',9,1,NULL,NULL),(5091,'1','V9-006YFE','015713','2017-09-01',20,2,NULL,NULL),(5092,'1','081620302572','014671','2017-09-01',14,3,NULL,NULL),(5093,'1','081636604200','014848','2017-09-01',14,3,NULL,NULL),(5094,'1','08163604280','014933','2017-09-01',14,3,NULL,NULL),(5095,'1','081636604204','014831','2017-09-01',14,3,NULL,NULL),(5096,'1','081620301017','011210','2017-09-01',14,3,NULL,NULL),(5097,'1','081620301048','014946','2017-09-01',14,3,NULL,NULL),(5098,'1','081620302368','014645','2017-09-01',14,3,NULL,NULL),(5099,'1','081620301066','014807','2017-09-13',14,3,NULL,NULL),(5100,'1','081636604246','014668','2017-09-01',14,3,NULL,NULL),(5101,'1','081636604149','014853','2017-09-01',14,3,NULL,NULL),(5102,'1','081621302965','014692','2017-09-01',14,3,NULL,NULL),(5103,'1','081620301021','014678','2017-09-01',14,3,NULL,NULL),(5104,'1','081636604263','024529','2017-09-01',14,3,NULL,NULL),(5105,'1','081620302578','014651','2017-09-01',14,3,NULL,NULL),(5106,'1','081621302994','014873','2017-09-01',14,3,NULL,NULL),(5107,'1','081636604211','024528','2017-09-01',14,3,NULL,NULL),(5108,'1','081636604226','014821','2017-09-01',14,3,NULL,NULL),(5109,'1','081620302574','011226','2017-09-01',14,3,NULL,NULL),(5110,'1','081620301016','NOVIS-0054','2017-09-01',14,3,NULL,NULL),(5111,'1','081620301036','014915','2017-09-01',14,3,NULL,NULL),(5112,'1','081620301064','011216','2017-09-01',14,3,NULL,NULL),(5113,'1','081620301056','014654','2017-09-01',14,3,NULL,NULL),(5114,'1','081620301045','014924','2017-09-01',14,3,NULL,NULL),(5115,'1','081621302940','014926','2017-09-01',14,3,NULL,NULL),(5116,'1','081620301020','011208','2017-09-01',14,3,NULL,NULL),(5117,'1','081620301032','014918','2017-09-01',14,3,NULL,NULL),(5118,'1','081620301068','011207','2017-09-01',14,3,NULL,NULL),(5119,'1','10WZ19550331','004000','2017-09-07',13,3,NULL,NULL),(5120,'1','10WZ35051881','004323','2017-09-11',13,3,NULL,NULL),(5121,'1','14WZ3627021J','016838','2017-09-11',13,3,NULL,NULL),(5122,'1','14WZ3627027M','016817','2017-09-11',13,3,NULL,NULL),(5123,'1','FOC1418Z3AH','014880','2017-09-07',55,7,NULL,NULL),(5124,'3','FDO1234Y53G','011678','2017-09-07',136,7,NULL,NULL),(5125,'3','FOC1303W1N5','029887','2017-09-07',136,7,NULL,NULL),(5127,'1','FDO1450V16E','029899','2017-09-07',137,7,NULL,NULL),(5128,'1','MJEDVKT','024353','2017-09-02',9,1,NULL,NULL),(5129,'1','0AUXDNAN012','002109','2017-09-05',192,20,NULL,NULL),(5130,'1','NOVIS-0055','NOVIS-0055','2017-09-05',193,6,NULL,NULL),(5131,'1','Y9HKHR','024620','2017-09-05',194,16,NULL,NULL),(5132,'1','MJPWG44','024636','2017-09-05',6,1,NULL,NULL),(5133,'1','V1ALK38','017486','2017-09-05',16,2,NULL,NULL),(5134,'1','MJEDZCM','014564','2017-09-05',9,1,NULL,NULL),(5135,'1','MJEDTXR','024623','2017-09-05',9,1,NULL,NULL),(5136,'1','000984','024793','2017-09-05',195,37,NULL,NULL),(5137,'1','001009','024788','2017-09-05',195,37,NULL,NULL),(5138,'1','NOVIS-0057','NOVIS-0057','2017-09-05',196,20,NULL,NULL),(5141,'1','NOVIS-0056','NOVIS-0056','2017-09-05',196,20,NULL,NULL),(5142,'1','001430','012006','2017-09-05',197,20,NULL,NULL),(5144,'1','NOVIS-0058','024978','2017-09-05',198,27,NULL,NULL),(5145,'1','NOVIS-0059','024975','2017-09-05',199,27,NULL,NULL),(5146,'1','003435','012002','2017-09-05',200,22,NULL,NULL),(5147,'1','003436','012001','2017-09-05',201,22,NULL,NULL),(5148,'1','003437','012005','2017-09-05',202,22,NULL,NULL),(5149,'1','003438','012003','2017-09-05',203,22,NULL,NULL),(5150,'1','567BTKR6TPGC','024814','2017-09-05',207,34,NULL,NULL),(5151,'1','NA8EWYJP','024817','2017-09-05',206,34,NULL,NULL),(5152,'1','NA8EWYHS','024816','2017-09-05',206,34,NULL,NULL),(5153,'1','NA8EWYK4','024815','2017-09-05',206,34,NULL,NULL),(5154,'1','E3AAJJH6B0024B','024830','2017-09-05',204,34,NULL,NULL),(5155,'1','E3A9JJHGB01D91','024831','2017-09-05',204,34,NULL,NULL),(5156,'1','95BATDA0T18B','025711','2017-09-05',207,34,NULL,NULL),(5157,'1','NA472471','014899','2017-09-05',205,34,NULL,NULL),(5158,'1','36QFT5H8TPGC','024821','2017-09-05',207,34,NULL,NULL),(5159,'1','NA8EXX08','024652','2017-09-05',205,34,NULL,NULL),(5160,'1','NA8C3QV9','024645','2017-09-05',205,34,NULL,NULL),(5161,'1','NA8FK8V8','024692','2017-09-05',206,34,NULL,NULL),(5162,'1','NA8FD2RV','024659','2017-09-05',206,34,NULL,NULL),(5163,'1','NA8HTWJF','024829','2017-09-05',205,34,NULL,NULL),(5164,'1','NA8EJJKF','024818','2017-09-05',206,34,NULL,NULL),(5165,'1','NA8EWYKX','024819','2017-09-05',206,34,NULL,NULL),(5166,'1','360FT5HLTPGC','024823','2017-09-05',206,34,NULL,NULL),(5167,'1','85B2T8BOTZM5','024824','2017-09-05',205,34,NULL,NULL),(5168,'1','65D7TDGNTTT1','024679','2017-09-05',205,34,NULL,NULL),(5169,'1','E3AAJJHGB00249','024825','2017-09-05',204,34,NULL,NULL),(5170,'1','NA7ESN7A','024826','2017-09-05',204,34,NULL,NULL),(5171,'1','46DATQKUTPGC','NOINFO-0001','2017-09-05',207,34,NULL,NULL),(5172,'1','NA8F4L8C','NOINFO-0002','2017-09-05',206,34,NULL,NULL),(5173,'1','NA8EWYFJ','024651','2017-09-05',206,34,NULL,NULL),(5174,'1','NA8FGXXZ','029821','2017-09-05',206,34,NULL,NULL),(5175,'1','E3A9JJHG81013CE','024680','2017-09-05',204,34,NULL,NULL),(5176,'1','412224','008499','2017-09-05',208,34,NULL,NULL),(5177,'1','Y6ECT57CTG3E','NOINFO-0003','2017-09-05',207,34,NULL,NULL),(5178,'1','MJVDCT4','000145','2017-09-06',7,1,NULL,NULL),(5179,'1','NOVIS-0095','NOVIS-0095','2017-09-06',197,20,NULL,NULL),(5180,'1','NOVIS-0060','NOVIS-0060','2017-09-06',197,20,NULL,NULL),(5181,'1','NOVIS-0061','NOVIS-0061','2017-09-06',197,20,NULL,NULL),(5182,'1','NOVIS-0062','NOVIS-0062','2017-09-06',197,20,NULL,NULL),(5183,'1','NOVIS-0063','NOVIS-0063','2017-09-06',197,20,NULL,NULL),(5184,'1','NOVIS-0064','NOVIS-0064','2017-09-06',197,20,NULL,NULL),(5185,'1','NOVIS-0065','NOVIS-0065','2017-09-06',197,20,NULL,NULL),(5186,'1','NOVIS-0066','NOVIS-0066','2017-09-06',197,20,NULL,NULL),(5187,'1','NOVIS-0067','NOVIS-0067','2017-09-06',197,20,NULL,NULL),(5188,'1','NOVIS-0068','NOVIS-0068','2017-09-06',197,20,NULL,NULL),(5189,'1','NOVIS-0069','NOVIS-0069','2017-09-06',197,20,NULL,NULL),(5190,'1','NOVIS-0070','NOVIS-0070','2017-09-06',209,20,NULL,NULL),(5191,'1','NOVIS-0071','NOVIS-0071','2017-09-06',197,20,NULL,NULL),(5192,'1','NOVIS-0072','NOVIS-0072','2017-09-06',197,20,NULL,NULL),(5193,'1','NOVIS-0073','NOVIS-0073','2017-09-06',197,20,NULL,NULL),(5194,'1','NOVIS-0074','NOVIS-0074','2017-09-06',197,20,NULL,NULL),(5195,'1','NOVIS-0075','NOVIS-0075','2017-09-06',197,20,NULL,NULL),(5196,'1','NOVIS-0076','NOVIS-0076','2017-09-06',197,20,NULL,NULL),(5197,'1','NOVIS-0077','NOVIS-0077','2017-09-06',197,20,NULL,NULL),(5198,'1','NOVIS-0078','NOVIS-0078','2017-09-06',197,20,NULL,NULL),(5199,'1','NOVIS-0079','NOVIS-0079','2017-09-06',197,20,NULL,NULL),(5200,'1','NOVIS-0080','NOVIS-0080','2017-09-06',197,20,NULL,NULL),(5201,'1','NOVIS-0081','NOVIS-0081','2017-09-06',197,20,NULL,NULL),(5202,'1','NOVIS-0082','NOVIS-0082','2017-09-06',209,20,NULL,NULL),(5203,'1','NOVIS-0083','NOVIS-0083','2017-09-06',196,20,NULL,NULL),(5204,'1','NOVIS-0084','NOVIS-0084','2017-09-06',196,20,NULL,NULL),(5205,'1','NOVIS-0085','NOVIS-0085','2017-09-06',196,20,NULL,NULL),(5206,'1','NOVIS-0086','NOVIS-0086','2017-09-06',196,20,NULL,NULL),(5207,'1','NOVIS-0087','NOVIS-0087','2017-09-06',196,20,NULL,NULL),(5208,'1','NOVIS-0088','NOVIS-0088','2017-09-06',197,20,NULL,NULL),(5209,'1','NOVIS-0089','NOVIS-0089','2017-09-06',197,20,NULL,NULL),(5210,'1','NOVIS-0090','NOVIS-0090','2017-09-06',197,20,NULL,NULL),(5211,'1','NOVIS-0091','NOVIS-0091','2017-09-06',209,20,NULL,NULL),(5212,'1','NOVIS-0092','NOVIS-0092','2017-09-06',209,20,NULL,NULL),(5213,'1','NOVIS-0093','NOVIS-0093','2017-09-06',197,20,NULL,NULL),(5214,'1','NOVIS-0094','NOVIS-0094','2017-09-06',209,20,NULL,NULL),(5215,'1','MJEDTZW','018431','2017-09-06',9,1,NULL,NULL),(5218,'1','NOVIS-0099','029857','2017-09-07',210,10,NULL,NULL),(5219,'1','NOVIS-0098','029858','2017-09-07',210,10,NULL,NULL),(5220,'1','V1PR666','010052','2017-09-12',16,2,NULL,NULL);
/*!40000 ALTER TABLE `articulos` ENABLE KEYS */;
UNLOCK TABLES;

--
-- Table structure for table `bodegas`
--

DROP TABLE IF EXISTS `bodegas`;
/*!40101 SET @saved_cs_client     = @@character_set_client */;
/*!40101 SET character_set_client = utf8 */;
CREATE TABLE `bodegas` (
  `id_bodega` int(11) NOT NULL AUTO_INCREMENT,
  `nombre_bodega` varchar(45) DEFAULT NULL,
  `fk_sede` int(11) NOT NULL,
  PRIMARY KEY (`id_bodega`),
  KEY `id_sede_idx` (`fk_sede`),
  CONSTRAINT `fk_sede_bod` FOREIGN KEY (`fk_sede`) REFERENCES `sedes` (`id_sede`) ON DELETE NO ACTION ON UPDATE NO ACTION
) ENGINE=InnoDB AUTO_INCREMENT=42 DEFAULT CHARSET=utf8;
/*!40101 SET character_set_client = @saved_cs_client */;

--
-- Dumping data for table `bodegas`
--

LOCK TABLES `bodegas` WRITE;
/*!40000 ALTER TABLE `bodegas` DISABLE KEYS */;
INSERT INTO `bodegas` VALUES (1,'BODEGA 1 - PRINCIPAL',1),(2,'BODEGA 2 - PRINCIPAL',1),(3,'BODEGA 3 - PRINCIPAL',1),(4,'BODEGA 4 - PRINCIPAL',1),(5,'ADMINISTRATIVA',1),(6,'LABORAL',1),(7,'BODEGA 1 - ENCERRAMIENTO',1),(8,'BODEGA 3 - CLIENTES BCS',1),(9,'BODEGA 4 - ENCERRAMIENTO',1),(10,'SALA DE FORMACION 1',1),(11,'SALA DE FORMACION 2',1),(12,'SALA DE FORMACION 3',1),(13,'SALA DE FORMACION 4',1),(14,'SALA DE FORMACION 5',1),(15,'SALA DE JUNTAS',1),(16,'KIOSKO',1),(17,'BODEGA TECNOLOGIA',1),(18,'DATACENTER',1),(19,'CENTRO CABLEADO BODEGA 1',1),(20,'CENTRO CABLEADO BODEGA 2',1),(21,'CENTRO CABLEADO BODEGA 3',1),(22,'PISO 2',9),(23,'PISO 3',9),(24,'PISO 4',9),(25,'PISO 5',9),(26,'PISO 6',9),(27,'PISO 7',9),(28,'CUARTO CABLEADO PISO 3',9),(29,'CUARTO CABLEADO PISO 5',9),(30,'CUARTO CABLEADO PISO 7',9),(31,'SOTANO',9),(32,'SALA DE FORMACION 1 ',9),(33,'SALA DE FORMACION 2',9),(34,'SALA DE FORMACION 3',9),(35,'LABORAL',9),(36,'TECNOLOGIA',9),(37,'DATA CENTER TECNOLOGIA',9),(38,'DATA CENTER INFRAESTRUCTURA',9),(39,'ACTIVOS DE BAJA',1),(40,'EXTERIORES',1),(41,'LOCKERS',1);
/*!40000 ALTER TABLE `bodegas` ENABLE KEYS */;
UNLOCK TABLES;

--
-- Table structure for table `campaign`
--

DROP TABLE IF EXISTS `campaign`;
/*!40101 SET @saved_cs_client     = @@character_set_client */;
/*!40101 SET character_set_client = utf8 */;
CREATE TABLE `campaign` (
  `id_campaign` int(11) NOT NULL AUTO_INCREMENT,
  `CECO` int(11) DEFAULT NULL,
  `nombre_campaign` varchar(45) NOT NULL,
  `cliente_campaign` varchar(45) NOT NULL,
  PRIMARY KEY (`id_campaign`)
) ENGINE=InnoDB AUTO_INCREMENT=29 DEFAULT CHARSET=utf8;
/*!40101 SET character_set_client = @saved_cs_client */;

--
-- Dumping data for table `campaign`
--

LOCK TABLES `campaign` WRITE;
/*!40000 ALTER TABLE `campaign` DISABLE KEYS */;
INSERT INTO `campaign` VALUES (1,NULL,'COLMENA SEGUROS','FUNDACION SOCIAL'),(2,NULL,'TELEVENTAS ARL','FUNDACION SOCIAL'),(3,NULL,'BANCO CAJA SOCIAL','FUNDACION SOCIAL'),(4,NULL,'COBRANZAS BCS','FUNDACION SOCIAL'),(5,NULL,'RETENCION BCS','FUNDACION SOCIAL'),(6,NULL,'MOVISTAR FIJA','MOVISTAR COLOMBIA'),(7,NULL,'MOVISTAR MOVIL','MOVISTAR COLOMBIA'),(8,NULL,'ACTIVOS DE BAJA','DIGITEX INTERNACIONAL'),(9,NULL,'HELPDESK','DIGITEX INTERNACIONAL'),(10,NULL,'SELECCION','DIGITEX INTERNACIONAL'),(11,NULL,'LABORAL','DIGITEX INTERNACIONAL'),(12,NULL,'SERVICIOS GENERALES','DIGITEX INTERNACIONAL'),(13,NULL,'FORMACION','DIGITEX INTERNACIONAL'),(14,NULL,'DEVOLUCION','DEVOLUCION'),(15,NULL,'DESARROLLO','DIGITEX INTERNACIONAL'),(16,NULL,'SALUD OCUPACIONAL','DIGITEX INTERNACIONAL'),(17,NULL,'CALIDAD','DIGITEX INTERNACIONAL'),(18,NULL,'RECOBRO COLMENA','FUNDACION SOCIAL'),(19,NULL,'SISTEMAS','DIGITEX INTERNACIONAL'),(20,11019,'TMC #728 #728','MOVISTAR'),(21,11020,'TMC *611 UNF','MOVISTAR'),(22,11022,'TMC *611 HOLDING','MOVISTAR'),(23,11023,'TMC *611 N 444','MOVISTAR'),(24,86091,'TELEFONICA TELECOM SOPORTE TECNICO','MOVISTAR'),(25,86581,'MCO CO BO TELEFONICA IN','MOVISTAR'),(26,86678,'SPEECH ANALYTICS TELEFONICA','MOVISTAR'),(27,NULL,'TECNOLOGIA','DIGITEX INTERNACIONAL'),(28,NULL,'INFRAESTRUCTURA','DIGITEX INTERNACIONAL');
/*!40000 ALTER TABLE `campaign` ENABLE KEYS */;
UNLOCK TABLES;

--
-- Table structure for table `estados`
--

DROP TABLE IF EXISTS `estados`;
/*!40101 SET @saved_cs_client     = @@character_set_client */;
/*!40101 SET character_set_client = utf8 */;
CREATE TABLE `estados` (
  `id_estados` int(11) NOT NULL AUTO_INCREMENT,
  `nombre_estado` varchar(45) DEFAULT NULL,
  PRIMARY KEY (`id_estados`)
) ENGINE=InnoDB AUTO_INCREMENT=4 DEFAULT CHARSET=utf8;
/*!40101 SET character_set_client = @saved_cs_client */;

--
-- Dumping data for table `estados`
--

LOCK TABLES `estados` WRITE;
/*!40000 ALTER TABLE `estados` DISABLE KEYS */;
INSERT INTO `estados` VALUES (1,'ACTIVO'),(2,'DEVUELTO'),(3,'DE BAJA');
/*!40000 ALTER TABLE `estados` ENABLE KEYS */;
UNLOCK TABLES;

--
-- Table structure for table `fabricante`
--

DROP TABLE IF EXISTS `fabricante`;
/*!40101 SET @saved_cs_client     = @@character_set_client */;
/*!40101 SET character_set_client = utf8 */;
CREATE TABLE `fabricante` (
  `id_fabricante` int(11) NOT NULL AUTO_INCREMENT,
  `nombre_fabricante` varchar(45) NOT NULL,
  PRIMARY KEY (`id_fabricante`),
  UNIQUE KEY `nombre_fabricante_UNIQUE` (`nombre_fabricante`)
) ENGINE=InnoDB AUTO_INCREMENT=68 DEFAULT CHARSET=utf8;
/*!40101 SET character_set_client = @saved_cs_client */;

--
-- Dumping data for table `fabricante`
--

LOCK TABLES `fabricante` WRITE;
/*!40000 ALTER TABLE `fabricante` DISABLE KEYS */;
INSERT INTO `fabricante` VALUES (32,'3COM'),(18,'AEROHIVE'),(46,'AETHRA'),(40,'ALCATEL'),(66,'AOC'),(10,'APC'),(65,'ARMSTRONG'),(4,'AVAYA'),(59,'BEARWARD'),(42,'BOLIDE'),(54,'CANON'),(20,'CHALLENGER'),(5,'CISCO'),(17,'CONFORTFRESH'),(33,'CTC'),(60,'CUMMINS'),(44,'D-LINK'),(19,'DATACARD'),(3,'DELL'),(56,'EPSON'),(37,'EUROTECH'),(12,'FACELCO'),(36,'FORTINET'),(41,'GENERICA'),(2,'HEWLETT PACKARD'),(25,'HIKVISION'),(26,'HOCHIKI'),(7,'HUAWEI'),(35,'HYPERMEDIA'),(21,'HYUNDAY'),(43,'IOMEGA'),(31,'JANUS'),(58,'JOHNSON'),(1,'LENOVO'),(45,'LG'),(62,'MAGNETRON'),(48,'MASTER LIGHTS'),(49,'MG ELECTRONICS'),(47,'MOTOROLA'),(8,'NERA'),(23,'PANASONIC'),(38,'RADIO NERA'),(64,'RADVISION'),(34,'RAISECOM'),(29,'RBH'),(28,'REBRA LTDA'),(53,'REVISAR'),(55,'RICOH'),(39,'SAF'),(6,'SAMSUNG'),(50,'SEAGATE'),(57,'SIEMENS'),(11,'SIEMON'),(27,'SIMPLEX'),(22,'SONY'),(61,'STEWART & STEVENSON'),(9,'SUBESTACIONES SM&A'),(67,'SYMPLY'),(14,'TECAM'),(51,'TOSHIBA'),(30,'TP-LINK'),(13,'TRANE'),(52,'TRASCEND'),(16,'UL'),(63,'WTECH'),(24,'XTS'),(15,'YORK');
/*!40000 ALTER TABLE `fabricante` ENABLE KEYS */;
UNLOCK TABLES;

--
-- Table structure for table `items`
--

DROP TABLE IF EXISTS `items`;
/*!40101 SET @saved_cs_client     = @@character_set_client */;
/*!40101 SET character_set_client = utf8 */;
CREATE TABLE `items` (
  `id_item` int(11) NOT NULL AUTO_INCREMENT,
  `nombre_item` varchar(45) NOT NULL,
  `modelo_item` varchar(45) NOT NULL,
  `modelo_item_2` varchar(45) DEFAULT NULL,
  `fk_fabricante` int(11) NOT NULL,
  `activo` int(11) NOT NULL DEFAULT '1',
  `tipo` int(11) DEFAULT NULL,
  `caracteristica_1` varchar(45) DEFAULT NULL,
  `caracteristica_2` varchar(45) DEFAULT NULL,
  `caracteristica_3` varchar(45) DEFAULT NULL,
  PRIMARY KEY (`id_item`),
  UNIQUE KEY `modelo_item_UNIQUE` (`modelo_item`),
  KEY `id_fabricante_idx` (`fk_fabricante`),
  CONSTRAINT `fk_fabricante_item` FOREIGN KEY (`fk_fabricante`) REFERENCES `fabricante` (`id_fabricante`) ON DELETE NO ACTION ON UPDATE NO ACTION
) ENGINE=InnoDB AUTO_INCREMENT=292 DEFAULT CHARSET=utf8;
/*!40101 SET character_set_client = @saved_cs_client */;

--
-- Dumping data for table `items`
--

LOCK TABLES `items` WRITE;
/*!40000 ALTER TABLE `items` DISABLE KEYS */;
INSERT INTO `items` VALUES (1,'CPU','A1H400',NULL,1,1,1,NULL,NULL,NULL),(2,'CPU','C5S',NULL,1,1,1,NULL,NULL,NULL),(3,'CPU','D3S',NULL,1,1,1,NULL,NULL,NULL),(4,'CPU','D9S',NULL,1,1,1,NULL,NULL,NULL),(5,'CPU','E1S',NULL,1,1,1,NULL,NULL,NULL),(6,'CPU','F3S',NULL,1,1,1,NULL,NULL,NULL),(7,'CPU','FB9',NULL,1,1,1,NULL,NULL,NULL),(8,'CPU','B3S',NULL,1,1,1,NULL,NULL,NULL),(9,'CPU','PR7','M71e',1,1,1,'Intel Core i3 - 2400  3.10 Ghz','500GB','4GB'),(10,'CPU','6000 PRO','6000 PRO SFF',2,1,1,NULL,NULL,NULL),(12,'CPU','003TLS',NULL,1,1,1,NULL,NULL,NULL),(13,'HARDPHONE','1616-I','1616D01A',4,1,3,NULL,NULL,NULL),(14,'HARDPHONE','4621SW','4621D01A',4,1,3,NULL,NULL,NULL),(15,'MONITOR','1431-HEI',NULL,1,1,2,NULL,NULL,NULL),(16,'MONITOR','2580-AB1','D186WA',1,1,2,NULL,NULL,NULL),(17,'MONITOR','4434-HE1','L197WA',1,1,2,NULL,NULL,NULL),(18,'MONITOR','4750-HB2',NULL,1,1,2,NULL,NULL,NULL),(19,'MONITOR','5047-HB2','ThinkVision L1711p',1,1,2,NULL,NULL,NULL),(20,'MONITOR','60B8-AAR6','E1922 Wide',1,1,2,NULL,NULL,NULL),(22,'MONITOR','L1710',NULL,2,1,2,NULL,NULL,NULL),(23,'MONITOR','S1933',NULL,2,1,2,NULL,NULL,NULL),(24,'MONITOR','V185ES',NULL,2,1,2,NULL,NULL,NULL),(25,'IMPRESORA','HP',NULL,2,1,4,NULL,NULL,NULL),(26,'LAPTOP','Thinkpad L450',NULL,1,1,5,NULL,NULL,NULL),(27,'HARDPHONE','1692-IP',NULL,4,1,3,NULL,NULL,NULL),(28,'MONITOR','E178FPb',NULL,3,1,2,NULL,NULL,NULL),(29,'CPU','OPTIPLEX 9020 SFF',NULL,3,1,1,'Core i7 4770 3.40 Ghz','500 GB','4 GB'),(30,'MONITOR','P2214Hb',NULL,3,1,2,NULL,NULL,NULL),(31,'LAPTOP','Lattitude E7440',NULL,3,1,5,NULL,NULL,NULL),(32,'LAPTOP','B40-80 80F6',NULL,1,1,5,NULL,NULL,NULL),(33,'LAPTOP','X240',NULL,1,1,5,NULL,NULL,NULL),(34,'CPU','E7U',NULL,1,1,1,NULL,NULL,NULL),(35,'HARDPHONE','1608-I','1608D02A',4,1,3,NULL,NULL,NULL),(36,'LAPTOP','X250','20CLA0FW00',1,1,5,NULL,NULL,NULL),(37,'CPU','6005 PRO','6005 PRO SFF',2,1,1,'','',''),(38,'CPU','6200 PRO','6200 PRO SFF',2,1,1,'','',''),(39,'CPU','DC 5800','5800 DC SFF',2,1,1,'','',''),(40,'CPU','OPTIPLEX 390','OPTIPLEX 390',3,1,1,'Intel Core i3-2100 3.3 Ghz','500GB','6 GB'),(41,'CPU','OPTIPLEX 3020 v1','OPTIPLEX 3020',3,1,1,'Intel Core i5- 4590  3.3 Ghz','500GB','4 GB'),(42,'MONITOR','L1908W','',2,1,2,'','',''),(43,'MONITOR','E170SC','',3,1,2,'','',''),(44,'MONITOR','1916H','',3,1,2,'','',''),(45,'HARDPHONE','1603-I','',4,1,3,'','',''),(46,'HARDPHONE','4610SWIP ','',4,1,3,'','',''),(47,'HARDPHONE','9611G','',4,1,3,'','',''),(48,'SCANNER','G3110','G3110',2,1,16,'','',''),(49,'SERVIDOR','X3650M3','7945-AC1',4,1,8,'','',''),(50,'SERVIDOR','DL360G5','',2,1,8,'','',''),(51,'SERVIDOR','DL380G5','',2,1,8,'','',''),(52,'SERVIDOR','DL380G6','',2,1,8,'','',''),(53,'SERVIDOR','DL380G7','',2,1,8,'','',''),(54,'SWITCH','ASA5520','',5,1,7,'','',''),(55,'SWITCH','CATALYST 2960-S','',5,1,7,'','',''),(56,'SWITCH','CATALYST 3540','',5,1,7,'','',''),(57,'SWITCH','CATALYST 3560G','',5,1,7,'','',''),(58,'SWITCH','CATALYST 4507R','',5,1,7,'','',''),(59,'SWITCH','CISCO 1841','',5,1,7,'','',''),(60,'SWITCH','CISCO 2800 SERIES','',5,1,7,'','',''),(62,'SWITCH','CISCO 2841','',5,1,7,'','',''),(63,'SWITCH','CISCO 2951','',5,1,7,'','',''),(64,'SWITCH','CISCO 2901','',5,1,7,'','',''),(65,'SWITCH','CISCO 2921','',5,1,7,'','',''),(66,'SWITCH','CISCO 2801','',5,1,7,'','',''),(67,'SWITCH','OPTIX 155/622H','',7,1,7,'','',''),(68,'SWITCH','OPTIX METRO500','',7,1,7,'','',''),(69,'SWITCH','QUIDWAY S3900','',7,1,7,'','',''),(70,'SWITCH','ULTRIUM 920','',2,1,7,'','',''),(71,'SWITCH','VTR4523','',8,1,7,'','',''),(72,'MODULO DE BATERIAS UPS','SYBTU1-PLP','',10,1,11,'','',''),(73,'UPS SYMMETRA PX','SYCF40KF','',10,1,14,'','',''),(74,'FUENTE DE PODER UPS','SYCF8BF','',10,1,13,'','',''),(75,'MODULO DE INTELIGENCIA','SYMIM4','',10,1,15,'','',''),(76,'MODULO DE PODER','SYPM10KF','',10,1,12,'','',''),(77,'MODULO DE PODER','SYPM10KF2','',10,1,12,'','',''),(78,'CONDENSADORA','2TTB0048A100CA','',13,1,42,'','',''),(79,'AIRE ACONDICIONADO','4FSM 220','',14,1,10,'','',''),(80,'CONDENSADORA','4FSM220026','',14,1,42,'','',''),(81,'CONDENSADORA','75J431AK','',13,1,42,'','',''),(82,'AIRE ACONDICIONADO','AC060X1024A','',15,1,10,'','',''),(83,'AIRE ACONDICIONADO','AFC-51W','',14,1,10,'','',''),(84,'AIRE ACONDICIONADO','EBP6000E','',16,1,10,'','',''),(85,'AIRE ACONDICIONADO','FXRP048H06A','',16,1,10,'','',''),(86,'AIRE ACONDICIONADO','FXRP060H06A','',16,1,10,'','',''),(87,'CONDENSADORA','HFCF10','',13,1,42,'','',''),(88,'CONDENSADORA','HFCF12','',13,1,42,'','',''),(89,'AIRE ACONDICIONADO','KFR-702','',17,1,10,'','',''),(90,'AIRE ACONDICIONADO','KFR-7020GW','',17,1,10,'','',''),(91,'AIRE ACONDICIONADO','MED0602V','',17,1,10,'','',''),(92,'AIRE ACONDICIONADO','N2AE60AKA100','',17,1,10,'','',''),(93,'AIRE ACONDICIONADO','YAU-36CR','',15,1,10,'','',''),(94,'AIRE ACONDICIONADO','YAU-36CW','',15,1,10,'','',''),(95,'AIRE ACONDICIONADO','YJDA18FS-ADA','',15,1,10,'','',''),(96,'AIRE ACONDICIONADO','ZH3RE060S06B','',15,1,10,'','',''),(97,'ACCESS POINT','HIVEAP121','',18,1,6,'','',''),(98,'IMPRESORA','LASER JET M4345','M4345',2,1,4,'','',''),(99,'REVISAR','REVISAR',NULL,1,1,9,NULL,NULL,NULL),(100,'IMPRESORA','LASERJET PRO 401N','',2,1,4,'','',''),(101,'IMPRESORA','M3035XSMFP','',2,1,4,'','',''),(102,'MAQUINA DE CARNETS','PX20','',19,1,17,'','',''),(103,'TELEVISOR','32M1T2','',20,1,9,'','',''),(104,'TELEVISOR','HYLED28D','',21,1,9,'','',''),(105,'TELEVISOR','HYLED3230D','',21,1,9,'','',''),(106,'TELEVISOR','HYLED323E','',21,1,9,'','',''),(107,'TELEVISOR','KDL-40S10','',22,1,9,'','',''),(108,'TELEVISOR','LD40B28','',20,1,9,'','',''),(109,'TELEVISOR','PL51E460A1M','',6,1,9,'','',''),(110,'TELEVISOR','TC-P42X3','',23,1,9,'','',''),(111,'TELEVISOR','UN40J5300AKXZL','',6,1,9,'','',''),(112,'IMPRESORA','LASERJET PRO MFP M127FN','M127FN',2,1,4,'','',''),(113,'ROUTER','CISCO 2800',NULL,5,1,18,NULL,NULL,NULL),(114,'ROUTER','CISCO 3845 MB',NULL,5,1,18,NULL,NULL,NULL),(116,'CAMARA DE SEGURIDAD','SHR-4160',NULL,6,1,20,NULL,NULL,NULL),(117,'DVR','XTS',NULL,24,1,21,NULL,NULL,NULL),(118,'MONITOR','E179SC',NULL,3,1,2,NULL,NULL,NULL),(119,'ORGANIZADOR BATERIA UPS','0G-PDRPPNX10-M',NULL,10,1,23,NULL,NULL,NULL),(120,'MONITOR','740ND',NULL,6,1,2,NULL,NULL,NULL),(121,'MONITOR','L1706',NULL,2,1,2,NULL,NULL,NULL),(122,'IMPRESORA','LASERJET M1212NF',NULL,2,1,4,NULL,NULL,NULL),(123,'IMPRESORA','LASERJET PRO M201DW',NULL,2,1,4,NULL,NULL,NULL),(124,'IMPRESORA','LASERJET PRO MFP M426FDW',NULL,2,1,4,NULL,NULL,NULL),(125,'DVR','DS-7116H',NULL,25,1,21,NULL,NULL,NULL),(126,'PANEL DETECCION INTELIGENTE','FNP-1127US20R-120','FIRENETPLUS',26,1,22,NULL,NULL,NULL),(127,'PANEL DETECCION INTELIGENTE','4010',NULL,27,1,22,NULL,NULL,NULL),(128,'IMPRESORA','GENERICA',NULL,2,1,4,NULL,NULL,NULL),(129,'IMPRESORA','LASERJET P1606DN',NULL,2,1,4,NULL,NULL,NULL),(130,'IMPRESORA','LASERJET 1536DNF MFP',NULL,2,1,4,NULL,NULL,NULL),(131,'LAPTOP','VOSTRO 1540',NULL,3,1,5,NULL,NULL,NULL),(132,'STATIC SWITCH','SYSW40KF',NULL,10,1,24,NULL,NULL,NULL),(133,'PDU 40KW','PSX-PDU120V',NULL,10,1,25,NULL,NULL,NULL),(134,'UPS SYMMETRA PX','SYF80KF',NULL,10,1,14,NULL,NULL,NULL),(135,'UPS SYMMETRA PX - EXRUN','SYCFXR8',NULL,10,1,14,NULL,NULL,NULL),(136,'SWITCH','CATALYST 3560 POE-48',NULL,5,1,7,NULL,NULL,NULL),(137,'SWITCH','CISCO 3750',NULL,5,1,7,NULL,NULL,NULL),(138,'SWITCH','CUCM 7800',NULL,5,1,7,NULL,NULL,NULL),(139,'ROUTER','CISCO 1800 SERIES',NULL,5,1,18,NULL,NULL,NULL),(140,'ROUTER','CISCO 3800 SERIES',NULL,5,1,18,NULL,NULL,NULL),(141,'SWITCH','ASA 5400',NULL,5,1,7,NULL,NULL,NULL),(142,'SWITCH','4550 T PWR+',NULL,4,1,7,NULL,NULL,NULL),(143,'RACK','RACK GABINETE',NULL,10,1,26,NULL,NULL,NULL),(144,'RACK','RACK ABIERTO',NULL,11,1,26,NULL,NULL,NULL),(145,'TABLERO DE DISTRIBUCION','MODULO DISTRIBUCION SM&A',NULL,9,1,27,NULL,NULL,NULL),(146,'ORGANIZADOR BATERIA UPS','AR2800X101',NULL,10,1,23,NULL,NULL,NULL),(147,'RACK','PDU',NULL,10,1,26,NULL,NULL,NULL),(148,'TABLERO DE DISTRIBUCION','MODULO DISTRIBUCION FACELCO',NULL,12,1,27,NULL,NULL,NULL),(149,'TABLERO REGULADO','TABLERO REGULADO',NULL,28,1,27,NULL,NULL,NULL),(150,'CONTROLADORA ACCESO','IRC 2000',NULL,29,1,28,NULL,NULL,NULL),(151,'SWITCH','TL-SF1008D  8-PORT',NULL,30,1,7,NULL,NULL,NULL),(152,'MONITOR','1913LE',NULL,31,1,2,NULL,NULL,NULL),(153,'ROUTER','4300',NULL,5,1,18,NULL,NULL,NULL),(154,'ROUTER','ISR-4431',NULL,5,1,18,NULL,NULL,NULL),(155,'FUENTE DE PODER CORE','FUENTE DE PODER CORE',NULL,5,1,29,NULL,NULL,NULL),(156,'SWITCH','CHASIS CATALYST 4500',NULL,5,1,7,NULL,NULL,NULL),(157,'SWITCH','WS-4548 GB-RJ45',NULL,5,1,7,NULL,NULL,NULL),(158,'SWITCH','WX-X4624 - SFP-E',NULL,5,1,7,NULL,NULL,NULL),(159,'SWITCH','WS-X45 - SUP6E',NULL,5,1,7,NULL,NULL,NULL),(160,'SERVIDOR','DL180G6',NULL,2,1,8,NULL,NULL,NULL),(161,'SWITCH','4226T',NULL,32,1,7,NULL,NULL,NULL),(162,'CONVERTIDOR DE FIBRA','CONVERTIDOR DE FIBRA - CTC',NULL,33,1,30,NULL,NULL,NULL),(163,'CONVERTIDOR DE FIBRA','CONVERTIDOR DE FIBRA - RAISECOM',NULL,34,1,30,NULL,NULL,NULL),(164,'GSM','HG4000',NULL,35,1,31,NULL,NULL,NULL),(165,'SERVIDOR','POWER EDGE R 430',NULL,3,1,8,NULL,NULL,NULL),(166,'AES','AVAYA - AES',NULL,4,1,32,NULL,NULL,NULL),(167,'FIREWALL','FORTIGATE 621 B',NULL,36,1,19,NULL,NULL,NULL),(168,'GSM','EUROTECH',NULL,37,1,31,NULL,NULL,NULL),(169,'RADIO ENLACE','RADIO ENLACE - NERA',NULL,38,1,33,NULL,NULL,NULL),(170,'RADIO ENLACE','RADIO ENLACE - SAF',NULL,39,1,33,NULL,NULL,NULL),(171,'FIREWALL','VPN FIREWALL BRICK 150',NULL,40,1,19,NULL,NULL,NULL),(172,'DVR','DVR 8 CANALES',NULL,41,1,21,NULL,NULL,NULL),(173,'DVR','SHR-5072',NULL,6,1,21,NULL,NULL,NULL),(174,'DVR','DVR 16 CANALES',NULL,42,1,21,NULL,NULL,NULL),(175,'DISCO DURO EXTERNO','LDHD-UP',NULL,43,1,34,NULL,NULL,NULL),(176,'RADIO ENLACE','OPTIX METRO 100',NULL,7,1,33,NULL,NULL,NULL),(177,'RADIO ENLACE','METRO 500',NULL,7,1,33,NULL,NULL,NULL),(178,'RADIO ENLACE','FUENTE METRO 100',NULL,7,1,33,NULL,NULL,NULL),(179,'ROUTER','QUIDWAI AR 29-41',NULL,7,1,18,NULL,NULL,NULL),(180,'CAMARA DE SEGURIDAD','DCS 5222L',NULL,44,1,20,NULL,NULL,NULL),(181,'TELEVISOR','SAMSUNG - LCD',NULL,6,1,9,NULL,NULL,NULL),(182,'TELEVISOR','BRAVIA LCD KDL-52',NULL,22,1,9,NULL,NULL,NULL),(183,'TELEVISOR','PANASONIC - LCD',NULL,23,1,9,NULL,NULL,NULL),(184,'TELEVISOR','LG - LCD',NULL,45,1,9,NULL,NULL,NULL),(185,'AIRE ACONDICIONADO','ART-COOL  LRNU24GS3R0',NULL,45,1,10,NULL,NULL,NULL),(186,'AIRE ACONDICIONADO','MINISPLIT LNRU24GS5A0',NULL,45,1,10,NULL,NULL,NULL),(187,'AIRE ACONDICIONADO','MINISPLIT YSEA24FS-ADA',NULL,15,1,10,NULL,NULL,NULL),(188,'AIRE ACONDICIONADO','MINISPLIT 2MCW052461000AA',NULL,13,1,10,NULL,NULL,NULL),(189,'AIRE ACONDICIONADO','COOLING SYSTEM',NULL,10,1,10,NULL,NULL,NULL),(190,'DOCKING STATION','Lattitude 10 Docking Station',NULL,3,1,35,NULL,NULL,NULL),(191,'LAPTOP','Lattitude 10 - ST2',NULL,3,1,5,NULL,NULL,NULL),(192,'VIDEOCONFERENCIA','VEGA X3',NULL,46,1,36,NULL,NULL,NULL),(193,'ACCESS POINT','HIVEAP110',NULL,18,1,6,NULL,NULL,NULL),(194,'SCANNER','LS1203','SYMBOL LS1203',47,1,16,NULL,NULL,NULL),(195,'LUCES DE EMERGENCIA','EL-12',NULL,48,1,37,NULL,NULL,NULL),(196,'CAMARA DE SEGURIDAD','TIPO DOMO',NULL,6,1,20,NULL,NULL,NULL),(197,'CAMARA DE SEGURIDAD','SCC-B2391',NULL,6,1,20,NULL,NULL,NULL),(198,'TABLERO REGULADO','TABLERO REGULADO - MG ELEC',NULL,49,1,27,NULL,NULL,NULL),(199,'TABLERO REGULADO','TABLERO REGULADO - DFP',NULL,49,1,27,NULL,NULL,NULL),(200,'PANEL DETECCION INTELIGENTE','ESTACION MANUAL DIRECCIONABLE',NULL,27,1,22,NULL,NULL,NULL),(201,'PANEL DETECCION INTELIGENTE','ESTACION DE ABORTO',NULL,27,1,22,NULL,NULL,NULL),(202,'PANEL DETECCION INTELIGENTE','SIRENA CON LUZ ESTROBOSCOPICA',NULL,27,1,22,NULL,NULL,NULL),(203,'PANEL DETECCION INTELIGENTE','MODULO DE RELEVOS',NULL,27,1,22,NULL,NULL,NULL),(204,'DISCO DURO EXTERNO','HX-DS01DB/6',NULL,6,1,34,NULL,NULL,NULL),(205,'DISCO DURO EXTERNO','SRN0NF1',NULL,50,1,34,NULL,NULL,NULL),(206,'DISCO DURO EXTERNO','SRN0NF2',NULL,50,1,34,NULL,NULL,NULL),(207,'DISCO DURO EXTERNO','DTB320',NULL,51,1,34,NULL,NULL,NULL),(208,'DISCO DURO EXTERNO','STOREJET3636',NULL,52,1,34,NULL,NULL,NULL),(209,'CAMARA DE SEGURIDAD','GENERICA - CAMARA SEG.',NULL,41,1,20,NULL,NULL,NULL),(210,'AIRE ACONDICIONADO','Fancoil Piso techo ',NULL,17,1,10,NULL,NULL,NULL),(211,'HARDPHONE','4601-IP','4601-IP',4,1,3,'-','-','-'),(212,'ACCESS POINT','HIVEAP120','HIVEAP120',18,1,6,'-','-','-'),(213,'ACCESS POINT','AP230','AP230',18,1,6,'-','-','-'),(214,'FUENTE DE PODER UPS','SYCF80KF','SYCF80KF',10,1,13,'-','-','-'),(215,'COMPRESOR','1UV3642-0','1UV3642-0',14,1,38,'-','-','-'),(216,'SCANNER','LIDE110','CanoScan LiDE110',54,1,16,'-','-','-'),(217,'FOTOCOPIADORA','MP4001SP','AFICIO MP 4001 SP',55,1,39,'-','-','-'),(219,'FUENTE DE PODER UPS','HUAWEI - GENERICA','HUAWEI - GENERICA',7,1,13,'-','-','-'),(220,'IMPRESORA','P2035','LASERJET P2035',2,1,4,'-','-','-'),(221,'IMPRESORA','P4014N','LASERJET P4014N',2,1,4,'-','-','-'),(222,'IMPRESORA','M4555MFP','LASERJET ENTERPRISE M4555MFP',2,1,4,'-','-','-'),(223,'IMPRESORA','L220','EcoTank L220 ',56,1,4,'-','-','-'),(224,'UNIDAD DE PRECISION','5PUD','5PUDE 03136-SC',14,1,40,'-','-','-'),(225,'MOTOBOMBA','MOTOBOMBA - SIEMENS','MOTOBOMBA - SIEMENS',57,1,41,'-','-','-'),(226,'CONDENSADORA','1UEB / 1UEBE','1UEB / 1UEBE',14,1,42,NULL,NULL,NULL),(227,'CONDENSADORA','1UVE / 1UVEB','1UVE / 1UVEB',14,1,42,NULL,NULL,NULL),(228,'MOTOR AIRE ACONDICIONADO','4FCX','4FCX',14,1,43,'-','-','-'),(230,'MOTOR AIRE ACONDICIONADO','TVUC362KLA0','TVUC362KLA0',45,1,43,'-','-','-'),(231,'MOTOR AIRE ACONDICIONADO','S2442CL','S2442CL',45,1,43,'-','-','-'),(232,'MOTOR AIRE ACONDICIONADO','TV-C3626LAS','TV-C3626LAS',45,1,43,'-','-','-'),(233,'MOTOR AIRE ACONDICIONADO','SA-18-8','SA-18-8',41,1,43,'-','-','-'),(234,'MOTOR AIRE ACONDICIONADO','4FSM-220','4FSM-220',14,1,43,'-','-','-'),(235,'MOTOR AIRE ACONDICIONADO','TECAM-SINMODEL','TECAM-SINMODEL',14,1,43,'-','-','-'),(237,'MOTOR AIRE ACONDICIONADO','YAH180','YAH180',15,1,43,'-','-','-'),(238,'MOTOR AIRE ACONDICIONADO','YAH150','YAH150',15,1,43,'-','-','-'),(239,'MOTOR AIRE ACONDICIONADO','YAH120','YAH120',15,1,43,'-','-','-'),(240,'MOTOR AIRE ACONDICIONADO','YAH042','YAH042',15,1,43,'-','-','-'),(241,'MOTOR ASCENSOR','D125','D125',41,1,44,'-','-','-'),(242,'AIRE ACONDICIONADO','JOHNSON-SINMODEL','JOHNSON-SINMODEL',58,1,10,'-','-','-'),(243,'PLANTA ELECTRICA','PLANTA BEARWARD','PLANTA BEARWARD',59,1,45,'-','-','-'),(244,'PLANTA ELECTRICA','PLANTA ELECTRICA S&S','PLANTA ELECTRICA S&S',61,1,45,'-','-','-'),(245,'PLANTA ELECTRICA','PLANTA CUMMINS','PLANTA CUMMINS',60,1,45,'-','-','-'),(246,'LAPTOP','LATITUDE 3450','LATITUDE 3450',3,1,5,' CORE I5 5200 - 2,2 Ghz',' CORE I5 5200 - 2,2 Ghz',' CORE I5 5200 - 2,2 Ghz'),(247,'LAPTOP','E6330','E6330',3,1,5,'CORE I5 ','CORE I5 ','CORE I5'),(248,'REFRIGERANTE','YLAA0090SE28','YLAA0090SE28',15,1,46,'-','-','-'),(249,'ROUTER','3945','3945 ISR',5,1,18,'-','-','-'),(250,'SCANNER','G2710','SCANJET G2710',2,1,16,'-','-','-'),(251,'SWITCH','2960','2960',5,1,7,'-','-','-'),(252,'SWITCH','G450','G450',4,1,7,'-','-','-'),(253,'SWITCH','QUIDWAY S2300','QUIDWAY S2300',7,1,7,'-','-','-'),(254,'SWITCH','4850GTS-PWR+','4850GTS-PWR+',4,1,7,'-','-','-'),(255,'TRANSFORMADOR','TRANS-SINMODEL','TRANS-SINMODEL',62,1,47,'-','-','-'),(256,'UNIDAD ELECTRICA','UE-SINMODEL','UE-SINMODEL',63,1,48,'-','-','-'),(257,'DVR','7216V','XTS VIDEO 7216V',24,1,21,'-','-','-'),(258,'VIDEOCONFERENCIA','XT500','XT500',64,1,36,'-','-','-'),(259,'VORTEX AIR SEPARATOR','VAS-4','VAS-4',65,1,49,'-','-','-'),(260,'CPU','OPTIPLEX 9020','OPTIPLEX 9020',3,1,1,'Intel Core i5- 4670  3.1 Ghz','500GB','4 GB'),(261,'CPU','OPTIPLEX 740','OPTIPLEX 740',3,1,1,'Intel Core 2 duo- E4600 2.40 Ghz','160GB','2 GB'),(263,'CPU','OPTIPLEX 390 v2','OPTIPLEX 390',3,1,1,'Intel Core i3-2100 3.3 Ghz','500GB','8 GB'),(264,'CPU','OPTIPLEX 390 v3','OPTIPLEX 390',3,1,1,'Intel Core i3-2100 3.3 Ghz','500GB','4GB'),(265,'CPU','OPTIPLEX 390 v4','OPTIPLEX 390',3,1,1,'Intel Core i3-2100 3.3 Ghz','320GB','4 GB'),(266,'CPU','OPTIPLEX 3020 v2','OPTIPLEX 3020',3,1,1,'Intel Core i7- 4590  3.3 Ghz','500GB','8 GB'),(267,'CPU','M57E','M57E',1,1,1,'Intel Pentium Dual Core','320GB','2GB'),(268,'MONITOR','2572-HB6',' L2250P',1,1,2,'-','-','-'),(270,'MONITOR','LE1901','LE1901',2,1,2,'-','-','-'),(271,'MONITOR','LA1951','LA1951',2,1,2,'-','-','-'),(272,'MONITOR','LE901W','LE901W',2,1,2,'-','-','-'),(273,'MONITOR','LV1911','LV1911',2,1,2,'-','-','-'),(274,'MONITOR','LE2001W','LE2001W',2,1,2,'-','-','-'),(275,'MONITOR','E1709WF','E1709WF',3,1,2,'-','-','-'),(276,'TELEVISOR','LE40D3142','LE40D3142',66,1,9,'-','-','-'),(278,'TELEVISOR','HYLED401E','HYLED401E',21,1,9,'-','-','-'),(279,'TELEVISOR','HYLED501LNT','HYLED501LNT',21,1,9,'-','-','-'),(280,'TELEVISOR','50PJ260R','50PJ260R',45,1,9,'-','-','-'),(281,'TELEVISOR','42LB550T','42LB550T',45,1,9,'-','-','-'),(282,'TELEVISOR','50PT250E','50PT250E',45,1,9,'-','-','-'),(283,'TELEVISOR','50PN4500','50PN4500',45,1,9,'-','-','-'),(284,'TELEVISOR','TCP50X60H','TCP50X60H',23,1,9,'-','-','-'),(285,'TELEVISOR','UN58H5203AK','UN58H5203AK',6,1,9,'-','-','-'),(287,'TELEVISOR','PL43E450','PL43E450',6,1,9,'-','-','-'),(288,'TELEVISOR','TC-P50X6014','TC-P50X6014',6,1,9,'-','-','-'),(289,'TELEVISOR','KDL-50','KDL-50',22,1,9,'-','-','-'),(290,'TELEVISOR','KDL-40','KDL-40',22,1,9,'-','-','-'),(291,'TELEVISOR','LCD-SYMPLY','LCD-SYMPLY',67,1,9,'-','-','-');
/*!40000 ALTER TABLE `items` ENABLE KEYS */;
UNLOCK TABLES;

--
-- Table structure for table `movimientos`
--

DROP TABLE IF EXISTS `movimientos`;
/*!40101 SET @saved_cs_client     = @@character_set_client */;
/*!40101 SET character_set_client = utf8 */;
CREATE TABLE `movimientos` (
  `id_movimiento` int(11) NOT NULL AUTO_INCREMENT,
  `ori_puestoId` int(11) NOT NULL,
  `ori_campana` int(11) NOT NULL,
  `dest_puestoId` decimal(5,1) NOT NULL,
  `dest_campana` int(11) NOT NULL,
  `ticket` int(11) NOT NULL,
  `fecha_mov` date NOT NULL,
  `fk_usuario` int(11) NOT NULL,
  `fk_articulos` int(11) NOT NULL,
  PRIMARY KEY (`id_movimiento`),
  KEY `id_usuario_idx` (`fk_usuario`),
  KEY `fk_articulos_mov_idx` (`fk_articulos`),
  CONSTRAINT `fk_articulos_mov` FOREIGN KEY (`fk_articulos`) REFERENCES `articulos` (`id_articulos`) ON DELETE NO ACTION ON UPDATE NO ACTION,
  CONSTRAINT `fk_usuario_mov` FOREIGN KEY (`fk_usuario`) REFERENCES `usuarios` (`id_usuario`) ON DELETE NO ACTION ON UPDATE NO ACTION
) ENGINE=InnoDB AUTO_INCREMENT=5 DEFAULT CHARSET=utf8;
/*!40101 SET character_set_client = @saved_cs_client */;

--
-- Dumping data for table `movimientos`
--

LOCK TABLES `movimientos` WRITE;
/*!40000 ALTER TABLE `movimientos` DISABLE KEYS */;
INSERT INTO `movimientos` VALUES (1,528,9,330.0,2,666666,'2017-08-12',1,2157),(2,529,9,328.0,2,666666,'2017-08-12',1,2159),(3,533,9,332.0,2,666666,'2017-08-12',1,2167),(4,533,9,0.0,2,666666,'2017-08-12',1,2167);
/*!40000 ALTER TABLE `movimientos` ENABLE KEYS */;
UNLOCK TABLES;

--
-- Table structure for table `ocupacion`
--

DROP TABLE IF EXISTS `ocupacion`;
/*!40101 SET @saved_cs_client     = @@character_set_client */;
/*!40101 SET character_set_client = utf8 */;
CREATE TABLE `ocupacion` (
  `id_ocupacion` int(11) NOT NULL AUTO_INCREMENT,
  `fk_id_puesto` int(11) DEFAULT NULL,
  `fk_id_articulos` int(11) DEFAULT NULL,
  `fecha_ocupacion` date DEFAULT NULL,
  PRIMARY KEY (`id_ocupacion`),
  UNIQUE KEY `fk_id_articulos_UNIQUE` (`fk_id_articulos`),
  KEY `fk_idpuesto_idx` (`fk_id_puesto`),
  KEY `fk_idarticulos_idx` (`fk_id_articulos`),
  CONSTRAINT `fk_idarticulos` FOREIGN KEY (`fk_id_articulos`) REFERENCES `articulos` (`id_articulos`) ON DELETE NO ACTION ON UPDATE NO ACTION,
  CONSTRAINT `fk_idpuesto` FOREIGN KEY (`fk_id_puesto`) REFERENCES `puestos` (`id_puesto`) ON DELETE NO ACTION ON UPDATE NO ACTION
) ENGINE=InnoDB AUTO_INCREMENT=4153 DEFAULT CHARSET=utf8;
/*!40101 SET character_set_client = @saved_cs_client */;

--
-- Dumping data for table `ocupacion`
--

LOCK TABLES `ocupacion` WRITE;
/*!40000 ALTER TABLE `ocupacion` DISABLE KEYS */;
INSERT INTO `ocupacion` VALUES (1,39,1039,'2017-09-05'),(2,39,1040,'2017-08-07'),(3,39,1041,'2017-09-05'),(4,40,1042,'2017-08-07'),(5,40,1043,'2017-08-07'),(6,40,1044,'2017-08-07'),(7,41,1045,'2017-09-05'),(8,41,1046,'2017-08-07'),(9,41,1047,'2017-08-07'),(10,42,1048,'2017-08-07'),(11,42,1049,'2017-08-07'),(12,42,1050,'2017-08-29'),(13,43,1051,'2017-08-07'),(14,43,1052,'2017-08-07'),(15,43,1053,'2017-09-05'),(16,44,1054,'2017-08-07'),(17,44,1055,'2017-08-07'),(18,44,1056,'2017-08-07'),(19,45,1057,'2017-08-07'),(20,45,1058,'2017-08-07'),(21,148,1059,'2017-09-11'),(22,46,1060,'2017-08-07'),(23,46,1061,'2017-08-07'),(24,46,1062,'2017-08-29'),(25,47,1063,'2017-08-07'),(26,47,1064,'2017-08-07'),(27,48,1065,'2017-08-07'),(28,48,1066,'2017-09-04'),(29,48,1067,'2017-08-07'),(30,49,1068,'2017-08-07'),(31,49,1069,'2017-08-07'),(32,49,1070,'2017-08-07'),(33,50,1071,'2017-08-16'),(34,50,1072,'2017-08-07'),(35,50,1073,'2017-08-07'),(36,51,1074,'2017-08-07'),(37,51,1075,'2017-08-14'),(38,51,1076,'2017-08-29'),(39,52,1077,'2017-08-07'),(40,52,1078,'2017-08-07'),(41,52,1079,'2017-09-05'),(42,53,1080,'2017-09-04'),(43,53,1081,'2017-09-05'),(44,53,1082,'2017-08-07'),(45,54,1083,'2017-08-07'),(46,54,1084,'2017-08-16'),(47,54,1085,'2017-08-07'),(48,55,1086,'2017-08-07'),(49,55,1087,'2017-08-07'),(50,55,1088,'2017-08-07'),(51,56,1089,'2017-08-07'),(52,56,1090,'2017-08-07'),(53,56,1091,'2017-08-07'),(54,57,1092,'2017-08-07'),(55,57,1093,'2017-09-05'),(56,57,1094,'2017-08-07'),(57,58,1095,'2017-08-07'),(58,58,1096,'2017-08-07'),(59,58,1097,'2017-08-07'),(60,59,1098,'2017-08-07'),(61,59,1099,'2017-09-05'),(62,59,1100,'2017-08-07'),(63,60,1101,'2017-08-07'),(64,60,1102,'2017-08-07'),(65,60,1103,'2017-08-07'),(66,61,1104,'2017-08-07'),(67,61,1105,'2017-08-16'),(68,61,1106,'2017-08-07'),(69,62,1107,'2017-08-07'),(70,62,1108,'2017-08-07'),(71,62,1109,'2017-08-07'),(72,63,1110,'2017-08-07'),(73,63,1111,'2017-08-07'),(74,63,1112,'2017-08-07'),(75,64,1113,'2017-08-07'),(76,64,1114,'2017-09-04'),(77,64,1115,'2017-09-05'),(78,65,1116,'2017-08-07'),(79,65,1117,'2017-08-14'),(80,65,1118,'2017-08-07'),(81,109,1119,'2017-08-15'),(82,66,1120,'2017-08-26'),(83,67,1121,'2017-08-07'),(84,67,1122,'2017-08-07'),(85,67,1123,'2017-08-07'),(86,68,1124,'2017-08-07'),(87,68,1125,'2017-08-07'),(88,68,1126,'2017-08-07'),(89,69,1127,'2017-08-07'),(90,69,1128,'2017-08-07'),(91,69,1129,'2017-09-05'),(92,70,1130,'2017-08-07'),(93,70,1131,'2017-09-05'),(94,70,1132,'2017-08-07'),(95,71,1133,'2017-08-07'),(96,71,1134,'2017-08-07'),(97,71,1135,'2017-08-07'),(98,72,1136,'2017-08-07'),(99,72,1137,'2017-08-07'),(100,72,1138,'2017-08-07'),(101,73,1139,'2017-08-07'),(102,73,1140,'2017-08-07'),(103,73,1141,'2017-08-07'),(104,74,1142,'2017-08-07'),(105,74,1143,'2017-08-07'),(106,74,1144,'2017-09-05'),(107,75,1145,'2017-08-07'),(108,185,1146,'2017-09-05'),(109,150,1147,'2017-09-05'),(110,76,1148,'2017-08-07'),(111,76,1149,'2017-08-07'),(112,76,1150,'2017-08-07'),(113,77,1151,'2017-08-07'),(114,77,1152,'2017-09-05'),(115,78,1153,'2017-08-07'),(116,78,1154,'2017-08-07'),(117,78,1155,'2017-09-05'),(118,79,1156,'2017-08-07'),(119,184,1157,'2017-09-04'),(120,80,1158,'2017-08-07'),(121,75,1159,'2017-09-05'),(122,185,1160,'2017-09-05'),(123,81,1161,'2017-08-07'),(124,81,1162,'2017-08-07'),(125,82,1163,'2017-08-07'),(126,82,1164,'2017-08-07'),(127,83,1165,'2017-08-07'),(128,83,1166,'2017-08-07'),(129,84,1167,'2017-08-07'),(130,111,1168,'2017-08-26'),(131,85,1169,'2017-08-07'),(132,223,1170,'2017-09-05'),(133,93,1171,'2017-09-05'),(134,86,1172,'2017-08-07'),(135,86,1173,'2017-08-07'),(136,87,1174,'2017-08-07'),(137,87,1175,'2017-08-07'),(138,87,1176,'2017-08-07'),(139,88,1177,'2017-08-07'),(140,88,1178,'2017-08-07'),(141,88,1179,'2017-08-07'),(142,89,1180,'2017-08-07'),(143,986,1181,'2017-08-22'),(144,90,1182,'2017-08-07'),(145,90,1183,'2017-08-07'),(146,91,1184,'2017-08-07'),(147,91,1185,'2017-08-14'),(148,986,1186,'2017-09-04'),(149,92,1187,'2017-08-07'),(150,92,1188,'2017-09-04'),(151,93,1189,'2017-08-07'),(152,94,1190,'2017-08-07'),(153,94,1191,'2017-08-07'),(154,95,1192,'2017-08-07'),(155,95,1193,'2017-08-07'),(156,96,1194,'2017-08-07'),(157,96,1195,'2017-09-05'),(158,97,1196,'2017-08-07'),(159,97,1197,'2017-08-07'),(160,98,1198,'2017-08-07'),(161,98,1199,'2017-09-05'),(162,99,1200,'2017-08-07'),(163,99,1201,'2017-08-07'),(164,100,1202,'2017-08-07'),(165,100,1203,'2017-08-07'),(166,101,1204,'2017-08-07'),(167,101,1205,'2017-08-07'),(168,102,1206,'2017-08-07'),(169,102,1207,'2017-08-07'),(170,86,1208,'2017-09-04'),(171,103,1209,'2017-08-07'),(172,104,1210,'2017-08-07'),(173,104,1211,'2017-08-07'),(174,105,1212,'2017-08-07'),(175,105,1213,'2017-09-05'),(176,106,1214,'2017-08-07'),(177,106,1215,'2017-08-07'),(178,107,1216,'2017-08-07'),(179,107,1217,'2017-08-07'),(180,108,1218,'2017-08-07'),(181,108,1219,'2017-08-07'),(182,108,1220,'2017-08-29'),(183,179,1221,'2017-09-06'),(184,179,1222,'2017-08-15'),(185,38,1223,'2017-08-29'),(186,110,1224,'2017-08-07'),(187,110,1225,'2017-08-07'),(188,110,1226,'2017-08-07'),(189,111,1227,'2017-08-07'),(190,191,1228,'2017-09-06'),(191,113,1229,'2017-09-06'),(192,113,1230,'2017-08-26'),(193,111,1231,'2017-09-06'),(194,112,1232,'2017-09-06'),(195,109,1233,'2017-08-26'),(196,113,1234,'2017-08-07'),(197,114,1235,'2017-08-07'),(198,114,1236,'2017-08-07'),(199,115,1237,'2017-08-07'),(200,115,1238,'2017-08-07'),(201,151,1239,'2017-09-06'),(202,116,1240,'2017-08-07'),(203,116,1241,'2017-08-07'),(204,117,1242,'2017-08-07'),(205,117,1243,'2017-08-07'),(206,117,1244,'2017-08-07'),(207,118,1245,'2017-08-07'),(208,118,1246,'2017-08-07'),(209,118,1247,'2017-08-07'),(210,119,1248,'2017-08-07'),(211,119,1249,'2017-08-07'),(212,119,1250,'2017-08-07'),(213,120,1251,'2017-08-07'),(214,120,1252,'2017-08-07'),(215,120,1253,'2017-08-07'),(216,121,1254,'2017-08-07'),(217,121,1255,'2017-08-07'),(218,121,1256,'2017-08-07'),(219,122,1257,'2017-09-05'),(220,122,1258,'2017-09-05'),(221,122,1259,'2017-08-07'),(222,123,1260,'2017-09-05'),(223,123,1261,'2017-09-05'),(224,123,1262,'2017-08-07'),(225,124,1263,'2017-09-05'),(226,124,1264,'2017-09-05'),(227,124,1265,'2017-08-07'),(228,126,1266,'2017-08-07'),(229,130,1267,'2017-08-26'),(230,130,1268,'2017-08-26'),(231,127,1269,'2017-08-07'),(232,127,1270,'2017-08-07'),(233,127,1271,'2017-08-07'),(234,128,1272,'2017-08-07'),(235,128,1273,'2017-08-07'),(236,128,1274,'2017-08-07'),(237,129,1275,'2017-08-07'),(238,131,1276,'2017-08-26'),(239,129,1277,'2017-08-07'),(240,130,1278,'2017-08-07'),(241,126,1279,'2017-08-26'),(242,126,1280,'2017-08-26'),(243,131,1281,'2017-08-07'),(244,156,1282,'2017-08-26'),(245,132,1283,'2017-08-07'),(246,134,1284,'2017-09-05'),(247,132,1285,'2017-08-07'),(248,133,1286,'2017-08-07'),(249,132,1287,'2017-09-06'),(250,133,1288,'2017-08-07'),(251,134,1289,'2017-08-07'),(252,133,1290,'2017-09-05'),(253,134,1291,'2017-08-07'),(254,135,1292,'2017-08-07'),(255,137,1293,'2017-08-26'),(256,135,1294,'2017-08-07'),(257,136,1295,'2017-08-07'),(258,136,1296,'2017-08-07'),(259,136,1297,'2017-08-07'),(260,137,1298,'2017-08-07'),(261,135,1299,'2017-08-26'),(262,137,1300,'2017-08-07'),(263,138,1301,'2017-08-07'),(264,138,1302,'2017-08-07'),(265,138,1303,'2017-08-07'),(266,139,1304,'2017-08-07'),(267,139,1305,'2017-08-07'),(268,139,1306,'2017-08-07'),(269,140,1307,'2017-08-07'),(270,140,1308,'2017-08-07'),(271,140,1309,'2017-08-07'),(272,141,1310,'2017-08-07'),(273,141,1311,'2017-08-07'),(274,141,1312,'2017-08-07'),(275,142,1313,'2017-08-07'),(276,142,1314,'2017-09-06'),(277,142,1315,'2017-08-07'),(278,143,1316,'2017-08-07'),(279,143,1317,'2017-09-06'),(280,143,1318,'2017-08-07'),(281,144,1319,'2017-08-07'),(282,144,1320,'2017-09-06'),(283,144,1321,'2017-08-07'),(284,24,1332,'2017-09-01'),(285,24,1333,'2017-09-01'),(286,151,1334,'2017-08-07'),(287,151,1335,'2017-08-07'),(288,152,1336,'2017-08-07'),(289,152,1337,'2017-08-07'),(290,152,1338,'2017-08-29'),(291,153,1339,'2017-08-07'),(292,153,1340,'2017-08-07'),(293,153,1341,'2017-08-07'),(294,154,1342,'2017-08-07'),(295,154,1343,'2017-09-06'),(296,154,1344,'2017-08-07'),(297,155,1345,'2017-08-07'),(298,155,1346,'2017-08-07'),(299,155,1347,'2017-08-07'),(300,156,1348,'2017-08-07'),(301,129,1349,'2017-09-06'),(302,131,1350,'2017-08-26'),(303,157,1351,'2017-08-07'),(304,157,1352,'2017-08-07'),(305,158,1353,'2017-08-07'),(306,158,1354,'2017-08-07'),(307,159,1355,'2017-08-07'),(308,159,1356,'2017-08-07'),(309,160,1357,'2017-08-07'),(310,160,1358,'2017-08-07'),(311,160,1359,'2017-08-07'),(312,161,1360,'2017-08-07'),(313,161,1361,'2017-08-07'),(314,161,1362,'2017-08-07'),(315,162,1363,'2017-09-06'),(316,162,1364,'2017-09-06'),(317,162,1365,'2017-08-07'),(318,163,1366,'2017-08-07'),(319,163,1367,'2017-08-07'),(320,163,1368,'2017-09-06'),(321,164,1369,'2017-08-07'),(322,164,1370,'2017-08-07'),(323,164,1371,'2017-08-07'),(324,165,1372,'2017-08-07'),(325,165,1373,'2017-08-07'),(326,165,1374,'2017-08-29'),(327,166,1375,'2017-08-07'),(328,166,1376,'2017-09-06'),(329,166,1377,'2017-08-07'),(330,167,1378,'2017-08-07'),(331,167,1379,'2017-09-06'),(332,167,1380,'2017-08-29'),(333,168,1381,'2017-08-07'),(334,168,1382,'2017-08-07'),(335,168,1383,'2017-08-07'),(336,169,1384,'2017-08-07'),(337,169,1385,'2017-08-07'),(338,170,1386,'2017-08-07'),(339,170,1387,'2017-08-07'),(340,171,1388,'2017-08-07'),(341,171,1389,'2017-08-07'),(342,171,1390,'2017-08-29'),(343,172,1391,'2017-08-07'),(344,172,1392,'2017-08-07'),(345,172,1393,'2017-08-29'),(346,173,1394,'2017-08-07'),(347,173,1395,'2017-08-07'),(348,173,1396,'2017-08-07'),(349,174,1397,'2017-08-07'),(350,174,1398,'2017-08-07'),(351,174,1399,'2017-08-07'),(352,175,1400,'2017-08-15'),(353,175,1401,'2017-08-07'),(354,175,1402,'2017-08-07'),(355,176,1403,'2017-08-14'),(356,176,1404,'2017-08-07'),(357,176,1405,'2017-08-07'),(358,986,1406,'2017-09-13'),(359,177,1407,'2017-08-07'),(360,177,1408,'2017-08-07'),(361,178,1409,'2017-08-07'),(362,178,1410,'2017-09-06'),(363,178,1411,'2017-08-07'),(364,66,1412,'2017-08-15'),(365,84,1413,'2017-08-26'),(366,179,1414,'2017-08-07'),(367,180,1415,'2017-08-07'),(368,112,1416,'2017-09-06'),(369,191,1417,'2017-09-06'),(370,182,1418,'2017-09-04'),(371,182,1419,'2017-09-06'),(372,182,1420,'2017-09-06'),(373,181,1421,'2017-09-04'),(374,183,1422,'2017-09-06'),(375,183,1423,'2017-09-06'),(376,183,1424,'2017-08-07'),(377,211,1425,'2017-09-06'),(378,211,1426,'2017-09-06'),(379,184,1427,'2017-09-06'),(380,79,1428,'2017-09-04'),(381,186,1429,'2017-09-06'),(382,185,1430,'2017-08-07'),(383,80,1431,'2017-09-05'),(384,80,1432,'2017-09-05'),(385,186,1433,'2017-08-07'),(386,186,1434,'2017-09-06'),(387,79,1435,'2017-09-05'),(388,187,1436,'2017-08-07'),(389,187,1437,'2017-08-07'),(390,187,1438,'2017-09-06'),(391,188,1439,'2017-08-07'),(392,188,1440,'2017-08-07'),(393,188,1441,'2017-08-07'),(394,189,1442,'2017-08-07'),(395,189,1443,'2017-08-07'),(396,189,1444,'2017-08-07'),(397,190,1445,'2017-08-07'),(398,201,1446,'2017-09-06'),(399,201,1447,'2017-09-06'),(400,191,1448,'2017-08-07'),(401,212,1449,'2017-09-06'),(402,212,1450,'2017-09-06'),(403,192,1451,'2017-08-07'),(404,200,1452,'2017-09-06'),(405,200,1453,'2017-09-06'),(406,193,1454,'2017-08-07'),(407,199,1455,'2017-09-06'),(408,199,1456,'2017-09-06'),(409,194,1457,'2017-08-07'),(410,198,1458,'2017-09-06'),(411,198,1459,'2017-09-06'),(412,195,1460,'2017-08-07'),(413,197,1461,'2017-09-06'),(414,197,1462,'2017-09-06'),(415,196,1463,'2017-08-07'),(416,196,1464,'2017-08-07'),(417,196,1465,'2017-08-07'),(418,197,1466,'2017-08-07'),(419,195,1467,'2017-09-06'),(420,198,1468,'2017-08-07'),(421,194,1469,'2017-09-05'),(422,199,1470,'2017-08-07'),(423,193,1471,'2017-09-06'),(424,200,1472,'2017-08-16'),(425,192,1473,'2017-08-16'),(426,192,1474,'2017-09-06'),(427,201,1475,'2017-08-07'),(428,190,1476,'2017-09-06'),(429,190,1477,'2017-09-06'),(430,202,1478,'2017-08-07'),(431,202,1479,'2017-08-07'),(432,202,1480,'2017-08-07'),(433,203,1481,'2017-08-07'),(434,203,1482,'2017-08-07'),(435,203,1483,'2017-08-07'),(436,204,1484,'2017-08-07'),(437,204,1485,'2017-08-07'),(438,204,1486,'2017-08-07'),(439,205,1487,'2017-08-07'),(440,205,1488,'2017-08-07'),(441,205,1489,'2017-08-07'),(442,206,1490,'2017-08-07'),(443,206,1491,'2017-08-14'),(444,206,1492,'2017-08-07'),(445,207,1493,'2017-08-07'),(446,207,1494,'2017-08-07'),(447,207,1495,'2017-08-07'),(448,208,1496,'2017-08-07'),(449,208,1497,'2017-08-07'),(450,208,1498,'2017-08-07'),(451,209,1499,'2017-08-07'),(452,209,1500,'2017-08-07'),(453,209,1501,'2017-08-07'),(454,210,1502,'2017-08-07'),(455,210,1503,'2017-08-07'),(456,210,1504,'2017-08-07'),(457,211,1505,'2017-08-07'),(458,181,1506,'2017-09-06'),(459,212,1507,'2017-08-07'),(460,180,1508,'2017-09-06'),(461,213,1509,'2017-09-06'),(462,213,1510,'2017-08-07'),(463,213,1511,'2017-08-07'),(464,214,1512,'2017-08-07'),(465,214,1513,'2017-08-07'),(466,214,1514,'2017-08-07'),(467,215,1515,'2017-08-07'),(468,215,1516,'2017-09-06'),(469,215,1517,'2017-08-07'),(470,216,1518,'2017-08-07'),(471,216,1519,'2017-08-07'),(472,216,1520,'2017-08-07'),(473,217,1521,'2017-08-07'),(474,217,1522,'2017-08-07'),(475,217,1523,'2017-08-07'),(476,218,1524,'2017-08-07'),(477,218,1525,'2017-08-07'),(478,219,1526,'2017-09-06'),(479,219,1527,'2017-08-07'),(480,220,1528,'2017-08-07'),(481,220,1529,'2017-08-07'),(482,221,1530,'2017-08-07'),(483,221,1531,'2017-08-07'),(484,222,1532,'2017-08-07'),(485,222,1533,'2017-08-07'),(486,223,1534,'2017-08-07'),(487,85,1535,'2017-09-05'),(488,224,1536,'2017-08-07'),(489,224,1537,'2017-08-07'),(490,224,1538,'2017-08-07'),(491,225,1539,'2017-08-07'),(492,225,1540,'2017-08-07'),(493,225,1541,'2017-08-07'),(494,226,1542,'2017-08-07'),(495,226,1543,'2017-08-07'),(496,226,1544,'2017-08-07'),(497,227,1545,'2017-08-07'),(498,227,1546,'2017-08-07'),(499,227,1547,'2017-08-07'),(500,228,1548,'2017-08-07'),(501,228,1549,'2017-09-06'),(502,228,1550,'2017-08-07'),(503,229,1551,'2017-08-07'),(504,229,1552,'2017-08-07'),(505,229,1553,'2017-08-07'),(506,230,1554,'2017-08-07'),(507,230,1555,'2017-09-06'),(508,230,1556,'2017-08-07'),(509,231,1557,'2017-08-07'),(510,231,1558,'2017-08-07'),(511,231,1559,'2017-08-07'),(512,232,1560,'2017-08-07'),(513,232,1561,'2017-09-05'),(514,232,1562,'2017-08-07'),(515,233,1563,'2017-09-05'),(516,233,1564,'2017-09-05'),(517,233,1565,'2017-08-07'),(518,234,1566,'2017-08-07'),(519,234,1567,'2017-08-07'),(520,234,1568,'2017-08-07'),(521,28,1322,'2017-09-13'),(522,28,1323,'2017-09-13'),(523,20,1324,'2017-09-01'),(524,20,1325,'2017-09-01'),(525,21,1326,'2017-09-01'),(526,21,1327,'2017-09-01'),(527,22,1328,'2017-09-01'),(528,22,1329,'2017-09-01'),(529,23,1330,'2017-09-01'),(530,23,1331,'2017-09-01'),(531,235,1569,'2017-08-07'),(532,235,1570,'2017-09-05'),(533,236,1571,'2017-08-07'),(534,236,1572,'2017-08-07'),(535,237,1573,'2017-08-07'),(536,237,1574,'2017-08-07'),(537,238,1575,'2017-08-07'),(538,238,1576,'2017-08-07'),(539,239,1577,'2017-08-07'),(540,239,1578,'2017-08-07'),(541,240,1579,'2017-08-07'),(542,240,1580,'2017-08-07'),(543,241,1581,'2017-09-05'),(544,241,1582,'2017-08-07'),(545,242,1583,'2017-08-07'),(546,242,1584,'2017-08-07'),(547,243,1585,'2017-08-07'),(548,243,1586,'2017-08-07'),(549,244,1587,'2017-08-07'),(550,244,1588,'2017-08-07'),(551,245,1589,'2017-08-07'),(552,245,1590,'2017-08-07'),(553,246,1591,'2017-08-07'),(554,246,1592,'2017-08-07'),(555,247,1593,'2017-08-07'),(556,256,1594,'2017-09-05'),(557,248,1595,'2017-08-07'),(558,149,1596,'2017-09-05'),(559,249,1597,'2017-09-05'),(560,249,1598,'2017-08-07'),(561,250,1599,'2017-08-07'),(562,250,1600,'2017-09-05'),(563,251,1601,'2017-08-07'),(564,251,1602,'2017-09-05'),(565,252,1603,'2017-08-07'),(566,252,1604,'2017-08-07'),(567,253,1605,'2017-09-05'),(568,253,1606,'2017-08-07'),(569,254,1607,'2017-08-07'),(570,254,1608,'2017-08-07'),(571,255,1609,'2017-08-07'),(572,255,1610,'2017-08-07'),(573,256,1611,'2017-08-07'),(574,247,1612,'2017-08-14'),(575,257,1613,'2017-09-05'),(576,257,1614,'2017-08-07'),(577,257,1615,'2017-09-05'),(578,258,1616,'2017-08-07'),(579,258,1617,'2017-08-07'),(580,259,1618,'2017-08-07'),(581,259,1619,'2017-08-07'),(582,260,1620,'2017-08-07'),(583,260,1621,'2017-08-07'),(584,986,1622,'2017-08-14'),(585,261,1623,'2017-08-07'),(586,262,1624,'2017-08-07'),(587,262,1625,'2017-09-05'),(588,263,1626,'2017-08-07'),(589,263,1627,'2017-09-05'),(590,264,1628,'2017-08-07'),(591,264,1629,'2017-08-07'),(592,265,1630,'2017-08-07'),(593,265,1631,'2017-08-07'),(594,986,1632,'2017-08-14'),(595,266,1633,'2017-08-14'),(596,267,1634,'2017-08-07'),(597,267,1635,'2017-08-07'),(598,268,1636,'2017-08-07'),(599,268,1637,'2017-09-05'),(600,269,1638,'2017-08-07'),(601,269,1639,'2017-08-07'),(602,270,1640,'2017-08-07'),(603,270,1641,'2017-08-07'),(604,986,1642,'2017-08-14'),(605,271,1643,'2017-09-05'),(606,272,1644,'2017-08-07'),(607,272,1645,'2017-08-07'),(608,273,1646,'2017-08-07'),(609,273,1647,'2017-08-14'),(610,274,1648,'2017-08-07'),(611,274,1649,'2017-08-07'),(612,275,1650,'2017-08-07'),(613,275,1651,'2017-09-05'),(614,276,1652,'2017-09-05'),(615,276,1653,'2017-08-07'),(616,277,1654,'2017-08-07'),(617,277,1655,'2017-08-07'),(618,278,1656,'2017-08-07'),(619,278,1657,'2017-08-07'),(620,279,1658,'2017-08-07'),(621,279,1659,'2017-08-07'),(622,280,1660,'2017-08-07'),(623,280,1661,'2017-08-07'),(624,281,1662,'2017-08-07'),(625,281,1663,'2017-09-05'),(626,282,1664,'2017-08-16'),(627,282,1665,'2017-08-07'),(628,283,1666,'2017-08-07'),(629,283,1667,'2017-08-07'),(630,284,1668,'2017-08-07'),(631,284,1669,'2017-08-07'),(632,285,1670,'2017-08-07'),(633,285,1671,'2017-08-07'),(634,286,1672,'2017-08-07'),(635,286,1673,'2017-08-07'),(636,287,1674,'2017-08-07'),(637,287,1675,'2017-08-07'),(638,287,1676,'2017-08-07'),(639,288,1677,'2017-08-07'),(640,288,1678,'2017-08-07'),(641,289,1679,'2017-08-07'),(642,289,1680,'2017-08-07'),(643,290,1681,'2017-08-07'),(644,290,1682,'2017-08-28'),(645,290,1683,'2017-08-07'),(646,291,1684,'2017-08-07'),(647,291,1685,'2017-09-05'),(648,292,1686,'2017-09-05'),(649,292,1687,'2017-09-04'),(650,293,1688,'2017-08-07'),(651,293,1689,'2017-09-04'),(652,294,1690,'2017-08-07'),(653,294,1691,'2017-09-05'),(654,295,1692,'2017-08-07'),(655,295,1693,'2017-09-04'),(656,296,1694,'2017-08-07'),(657,296,1695,'2017-09-05'),(658,297,1696,'2017-08-07'),(659,297,1697,'2017-08-07'),(660,298,1698,'2017-08-07'),(661,298,1699,'2017-08-07'),(662,299,1700,'2017-09-05'),(663,299,1701,'2017-08-07'),(664,300,1702,'2017-08-07'),(665,300,1703,'2017-08-07'),(666,301,1704,'2017-09-05'),(667,301,1705,'2017-08-07'),(668,302,1706,'2017-08-07'),(669,302,1707,'2017-09-04'),(670,303,1708,'2017-09-05'),(671,303,1709,'2017-08-07'),(672,304,1710,'2017-08-07'),(673,304,1711,'2017-08-07'),(674,305,1712,'2017-08-07'),(675,305,1713,'2017-08-07'),(676,30,1714,'2017-09-01'),(677,30,1715,'2017-09-01'),(678,31,1716,'2017-09-01'),(679,31,1717,'2017-09-01'),(680,32,1718,'2017-09-01'),(681,32,1719,'2017-09-01'),(682,309,1720,'2017-08-07'),(683,309,1721,'2017-08-07'),(684,309,1722,'2017-08-29'),(685,310,1723,'2017-08-07'),(686,310,1724,'2017-08-07'),(687,311,1725,'2017-08-07'),(688,311,1726,'2017-08-07'),(689,27,1727,'2017-09-13'),(690,27,1728,'2017-09-13'),(691,986,1729,'2017-09-01'),(692,25,1730,'2017-09-01'),(693,26,1731,'2017-09-01'),(694,26,1732,'2017-09-01'),(695,36,1733,'2017-09-11'),(696,36,1734,'2017-09-11'),(697,29,1735,'2017-09-01'),(698,29,1736,'2017-09-01'),(699,313,1737,'2017-09-01'),(700,313,1738,'2017-09-01'),(701,312,1739,'2017-09-01'),(702,312,1740,'2017-09-01'),(703,319,1741,'2017-08-07'),(704,319,1742,'2017-08-07'),(705,320,1743,'2017-08-07'),(706,320,1744,'2017-08-07'),(707,321,1745,'2017-08-16'),(708,321,1746,'2017-08-07'),(709,322,1747,'2017-08-07'),(710,322,1748,'2017-08-07'),(711,323,1749,'2017-08-07'),(712,323,1750,'2017-08-07'),(713,324,1751,'2017-08-07'),(714,324,1752,'2017-08-07'),(715,325,1753,'2017-08-07'),(716,325,1754,'2017-08-07'),(717,326,1755,'2017-08-07'),(718,326,1756,'2017-08-07'),(719,327,1757,'2017-08-07'),(720,327,1758,'2017-08-07'),(721,328,1759,'2017-08-07'),(722,328,1760,'2017-08-07'),(723,329,1761,'2017-08-07'),(724,329,1762,'2017-08-07'),(725,986,1763,'2017-08-28'),(726,330,1764,'2017-08-07'),(727,331,1765,'2017-08-07'),(728,331,1766,'2017-08-07'),(729,332,1767,'2017-08-07'),(730,332,1768,'2017-08-07'),(731,177,1769,'2017-09-13'),(732,333,1770,'2017-08-07'),(733,334,1771,'2017-08-07'),(734,334,1772,'2017-08-07'),(735,335,1773,'2017-08-07'),(736,335,1774,'2017-08-07'),(737,336,1775,'2017-08-07'),(738,336,1776,'2017-08-07'),(739,337,1777,'2017-08-07'),(740,337,1778,'2017-08-07'),(741,338,1779,'2017-08-07'),(742,338,1780,'2017-08-07'),(743,339,1781,'2017-08-07'),(744,339,1782,'2017-08-07'),(745,340,1783,'2017-08-07'),(746,340,1784,'2017-08-07'),(747,341,1785,'2017-08-07'),(748,341,1786,'2017-08-07'),(749,342,1787,'2017-08-07'),(750,342,1788,'2017-08-07'),(751,343,1789,'2017-08-07'),(752,343,1790,'2017-08-07'),(753,344,1791,'2017-08-07'),(754,344,1792,'2017-08-22'),(755,345,1793,'2017-08-07'),(756,345,1794,'2017-08-07'),(757,346,1795,'2017-08-07'),(758,346,1796,'2017-08-07'),(759,347,1797,'2017-08-07'),(760,347,1798,'2017-08-07'),(761,348,1799,'2017-08-07'),(762,348,1800,'2017-08-07'),(763,349,1801,'2017-08-07'),(764,349,1802,'2017-08-07'),(765,350,1803,'2017-08-07'),(766,350,1804,'2017-08-07'),(767,351,1805,'2017-08-07'),(768,351,1806,'2017-08-22'),(769,352,1807,'2017-08-07'),(770,352,1808,'2017-08-07'),(771,353,1809,'2017-08-07'),(772,353,1810,'2017-08-22'),(773,354,1811,'2017-08-07'),(774,354,1812,'2017-08-07'),(775,355,1813,'2017-08-07'),(776,355,1814,'2017-08-22'),(777,356,1815,'2017-08-07'),(778,507,1816,'2017-08-22'),(779,357,1817,'2017-08-07'),(780,357,1818,'2017-08-22'),(781,358,1819,'2017-08-07'),(782,358,1820,'2017-08-07'),(783,359,1821,'2017-08-07'),(784,359,1822,'2017-08-07'),(785,360,1823,'2017-08-07'),(786,360,1824,'2017-08-07'),(787,361,1825,'2017-08-22'),(788,361,1826,'2017-08-07'),(789,362,1827,'2017-08-07'),(790,362,1828,'2017-08-07'),(791,363,1829,'2017-08-07'),(792,363,1830,'2017-08-07'),(793,364,1831,'2017-08-07'),(794,364,1832,'2017-08-07'),(795,365,1833,'2017-08-07'),(796,365,1834,'2017-08-07'),(797,366,1835,'2017-08-07'),(798,366,1836,'2017-08-07'),(799,367,1837,'2017-08-07'),(800,367,1838,'2017-08-07'),(801,368,1839,'2017-08-07'),(802,368,1840,'2017-08-07'),(803,369,1841,'2017-08-07'),(804,369,1842,'2017-08-22'),(805,370,1843,'2017-08-07'),(806,370,1844,'2017-08-07'),(807,371,1845,'2017-08-07'),(808,371,1846,'2017-08-07'),(809,372,1847,'2017-08-07'),(810,372,1848,'2017-08-07'),(811,373,1849,'2017-08-07'),(812,373,1850,'2017-08-07'),(813,374,1851,'2017-08-22'),(814,495,1852,'2017-08-22'),(815,375,1853,'2017-08-07'),(816,375,1854,'2017-08-07'),(817,376,1855,'2017-08-07'),(818,963,1856,'2017-08-19'),(819,377,1857,'2017-08-22'),(820,377,1858,'2017-08-07'),(821,378,1859,'2017-08-07'),(822,378,1860,'2017-08-07'),(823,379,1861,'2017-08-22'),(824,379,1862,'2017-08-07'),(825,380,1863,'2017-08-07'),(826,380,1864,'2017-08-07'),(827,381,1865,'2017-08-07'),(828,381,1866,'2017-08-07'),(829,382,1867,'2017-08-07'),(830,382,1868,'2017-08-07'),(831,383,1869,'2017-08-07'),(832,383,1870,'2017-08-07'),(833,384,1871,'2017-08-07'),(834,384,1872,'2017-08-07'),(835,385,1873,'2017-08-07'),(836,385,1874,'2017-08-22'),(837,386,1875,'2017-08-07'),(838,386,1876,'2017-08-07'),(839,388,1877,'2017-08-14'),(840,387,1878,'2017-08-22'),(841,387,1879,'2017-08-14'),(842,388,1880,'2017-08-14'),(843,389,1881,'2017-08-07'),(844,389,1882,'2017-08-07'),(845,390,1883,'2017-08-07'),(846,390,1884,'2017-08-07'),(847,391,1885,'2017-08-07'),(848,391,1886,'2017-08-07'),(849,392,1887,'2017-08-07'),(850,392,1888,'2017-08-07'),(851,393,1889,'2017-08-07'),(852,393,1890,'2017-08-07'),(853,394,1891,'2017-08-07'),(854,394,1892,'2017-08-07'),(855,395,1893,'2017-08-07'),(856,395,1894,'2017-08-07'),(857,396,1895,'2017-08-07'),(858,396,1896,'2017-08-07'),(859,397,1897,'2017-08-07'),(860,397,1898,'2017-08-07'),(861,398,1899,'2017-08-07'),(862,398,1900,'2017-08-07'),(863,399,1901,'2017-08-07'),(864,399,1902,'2017-08-07'),(865,400,1903,'2017-08-07'),(866,400,1904,'2017-08-07'),(867,401,1905,'2017-08-07'),(868,401,1906,'2017-08-07'),(869,402,1907,'2017-08-07'),(870,402,1908,'2017-08-07'),(871,403,1909,'2017-08-07'),(872,403,1910,'2017-08-07'),(873,404,1911,'2017-08-07'),(874,404,1912,'2017-08-07'),(875,405,1913,'2017-08-07'),(876,405,1914,'2017-08-07'),(877,406,1915,'2017-08-07'),(878,406,1916,'2017-08-07'),(879,407,1917,'2017-08-07'),(880,407,1918,'2017-08-07'),(881,408,1919,'2017-08-07'),(882,408,1920,'2017-08-22'),(883,409,1921,'2017-08-07'),(884,409,1922,'2017-08-07'),(885,410,1923,'2017-08-07'),(886,410,1924,'2017-08-07'),(887,411,1925,'2017-08-07'),(888,411,1926,'2017-08-07'),(889,412,1927,'2017-08-07'),(890,412,1928,'2017-08-07'),(891,413,1929,'2017-08-07'),(892,413,1930,'2017-08-07'),(893,414,1931,'2017-08-07'),(894,414,1932,'2017-08-07'),(895,415,1933,'2017-08-07'),(896,415,1934,'2017-08-07'),(897,416,1935,'2017-08-07'),(898,416,1936,'2017-08-07'),(899,417,1937,'2017-08-07'),(900,417,1938,'2017-08-07'),(901,418,1939,'2017-08-07'),(902,418,1940,'2017-08-07'),(903,419,1941,'2017-08-07'),(904,419,1942,'2017-08-07'),(905,420,1943,'2017-08-07'),(906,420,1944,'2017-08-22'),(907,421,1945,'2017-08-07'),(908,421,1946,'2017-08-07'),(909,422,1947,'2017-08-07'),(910,422,1948,'2017-08-07'),(911,423,1949,'2017-08-07'),(912,423,1950,'2017-08-07'),(913,424,1951,'2017-08-22'),(914,424,1952,'2017-08-07'),(915,425,1953,'2017-08-07'),(916,425,1954,'2017-08-07'),(917,426,1955,'2017-08-07'),(918,426,1956,'2017-08-07'),(919,427,1957,'2017-08-07'),(920,427,1958,'2017-08-22'),(921,428,1959,'2017-08-07'),(922,428,1960,'2017-08-07'),(923,429,1961,'2017-08-07'),(924,429,1962,'2017-08-07'),(925,430,1963,'2017-08-07'),(926,486,1964,'2017-08-22'),(927,431,1965,'2017-08-07'),(928,431,1966,'2017-08-07'),(929,432,1967,'2017-08-07'),(930,432,1968,'2017-08-07'),(931,433,1969,'2017-08-07'),(932,433,1970,'2017-08-07'),(933,434,1971,'2017-08-07'),(934,451,1972,'2017-09-16'),(935,435,1973,'2017-08-07'),(936,435,1974,'2017-08-07'),(937,436,1975,'2017-08-07'),(938,436,1976,'2017-08-07'),(939,437,1977,'2017-08-07'),(940,437,1978,'2017-08-07'),(941,438,1979,'2017-08-07'),(942,438,1980,'2017-08-07'),(943,439,1981,'2017-08-07'),(944,439,1982,'2017-08-07'),(945,440,1983,'2017-08-07'),(946,440,1984,'2017-08-07'),(947,441,1985,'2017-08-07'),(948,441,1986,'2017-08-22'),(949,442,1987,'2017-08-07'),(950,442,1988,'2017-08-07'),(951,443,1989,'2017-08-07'),(952,443,1990,'2017-08-07'),(953,444,1991,'2017-08-07'),(954,444,1992,'2017-08-22'),(955,445,1993,'2017-08-07'),(956,445,1994,'2017-08-07'),(957,446,1995,'2017-08-07'),(958,446,1996,'2017-08-07'),(959,447,1997,'2017-08-07'),(960,447,1998,'2017-08-07'),(961,448,1999,'2017-08-07'),(962,448,2000,'2017-08-07'),(963,449,2001,'2017-08-07'),(964,449,2002,'2017-08-07'),(965,450,2003,'2017-08-07'),(966,450,2004,'2017-08-07'),(967,451,2005,'2017-08-07'),(968,434,2006,'2017-09-16'),(969,452,2007,'2017-08-07'),(970,452,2008,'2017-08-07'),(971,453,2009,'2017-08-07'),(972,453,2010,'2017-08-07'),(973,462,2011,'2017-08-22'),(974,454,2012,'2017-08-07'),(975,455,2013,'2017-08-07'),(976,455,2014,'2017-08-07'),(977,456,2015,'2017-08-07'),(978,456,2016,'2017-08-07'),(979,457,2017,'2017-08-07'),(980,457,2018,'2017-08-07'),(981,458,2019,'2017-08-07'),(982,458,2020,'2017-08-07'),(983,459,2021,'2017-08-07'),(984,459,2022,'2017-08-07'),(985,460,2023,'2017-08-07'),(986,460,2024,'2017-08-22'),(987,461,2025,'2017-08-07'),(988,461,2026,'2017-08-07'),(989,463,2027,'2017-08-22'),(990,462,2028,'2017-08-07'),(991,464,2029,'2017-08-22'),(992,463,2030,'2017-08-07'),(993,454,2031,'2017-08-22'),(994,464,2032,'2017-08-07'),(995,465,2033,'2017-08-07'),(996,465,2034,'2017-08-07'),(997,466,2035,'2017-08-07'),(998,466,2036,'2017-08-07'),(999,467,2037,'2017-08-16'),(1000,467,2038,'2017-08-07'),(1001,468,2039,'2017-08-07'),(1002,468,2040,'2017-08-07'),(1003,469,2041,'2017-08-07'),(1004,469,2042,'2017-08-07'),(1005,470,2043,'2017-08-07'),(1006,470,2044,'2017-08-07'),(1007,471,2045,'2017-08-07'),(1008,479,2046,'2017-08-22'),(1009,473,2047,'2017-08-15'),(1010,472,2048,'2017-08-07'),(1011,472,2049,'2017-08-22'),(1012,473,2050,'2017-08-07'),(1013,474,2051,'2017-08-07'),(1014,474,2052,'2017-08-15'),(1015,475,2053,'2017-08-07'),(1016,475,2054,'2017-08-07'),(1017,961,2055,'2017-08-19'),(1018,476,2056,'2017-08-07'),(1019,476,2057,'2017-08-22'),(1020,477,2058,'2017-08-07'),(1021,478,2059,'2017-08-07'),(1022,478,2060,'2017-08-14'),(1023,471,2061,'2017-08-22'),(1024,479,2062,'2017-08-07'),(1025,480,2063,'2017-08-07'),(1026,480,2064,'2017-08-07'),(1027,481,2065,'2017-08-07'),(1028,481,2066,'2017-08-07'),(1029,482,2067,'2017-08-07'),(1030,482,2068,'2017-09-06'),(1031,483,2069,'2017-08-22'),(1032,483,2070,'2017-08-07'),(1033,484,2071,'2017-08-07'),(1034,484,2072,'2017-08-07'),(1035,485,2073,'2017-08-07'),(1036,485,2074,'2017-08-07'),(1037,486,2075,'2017-08-07'),(1038,430,2076,'2017-08-22'),(1039,487,2077,'2017-08-07'),(1040,487,2078,'2017-08-22'),(1041,488,2079,'2017-08-07'),(1042,488,2080,'2017-08-14'),(1043,489,2081,'2017-08-07'),(1044,489,2082,'2017-08-07'),(1045,490,2083,'2017-08-07'),(1046,490,2084,'2017-08-07'),(1047,491,2085,'2017-08-07'),(1048,491,2086,'2017-08-07'),(1049,492,2087,'2017-08-07'),(1050,492,2088,'2017-08-07'),(1051,493,2089,'2017-08-07'),(1052,493,2090,'2017-08-07'),(1053,494,2091,'2017-08-07'),(1054,494,2092,'2017-08-07'),(1055,495,2093,'2017-08-07'),(1056,374,2094,'2017-08-22'),(1057,496,2095,'2017-08-07'),(1058,496,2096,'2017-08-07'),(1059,497,2097,'2017-08-07'),(1060,497,2098,'2017-08-07'),(1061,498,2099,'2017-08-07'),(1062,498,2100,'2017-08-07'),(1063,499,2101,'2017-08-07'),(1064,499,2102,'2017-08-07'),(1065,500,2103,'2017-08-07'),(1066,500,2104,'2017-08-07'),(1067,501,2105,'2017-08-07'),(1068,501,2106,'2017-08-07'),(1069,502,2107,'2017-08-07'),(1070,502,2108,'2017-08-07'),(1071,503,2109,'2017-08-07'),(1072,503,2110,'2017-08-07'),(1073,504,2111,'2017-08-07'),(1074,504,2112,'2017-08-07'),(1075,505,2113,'2017-08-07'),(1076,505,2114,'2017-08-07'),(1077,506,2115,'2017-08-07'),(1078,506,2116,'2017-08-07'),(1079,511,2117,'2017-09-19'),(1080,356,2118,'2017-08-22'),(1081,508,2119,'2017-08-07'),(1082,508,2120,'2017-08-07'),(1083,509,2121,'2017-08-07'),(1084,509,2122,'2017-08-07'),(1085,510,2123,'2017-08-07'),(1086,510,2124,'2017-08-07'),(1087,507,2125,'2017-09-19'),(1088,511,2126,'2017-08-07'),(1089,512,2127,'2017-08-07'),(1090,512,2128,'2017-08-07'),(1091,513,2129,'2017-08-07'),(1092,513,2130,'2017-08-07'),(1093,514,2131,'2017-08-07'),(1094,514,2132,'2017-08-07'),(1095,515,2133,'2017-08-07'),(1096,515,2134,'2017-08-07'),(1097,516,2135,'2017-08-16'),(1098,516,2136,'2017-08-07'),(1099,517,2137,'2017-08-07'),(1100,517,2138,'2017-08-07'),(1101,518,2139,'2017-08-07'),(1102,518,2140,'2017-08-07'),(1103,520,2141,'2017-08-16'),(1104,520,2142,'2017-08-16'),(1105,521,2143,'2017-08-07'),(1106,521,2144,'2017-08-07'),(1107,522,2145,'2017-08-07'),(1108,522,2146,'2017-08-07'),(1109,523,2147,'2017-08-07'),(1110,523,2148,'2017-08-07'),(1111,524,2149,'2017-08-07'),(1112,524,2150,'2017-08-07'),(1113,525,2151,'2017-08-07'),(1114,525,2152,'2017-08-07'),(1115,526,2153,'2017-08-07'),(1116,526,2154,'2017-08-07'),(1117,527,2155,'2017-08-07'),(1118,527,2156,'2017-08-07'),(1119,528,2157,'2017-08-07'),(1120,528,2158,'2017-08-07'),(1121,529,2159,'2017-08-28'),(1122,529,2160,'2017-08-07'),(1123,530,2161,'2017-08-07'),(1124,640,2162,'2017-08-28'),(1125,531,2163,'2017-08-28'),(1126,531,2164,'2017-08-07'),(1127,613,2165,'2017-08-28'),(1128,532,2166,'2017-08-07'),(1129,533,2167,'2017-08-07'),(1130,533,2168,'2017-08-07'),(1131,534,2169,'2017-08-07'),(1132,534,2170,'2017-08-07'),(1133,535,2171,'2017-08-07'),(1134,562,2172,'2017-09-13'),(1135,536,2173,'2017-08-07'),(1136,536,2174,'2017-08-07'),(1137,559,2175,'2017-09-05'),(1138,637,2176,'2017-08-28'),(1139,538,2177,'2017-08-07'),(1140,538,2178,'2017-08-07'),(1141,539,2179,'2017-08-07'),(1142,539,2180,'2017-08-07'),(1143,540,2181,'2017-08-07'),(1144,540,2182,'2017-08-07'),(1145,541,2183,'2017-08-07'),(1146,541,2184,'2017-08-07'),(1147,542,2185,'2017-08-07'),(1148,542,2186,'2017-08-07'),(1149,543,2187,'2017-08-07'),(1150,543,2188,'2017-08-07'),(1151,986,2189,'2017-09-12'),(1152,544,2190,'2017-08-07'),(1153,545,2191,'2017-08-07'),(1154,545,2192,'2017-08-07'),(1155,546,2193,'2017-08-07'),(1156,546,2194,'2017-08-07'),(1157,547,2195,'2017-08-07'),(1158,547,2196,'2017-08-07'),(1159,548,2197,'2017-08-07'),(1160,548,2198,'2017-08-07'),(1161,549,2199,'2017-08-07'),(1162,549,2200,'2017-08-07'),(1163,550,2201,'2017-08-07'),(1164,550,2202,'2017-08-07'),(1165,551,2203,'2017-08-07'),(1166,551,2204,'2017-08-28'),(1167,552,2205,'2017-08-07'),(1168,552,2206,'2017-08-07'),(1169,553,2207,'2017-08-07'),(1170,553,2208,'2017-08-07'),(1171,554,2209,'2017-08-07'),(1172,554,2210,'2017-08-07'),(1173,555,2211,'2017-08-07'),(1174,555,2212,'2017-08-07'),(1175,556,2213,'2017-08-07'),(1176,556,2214,'2017-08-07'),(1177,557,2215,'2017-08-07'),(1178,557,2216,'2017-08-07'),(1179,558,2217,'2017-08-07'),(1180,558,2218,'2017-08-07'),(1181,537,2219,'2017-09-05'),(1182,537,2220,'2017-09-05'),(1183,560,2221,'2017-08-07'),(1184,560,2222,'2017-08-07'),(1185,561,2223,'2017-08-07'),(1186,561,2224,'2017-08-07'),(1187,562,2225,'2017-08-07'),(1188,769,2226,'2017-09-05'),(1189,563,2227,'2017-08-07'),(1190,563,2228,'2017-08-07'),(1191,564,2229,'2017-08-07'),(1192,564,2230,'2017-08-16'),(1193,565,2231,'2017-08-07'),(1194,565,2232,'2017-08-07'),(1195,566,2233,'2017-08-07'),(1196,566,2234,'2017-08-07'),(1197,567,2235,'2017-08-07'),(1198,567,2236,'2017-08-07'),(1199,568,2237,'2017-08-07'),(1200,568,2238,'2017-08-07'),(1201,569,2239,'2017-08-07'),(1202,569,2240,'2017-08-07'),(1203,570,2241,'2017-08-07'),(1204,570,2242,'2017-08-07'),(1205,571,2243,'2017-08-07'),(1206,571,2244,'2017-08-07'),(1207,572,2245,'2017-08-07'),(1208,572,2246,'2017-08-07'),(1209,573,2247,'2017-08-07'),(1210,573,2248,'2017-08-07'),(1211,574,2249,'2017-08-07'),(1212,574,2250,'2017-08-07'),(1213,575,2251,'2017-08-07'),(1214,575,2252,'2017-08-07'),(1215,576,2253,'2017-08-07'),(1216,576,2254,'2017-08-07'),(1217,577,2255,'2017-08-07'),(1218,577,2256,'2017-08-07'),(1219,578,2257,'2017-08-07'),(1220,578,2258,'2017-08-07'),(1221,579,2259,'2017-08-07'),(1222,579,2260,'2017-08-07'),(1223,580,2261,'2017-08-07'),(1224,580,2262,'2017-08-07'),(1225,581,2263,'2017-08-07'),(1226,581,2264,'2017-08-07'),(1227,582,2265,'2017-08-07'),(1228,582,2266,'2017-08-07'),(1229,583,2267,'2017-08-07'),(1230,583,2268,'2017-08-07'),(1231,584,2269,'2017-08-07'),(1232,584,2270,'2017-08-07'),(1233,585,2271,'2017-08-07'),(1234,585,2272,'2017-08-28'),(1235,586,2273,'2017-08-07'),(1236,586,2274,'2017-08-07'),(1237,587,2275,'2017-08-07'),(1238,663,2276,'2017-09-04'),(1239,588,2277,'2017-08-07'),(1240,611,2278,'2017-09-04'),(1241,589,2279,'2017-08-07'),(1242,589,2280,'2017-08-07'),(1243,590,2281,'2017-08-07'),(1244,535,2282,'2017-09-13'),(1245,591,2283,'2017-08-07'),(1246,591,2284,'2017-08-07'),(1247,592,2285,'2017-08-07'),(1248,592,2286,'2017-08-07'),(1249,593,2287,'2017-08-07'),(1250,593,2288,'2017-08-07'),(1251,594,2289,'2017-08-07'),(1252,594,2290,'2017-08-28'),(1253,595,2291,'2017-08-07'),(1254,595,2292,'2017-08-07'),(1255,596,2293,'2017-08-07'),(1256,596,2294,'2017-08-07'),(1257,597,2295,'2017-08-07'),(1258,597,2296,'2017-08-07'),(1259,598,2297,'2017-08-07'),(1260,598,2298,'2017-08-07'),(1261,599,2299,'2017-08-07'),(1262,599,2300,'2017-08-28'),(1263,600,2301,'2017-08-07'),(1264,600,2302,'2017-08-07'),(1265,601,2303,'2017-08-07'),(1266,601,2304,'2017-08-07'),(1267,602,2305,'2017-08-07'),(1268,602,2306,'2017-08-07'),(1269,603,2307,'2017-08-07'),(1270,603,2308,'2017-08-07'),(1271,604,2309,'2017-08-07'),(1272,604,2310,'2017-08-07'),(1273,605,2311,'2017-08-07'),(1274,605,2312,'2017-08-07'),(1275,606,2313,'2017-08-07'),(1276,606,2314,'2017-08-07'),(1277,607,2315,'2017-08-07'),(1278,607,2316,'2017-08-07'),(1279,608,2317,'2017-08-07'),(1280,608,2318,'2017-08-07'),(1281,609,2319,'2017-08-16'),(1282,609,2320,'2017-08-07'),(1283,610,2321,'2017-08-07'),(1284,610,2322,'2017-08-07'),(1285,611,2323,'2017-08-07'),(1286,588,2324,'2017-09-04'),(1287,612,2325,'2017-08-07'),(1288,612,2326,'2017-08-07'),(1289,532,2327,'2017-08-28'),(1290,530,2328,'2017-08-28'),(1291,614,2329,'2017-08-07'),(1292,639,2330,'2017-08-28'),(1293,615,2331,'2017-08-07'),(1294,654,2332,'2017-09-19'),(1295,616,2333,'2017-08-07'),(1296,616,2334,'2017-08-07'),(1297,617,2335,'2017-08-28'),(1298,617,2336,'2017-08-07'),(1299,618,2337,'2017-08-07'),(1300,618,2338,'2017-08-07'),(1301,619,2339,'2017-08-07'),(1302,619,2340,'2017-08-07'),(1303,620,2341,'2017-08-07'),(1304,620,2342,'2017-08-07'),(1305,621,2343,'2017-08-07'),(1306,621,2344,'2017-08-28'),(1307,622,2345,'2017-08-07'),(1308,622,2346,'2017-08-07'),(1309,623,2347,'2017-08-07'),(1310,623,2348,'2017-08-07'),(1311,624,2349,'2017-08-07'),(1312,624,2350,'2017-08-07'),(1313,625,2351,'2017-08-07'),(1314,625,2352,'2017-08-07'),(1315,626,2353,'2017-08-07'),(1316,626,2354,'2017-08-28'),(1317,627,2355,'2017-08-07'),(1318,627,2356,'2017-08-16'),(1319,628,2357,'2017-08-07'),(1320,628,2358,'2017-08-28'),(1321,629,2359,'2017-08-07'),(1322,629,2360,'2017-08-07'),(1323,630,2361,'2017-08-07'),(1324,756,2362,'2017-09-05'),(1325,631,2363,'2017-08-07'),(1326,631,2364,'2017-08-07'),(1327,632,2365,'2017-08-28'),(1328,632,2366,'2017-08-07'),(1329,633,2367,'2017-08-07'),(1330,633,2368,'2017-08-07'),(1331,634,2369,'2017-08-07'),(1332,634,2370,'2017-08-07'),(1333,635,2371,'2017-08-07'),(1334,635,2372,'2017-08-07'),(1335,636,2373,'2017-08-07'),(1336,636,2374,'2017-08-07'),(1337,637,2375,'2017-08-07'),(1338,590,2376,'2017-08-28'),(1339,638,2377,'2017-08-07'),(1340,638,2378,'2017-08-07'),(1341,639,2379,'2017-08-07'),(1342,667,2380,'2017-08-28'),(1343,640,2381,'2017-08-07'),(1344,613,2382,'2017-08-28'),(1345,641,2383,'2017-08-07'),(1346,641,2384,'2017-08-14'),(1347,642,2385,'2017-08-07'),(1348,642,2386,'2017-08-28'),(1349,643,2387,'2017-08-07'),(1350,643,2388,'2017-08-07'),(1351,644,2389,'2017-08-07'),(1352,644,2390,'2017-08-28'),(1353,645,2391,'2017-08-16'),(1354,645,2392,'2017-08-28'),(1355,646,2393,'2017-08-07'),(1356,646,2394,'2017-08-28'),(1357,647,2395,'2017-08-07'),(1358,647,2396,'2017-08-28'),(1359,648,2397,'2017-08-28'),(1360,648,2398,'2017-08-07'),(1361,649,2399,'2017-08-07'),(1362,649,2400,'2017-08-07'),(1363,650,2401,'2017-08-07'),(1364,650,2402,'2017-08-07'),(1365,651,2403,'2017-08-07'),(1366,651,2404,'2017-08-07'),(1367,652,2405,'2017-08-07'),(1368,652,2406,'2017-08-07'),(1369,653,2407,'2017-08-07'),(1370,653,2408,'2017-08-07'),(1371,654,2409,'2017-08-07'),(1372,986,2410,'2017-09-19'),(1373,655,2411,'2017-08-16'),(1374,655,2412,'2017-08-07'),(1375,656,2413,'2017-08-07'),(1376,656,2414,'2017-08-07'),(1377,657,2415,'2017-08-07'),(1378,657,2416,'2017-08-07'),(1379,658,2417,'2017-08-28'),(1380,658,2418,'2017-08-07'),(1381,659,2419,'2017-08-07'),(1382,659,2420,'2017-08-07'),(1383,660,2421,'2017-08-07'),(1384,660,2422,'2017-08-07'),(1385,661,2423,'2017-08-07'),(1386,661,2424,'2017-08-07'),(1387,662,2425,'2017-08-07'),(1388,614,2426,'2017-09-04'),(1389,663,2427,'2017-08-07'),(1390,705,2428,'2017-09-04'),(1391,664,2429,'2017-08-07'),(1392,686,2430,'2017-08-28'),(1393,665,2431,'2017-08-07'),(1394,711,2432,'2017-09-05'),(1395,666,2433,'2017-08-07'),(1396,666,2434,'2017-08-07'),(1397,664,2435,'2017-09-13'),(1398,667,2436,'2017-08-07'),(1399,668,2437,'2017-08-07'),(1400,668,2438,'2017-08-07'),(1401,669,2439,'2017-08-07'),(1402,669,2440,'2017-08-14'),(1403,670,2441,'2017-08-28'),(1404,670,2442,'2017-08-07'),(1405,671,2443,'2017-08-07'),(1406,671,2444,'2017-08-07'),(1407,672,2445,'2017-08-07'),(1408,672,2446,'2017-08-28'),(1409,673,2447,'2017-08-07'),(1410,673,2448,'2017-08-07'),(1411,674,2449,'2017-08-07'),(1412,674,2450,'2017-08-07'),(1413,675,2451,'2017-08-07'),(1414,675,2452,'2017-08-28'),(1415,676,2453,'2017-08-28'),(1416,676,2454,'2017-08-14'),(1417,677,2455,'2017-08-07'),(1418,677,2456,'2017-08-07'),(1419,678,2457,'2017-08-07'),(1420,678,2458,'2017-08-28'),(1421,679,2459,'2017-08-07'),(1422,679,2460,'2017-08-28'),(1423,680,2461,'2017-08-07'),(1424,680,2462,'2017-08-07'),(1425,681,2463,'2017-08-07'),(1426,681,2464,'2017-08-07'),(1427,682,2465,'2017-08-07'),(1428,682,2466,'2017-08-07'),(1429,683,2467,'2017-08-07'),(1430,683,2468,'2017-08-07'),(1431,684,2469,'2017-08-07'),(1432,684,2470,'2017-08-07'),(1433,685,2471,'2017-08-07'),(1434,685,2472,'2017-08-07'),(1435,686,2473,'2017-08-07'),(1436,687,2474,'2017-08-28'),(1437,687,2475,'2017-08-07'),(1438,587,2476,'2017-09-04'),(1439,688,2477,'2017-08-07'),(1440,688,2478,'2017-08-07'),(1441,689,2479,'2017-08-07'),(1442,689,2480,'2017-08-07'),(1443,690,2481,'2017-08-07'),(1444,690,2482,'2017-08-14'),(1445,691,2483,'2017-08-07'),(1446,691,2484,'2017-08-07'),(1447,692,2485,'2017-08-07'),(1448,692,2486,'2017-08-07'),(1449,693,2487,'2017-08-07'),(1450,693,2488,'2017-08-07'),(1451,694,2489,'2017-08-07'),(1452,694,2490,'2017-08-07'),(1453,695,2491,'2017-08-07'),(1454,695,2492,'2017-08-07'),(1455,696,2493,'2017-08-07'),(1456,696,2494,'2017-08-07'),(1457,697,2495,'2017-08-07'),(1458,697,2496,'2017-08-07'),(1459,698,2497,'2017-08-07'),(1460,698,2498,'2017-08-07'),(1461,699,2499,'2017-08-07'),(1462,699,2500,'2017-08-28'),(1463,700,2501,'2017-08-07'),(1464,700,2502,'2017-08-07'),(1465,701,2503,'2017-08-07'),(1466,701,2504,'2017-08-28'),(1467,702,2505,'2017-08-07'),(1468,702,2506,'2017-08-07'),(1469,703,2507,'2017-08-07'),(1470,703,2508,'2017-08-07'),(1471,704,2509,'2017-08-28'),(1472,704,2510,'2017-08-07'),(1473,705,2511,'2017-08-07'),(1474,665,2512,'2017-09-04'),(1475,706,2513,'2017-08-07'),(1476,706,2514,'2017-08-07'),(1477,761,2515,'2017-09-08'),(1478,709,2516,'2017-08-28'),(1479,708,2517,'2017-08-07'),(1480,708,2518,'2017-08-14'),(1481,709,2519,'2017-08-07'),(1482,559,2520,'2017-09-05'),(1483,710,2521,'2017-08-07'),(1484,710,2522,'2017-08-07'),(1485,711,2523,'2017-08-07'),(1486,986,2524,'2017-09-05'),(1487,712,2525,'2017-08-07'),(1488,712,2526,'2017-08-07'),(1489,713,2527,'2017-08-07'),(1490,662,2528,'2017-09-04'),(1491,714,2529,'2017-08-28'),(1492,714,2530,'2017-08-07'),(1493,715,2531,'2017-08-07'),(1494,715,2532,'2017-08-07'),(1495,716,2533,'2017-08-07'),(1496,716,2534,'2017-08-07'),(1497,717,2535,'2017-08-07'),(1498,986,2536,'2017-09-06'),(1499,718,2537,'2017-08-07'),(1500,763,2538,'2017-09-04'),(1501,719,2539,'2017-08-07'),(1502,761,2540,'2017-09-05'),(1503,720,2541,'2017-08-07'),(1504,759,2542,'2017-09-04'),(1505,721,2543,'2017-08-28'),(1506,755,2544,'2017-09-04'),(1507,722,2545,'2017-08-07'),(1508,760,2546,'2017-09-04'),(1509,723,2547,'2017-08-07'),(1510,986,2548,'2017-08-28'),(1511,986,2549,'2017-08-28'),(1512,752,2550,'2017-09-04'),(1513,713,2551,'2017-08-28'),(1514,725,2552,'2017-08-07'),(1515,726,2553,'2017-08-07'),(1516,753,2554,'2017-09-08'),(1517,727,2555,'2017-08-07'),(1518,727,2556,'2017-08-14'),(1519,728,2557,'2017-08-07'),(1520,728,2558,'2017-08-07'),(1521,729,2559,'2017-08-07'),(1522,729,2560,'2017-08-16'),(1523,730,2561,'2017-08-14'),(1524,730,2562,'2017-08-07'),(1525,731,2563,'2017-08-07'),(1526,731,2564,'2017-08-07'),(1527,732,2565,'2017-08-16'),(1528,732,2566,'2017-08-16'),(1529,733,2567,'2017-08-16'),(1530,733,2568,'2017-08-16'),(1531,734,2569,'2017-08-16'),(1532,734,2570,'2017-08-16'),(1533,735,2571,'2017-08-16'),(1534,735,2572,'2017-08-28'),(1535,736,2573,'2017-08-16'),(1536,736,2574,'2017-08-16'),(1537,742,2575,'2017-08-15'),(1538,742,2576,'2017-08-15'),(1539,743,2577,'2017-08-07'),(1540,743,2578,'2017-08-07'),(1541,744,2579,'2017-08-07'),(1542,744,2580,'2017-08-16'),(1543,745,2581,'2017-08-07'),(1544,745,2582,'2017-08-15'),(1545,746,2584,'2017-08-07'),(1546,747,2586,'2017-08-07'),(1547,944,2587,'2017-08-19'),(1548,748,2588,'2017-08-07'),(1549,749,2590,'2017-08-07'),(1550,750,2591,'2017-08-07'),(1551,750,2592,'2017-08-07'),(1552,751,2594,'2017-08-07'),(1553,960,2596,'2017-08-21'),(1554,986,2597,'2017-08-15'),(1555,983,2598,'2017-08-21'),(1556,271,2599,'2017-08-14'),(1557,630,2600,'2017-08-28'),(1558,615,2602,'2017-08-28'),(1559,963,2603,'2017-08-19'),(1560,915,2604,'2017-08-26'),(1561,757,2605,'2017-08-07'),(1562,757,2606,'2017-08-07'),(1563,38,2607,'2017-08-17'),(1564,986,2608,'2017-08-16'),(1565,919,2609,'2017-08-26'),(1566,986,2610,'2017-08-16'),(1567,986,2611,'2017-08-15'),(1568,957,2612,'2017-08-19'),(1569,958,2614,'2017-08-19'),(1570,959,2616,'2017-08-19'),(1571,764,2618,'2017-08-07'),(1572,765,2620,'2017-08-07'),(1573,766,2621,'2017-08-07'),(1574,766,2622,'2017-08-07'),(1575,767,2623,'2017-08-07'),(1576,767,2624,'2017-08-15'),(1577,768,2625,'2017-08-07'),(1578,770,2626,'2017-08-15'),(1579,707,2627,'2017-09-05'),(1580,707,2628,'2017-09-05'),(1581,770,2629,'2017-08-07'),(1582,768,2630,'2017-08-15'),(1583,771,2631,'2017-08-07'),(1584,771,2632,'2017-08-07'),(1585,737,2829,'2017-08-07'),(1586,737,2830,'2017-08-07'),(1587,737,2831,'2017-08-07'),(1588,738,2832,'2017-08-07'),(1589,738,2833,'2017-08-07'),(1590,738,2834,'2017-08-07'),(1591,739,2835,'2017-08-07'),(1592,739,2836,'2017-08-07'),(1593,739,2837,'2017-08-07'),(1594,740,2838,'2017-08-07'),(1595,740,2839,'2017-08-07'),(1596,740,2840,'2017-08-07'),(1597,741,2841,'2017-08-07'),(1598,741,2842,'2017-08-07'),(1599,741,2843,'2017-08-07'),(1600,982,2844,'2017-08-07'),(1601,982,2845,'2017-08-07'),(1602,982,2846,'2017-08-07'),(1603,834,2747,'2017-09-05'),(1604,834,2748,'2017-08-07'),(1605,835,2749,'2017-08-07'),(1606,835,2750,'2017-09-05'),(1607,843,2751,'2017-09-05'),(1608,791,2752,'2017-09-06'),(1609,837,2753,'2017-08-07'),(1610,837,2754,'2017-08-07'),(1611,838,2755,'2017-08-07'),(1612,838,2756,'2017-08-07'),(1613,839,2757,'2017-08-07'),(1614,839,2758,'2017-08-07'),(1615,840,2759,'2017-08-07'),(1616,840,2760,'2017-08-07'),(1617,841,2761,'2017-08-07'),(1618,841,2762,'2017-08-07'),(1619,842,2763,'2017-08-07'),(1620,986,2764,'2017-09-05'),(1621,477,2765,'2017-08-22'),(1622,842,2766,'2017-09-05'),(1623,844,2767,'2017-08-07'),(1624,844,2768,'2017-08-07'),(1625,845,2769,'2017-09-05'),(1626,845,2770,'2017-08-07'),(1627,846,2771,'2017-08-07'),(1628,846,2772,'2017-08-07'),(1629,847,2773,'2017-08-07'),(1630,847,2774,'2017-08-07'),(1631,848,2775,'2017-08-07'),(1632,848,2776,'2017-08-07'),(1633,849,2777,'2017-08-07'),(1634,849,2778,'2017-08-07'),(1635,850,2779,'2017-08-07'),(1636,850,2780,'2017-09-05'),(1637,858,2781,'2017-08-07'),(1638,858,2782,'2017-08-07'),(1639,859,2783,'2017-08-07'),(1640,859,2784,'2017-08-07'),(1641,860,2785,'2017-08-07'),(1642,860,2786,'2017-08-07'),(1643,861,2787,'2017-09-11'),(1644,861,2788,'2017-08-15'),(1645,862,2789,'2017-08-07'),(1646,862,2790,'2017-09-05'),(1647,863,2791,'2017-08-07'),(1648,863,2792,'2017-08-07'),(1649,986,2585,'2017-09-18'),(1650,800,2589,'2017-08-07'),(1651,149,2593,'2017-09-05'),(1652,938,2688,'2017-08-19'),(1653,800,2690,'2017-08-07'),(1654,801,2691,'2017-08-07'),(1655,801,2692,'2017-08-07'),(1656,802,2693,'2017-08-07'),(1657,802,2694,'2017-08-07'),(1658,803,2695,'2017-08-07'),(1659,803,2696,'2017-08-07'),(1660,986,2698,'2017-09-18'),(1661,986,2699,'2017-09-18'),(1662,986,2700,'2017-09-18'),(1663,946,2701,'2017-08-19'),(1664,941,2702,'2017-08-19'),(1665,871,2703,'2017-08-26'),(1666,943,2704,'2017-08-19'),(1667,942,2706,'2017-08-19'),(1668,986,2707,'2017-08-18'),(1669,928,2708,'2017-08-19'),(1670,986,2709,'2017-08-15'),(1671,147,2710,'2017-09-05'),(1672,986,2711,'2017-08-15'),(1673,33,2712,'2017-09-01'),(1674,986,2713,'2017-08-15'),(1675,986,2714,'2017-08-15'),(1676,986,2717,'2017-09-18'),(1677,986,2718,'2017-09-18'),(1678,935,2725,'2017-08-19'),(1679,944,2726,'2017-08-19'),(1680,868,2727,'2017-08-26'),(1681,939,2728,'2017-08-19'),(1682,942,2729,'2017-08-19'),(1683,937,2730,'2017-08-19'),(1684,986,2731,'2017-08-31'),(1685,146,2732,'2017-09-05'),(1686,986,2733,'2017-09-18'),(1687,986,2734,'2017-09-18'),(1688,823,2735,'2017-08-07'),(1689,823,2736,'2017-08-07'),(1690,824,2737,'2017-08-07'),(1691,824,2738,'2017-08-07'),(1692,825,2739,'2017-08-07'),(1693,825,2740,'2017-08-07'),(1694,826,2741,'2017-08-07'),(1695,826,2742,'2017-08-07'),(1696,827,2743,'2017-08-07'),(1697,827,2744,'2017-08-07'),(1698,828,2745,'2017-08-07'),(1699,828,2746,'2017-08-07'),(1700,938,3017,'2017-08-19'),(1701,33,2583,'2017-09-01'),(1702,791,2595,'2017-09-06'),(1703,928,2601,'2017-08-19'),(1704,939,2613,'2017-08-19'),(1705,881,2615,'2017-08-26'),(1706,936,2617,'2017-08-25'),(1707,986,2619,'2017-08-18'),(1708,986,2634,'2017-08-15'),(1709,146,2642,'2017-09-05'),(1710,145,2644,'2017-09-05'),(1711,749,2645,'2017-08-17'),(1712,148,2646,'2017-09-05'),(1713,920,2652,'2017-08-26'),(1714,935,2654,'2017-08-19'),(1715,940,2656,'2017-08-21'),(1716,946,2658,'2017-08-19'),(1717,911,2660,'2017-08-26'),(1718,792,2661,'2017-09-06'),(1719,986,2662,'2017-09-02'),(1720,986,2664,'2017-09-02'),(1721,986,2667,'2017-09-02'),(1722,986,2668,'2017-09-02'),(1723,986,2669,'2017-09-02'),(1724,986,2670,'2017-09-06'),(1725,986,2671,'2017-08-25'),(1726,35,2672,'2017-09-01'),(1727,986,2683,'2017-09-02'),(1728,149,2686,'2017-09-05'),(1729,988,1033,'2017-08-07'),(1730,988,1034,'2017-08-07'),(1731,988,1035,'2017-08-07'),(1732,25,1036,'2017-09-01'),(1733,988,1037,'2017-08-07'),(1734,988,1038,'2017-08-07'),(1735,967,2793,'2017-08-08'),(1736,967,2794,'2017-08-08'),(1737,968,2795,'2017-08-07'),(1738,968,2796,'2017-08-07'),(1739,968,2797,'2017-08-26'),(1740,969,2798,'2017-08-07'),(1741,969,2799,'2017-08-07'),(1742,969,2800,'2017-08-07'),(1743,970,2801,'2017-08-07'),(1744,970,2802,'2017-08-07'),(1745,971,2803,'2017-08-07'),(1746,971,2804,'2017-08-07'),(1747,971,2805,'2017-08-07'),(1748,972,2806,'2017-08-07'),(1749,972,2807,'2017-08-07'),(1750,972,2808,'2017-08-07'),(1751,973,2809,'2017-08-07'),(1752,973,2810,'2017-08-07'),(1753,973,2811,'2017-08-07'),(1754,976,2815,'2017-08-22'),(1755,978,2816,'2017-08-07'),(1756,978,2817,'2017-08-07'),(1757,979,2818,'2017-08-07'),(1758,979,2819,'2017-08-07'),(1759,986,2820,'2017-09-01'),(1760,980,2821,'2017-08-07'),(1761,980,2822,'2017-08-07'),(1762,981,2823,'2017-08-07'),(1763,981,2824,'2017-08-07'),(1764,779,1015,'2017-09-05'),(1765,779,1016,'2017-09-05'),(1766,975,2812,'2017-08-07'),(1767,975,2813,'2017-08-07'),(1768,975,2814,'2017-08-23'),(1769,984,2825,'2017-08-15'),(1770,984,2826,'2017-08-15'),(1771,986,1000,'2017-08-17'),(1772,782,1001,'2017-09-05'),(1773,782,1002,'2017-09-05'),(1774,783,1003,'2017-09-05'),(1775,783,1004,'2017-09-05'),(1776,785,1005,'2017-09-05'),(1777,785,1006,'2017-09-05'),(1778,985,2827,'2017-08-16'),(1779,985,2828,'2017-08-16'),(1780,882,2847,'2017-08-26'),(1781,866,2848,'2017-08-07'),(1782,865,2849,'2017-08-26'),(1783,865,2850,'2017-08-26'),(1784,866,2851,'2017-08-26'),(1785,867,2852,'2017-08-26'),(1786,867,2853,'2017-08-26'),(1787,869,2854,'2017-08-26'),(1788,869,2855,'2017-08-26'),(1789,870,2856,'2017-08-07'),(1790,870,2857,'2017-08-07'),(1791,872,2858,'2017-08-07'),(1792,872,2859,'2017-08-07'),(1793,876,2860,'2017-08-26'),(1794,876,2861,'2017-08-26'),(1795,986,2862,'2017-08-26'),(1796,875,2863,'2017-08-26'),(1797,874,2864,'2017-08-26'),(1798,874,2865,'2017-08-26'),(1799,873,2866,'2017-08-26'),(1800,873,2867,'2017-08-26'),(1801,877,2868,'2017-08-07'),(1802,877,2869,'2017-08-07'),(1803,880,2870,'2017-08-26'),(1804,880,2871,'2017-08-26'),(1805,879,2872,'2017-08-26'),(1806,986,2873,'2017-08-26'),(1807,881,2874,'2017-08-16'),(1808,883,2875,'2017-08-26'),(1809,883,2876,'2017-08-26'),(1810,986,2877,'2017-08-26'),(1811,882,2878,'2017-08-26'),(1812,884,2879,'2017-08-26'),(1813,884,2880,'2017-08-26'),(1814,889,2881,'2017-09-01'),(1815,889,2882,'2017-09-01'),(1816,887,2883,'2017-08-21'),(1817,887,2884,'2017-08-21'),(1818,886,2885,'2017-09-01'),(1819,886,2886,'2017-09-01'),(1820,885,2887,'2017-09-01'),(1821,885,2888,'2017-09-01'),(1822,890,2889,'2017-09-01'),(1823,890,2890,'2017-09-01'),(1824,891,2891,'2017-09-01'),(1825,891,2892,'2017-09-01'),(1826,892,2893,'2017-08-21'),(1827,892,2894,'2017-08-21'),(1828,893,2895,'2017-09-01'),(1829,893,2896,'2017-09-01'),(1830,897,2897,'2017-09-01'),(1832,896,2899,'2017-09-01'),(1833,896,2900,'2017-09-01'),(1834,895,2901,'2017-09-01'),(1835,895,2902,'2017-09-01'),(1836,898,2903,'2017-09-01'),(1837,898,2904,'2017-09-01'),(1838,899,2905,'2017-09-01'),(1839,899,2906,'2017-09-01'),(1840,900,2907,'2017-09-01'),(1841,900,2908,'2017-09-01'),(1842,901,2909,'2017-08-21'),(1843,901,2910,'2017-08-21'),(1844,903,2911,'2017-09-01'),(1845,903,2912,'2017-09-01'),(1846,999,2913,'2017-09-01'),(1847,999,2914,'2017-09-01'),(1848,998,2915,'2017-09-01'),(1849,998,2916,'2017-09-01'),(1850,997,2917,'2017-08-21'),(1851,997,2918,'2017-08-21'),(1852,904,2919,'2017-09-01'),(1853,936,2920,'2017-08-19'),(1854,906,2921,'2017-08-26'),(1855,906,2922,'2017-08-26'),(1856,905,2923,'2017-08-26'),(1857,907,2924,'2017-08-07'),(1858,907,2925,'2017-08-26'),(1859,908,2926,'2017-08-07'),(1860,909,2927,'2017-08-07'),(1861,909,2928,'2017-08-26'),(1862,913,2929,'2017-08-26'),(1863,912,2930,'2017-08-26'),(1864,912,2931,'2017-08-26'),(1865,911,2932,'2017-08-26'),(1866,910,2933,'2017-08-26'),(1867,914,2934,'2017-08-07'),(1868,916,2935,'2017-08-26'),(1869,916,2936,'2017-08-26'),(1870,917,2937,'2017-08-26'),(1871,921,2938,'2017-08-26'),(1872,986,2939,'2017-08-26'),(1873,986,2940,'2017-08-28'),(1874,918,2941,'2017-08-26'),(1875,986,2942,'2017-08-26'),(1876,924,2943,'2017-08-07'),(1877,925,2944,'2017-08-07'),(1878,926,2945,'2017-08-07'),(1879,926,2946,'2017-08-07'),(1880,927,2947,'2017-08-07'),(1881,927,2948,'2017-08-07'),(1882,929,2949,'2017-08-07'),(1883,929,2950,'2017-08-07'),(1884,930,2951,'2017-08-07'),(1885,930,2952,'2017-08-19'),(1886,934,2953,'2017-08-19'),(1887,934,2954,'2017-08-19'),(1888,933,2955,'2017-08-19'),(1889,933,2956,'2017-08-19'),(1890,932,2957,'2017-08-19'),(1891,932,2958,'2017-08-19'),(1892,931,2959,'2017-08-19'),(1893,931,2960,'2017-08-19'),(1894,888,2961,'2017-09-01'),(1895,902,2962,'2017-09-01'),(1896,986,2963,'2017-08-19'),(1897,904,2964,'2017-09-01'),(1898,937,2965,'2017-08-19'),(1899,894,2966,'2017-09-01'),(1900,894,2967,'2017-09-01'),(1901,902,2968,'2017-09-01'),(1902,996,2969,'2017-09-01'),(1903,888,2970,'2017-09-01'),(1904,145,2971,'2017-09-05'),(1905,996,2972,'2017-09-01'),(1906,943,2973,'2017-08-07'),(1907,947,2974,'2017-08-07'),(1908,947,2975,'2017-08-21'),(1909,949,2976,'2017-08-21'),(1910,949,2977,'2017-08-21'),(1911,948,2978,'2017-08-19'),(1912,948,2979,'2017-08-19'),(1913,950,2980,'2017-08-07'),(1914,950,2981,'2017-08-19'),(1915,951,2982,'2017-08-07'),(1916,951,2983,'2017-08-07'),(1917,952,2984,'2017-08-07'),(1918,952,2985,'2017-08-07'),(1919,953,2986,'2017-08-07'),(1920,953,2987,'2017-08-07'),(1921,954,2988,'2017-08-07'),(1922,954,2989,'2017-08-07'),(1923,955,2990,'2017-08-07'),(1924,955,2991,'2017-08-07'),(1925,956,2992,'2017-08-07'),(1926,956,2993,'2017-08-07'),(1927,769,2994,'2017-09-05'),(1928,719,2995,'2017-09-04'),(1929,762,2996,'2017-08-15'),(1930,717,2997,'2017-09-04'),(1931,959,2998,'2017-08-07'),(1932,718,2999,'2017-09-04'),(1933,752,3000,'2017-08-15'),(1934,724,3001,'2017-09-04'),(1935,760,3002,'2017-08-15'),(1936,725,3003,'2017-09-04'),(1937,962,3004,'2017-08-07'),(1938,962,3005,'2017-08-07'),(1939,759,3006,'2017-08-15'),(1940,720,3007,'2017-09-04'),(1941,764,3008,'2017-08-26'),(1942,722,3009,'2017-09-04'),(1943,755,3010,'2017-08-17'),(1944,721,3011,'2017-09-04'),(1945,754,3012,'2017-08-15'),(1946,723,3013,'2017-09-04'),(1947,753,3014,'2017-08-15'),(1948,726,3015,'2017-09-04'),(1949,746,2633,'2017-08-17'),(1950,747,2635,'2017-08-17'),(1951,37,2636,'2017-08-17'),(1952,965,2637,'2017-08-19'),(1953,965,2638,'2017-08-19'),(1954,964,2639,'2017-08-19'),(1955,66,2640,'2017-09-05'),(1956,964,2641,'2017-08-19'),(1957,748,2643,'2017-08-17'),(1958,751,2647,'2017-08-17'),(1959,923,2648,'2017-08-26'),(1960,960,2649,'2017-08-19'),(1961,925,2650,'2017-08-26'),(1962,983,2651,'2017-08-19'),(1963,986,2653,'2017-08-07'),(1964,986,2655,'2017-08-07'),(1965,986,2657,'2017-08-07'),(1966,150,2659,'2017-09-05'),(1967,957,2663,'2017-08-19'),(1968,836,2665,'2017-09-05'),(1969,919,2666,'2017-08-26'),(1970,986,2673,'2017-08-07'),(1971,986,2674,'2017-09-06'),(1972,917,2675,'2017-08-26'),(1973,986,2676,'2017-08-07'),(1974,924,2677,'2017-08-26'),(1975,544,2678,'2017-08-25'),(1976,89,2679,'2017-08-22'),(1977,261,2680,'2017-08-14'),(1978,986,2681,'2017-08-07'),(1979,986,2682,'2017-08-07'),(1980,150,2684,'2017-09-05'),(1981,836,2685,'2017-09-05'),(1982,763,2687,'2017-08-15'),(1983,765,2689,'2017-08-15'),(1984,756,2697,'2017-09-08'),(1985,986,2705,'2017-08-25'),(1986,784,2715,'2017-09-05'),(1987,784,2716,'2017-09-05'),(1988,915,2719,'2017-08-26'),(1989,986,2720,'2017-08-07'),(1990,875,2721,'2017-08-26'),(1991,762,2722,'2017-09-06'),(1992,34,2723,'2017-09-01'),(1993,986,2724,'2017-08-07'),(1994,780,1007,'2017-09-05'),(1995,780,1008,'2017-09-05'),(1996,781,1009,'2017-09-05'),(1997,781,1010,'2017-09-05'),(1998,986,1011,'2017-09-08'),(1999,986,1012,'2017-09-08'),(2000,758,1013,'2017-08-15'),(2001,758,1014,'2017-08-15'),(2002,103,1017,'2017-09-05'),(2003,921,1018,'2017-08-26'),(2004,986,1019,'2017-08-07'),(2005,918,1020,'2017-08-26'),(2006,986,1021,'2017-08-07'),(2007,945,1022,'2017-08-19'),(2008,986,1023,'2017-08-07'),(2009,922,1024,'2017-08-26'),(2010,148,1025,'2017-09-05'),(2011,986,1026,'2017-08-07'),(2012,986,1027,'2017-08-07'),(2013,879,1028,'2017-08-26'),(2014,266,1029,'2017-08-14'),(2015,871,1030,'2017-08-26'),(2016,788,1031,'2017-09-05'),(2017,986,1032,'2017-08-07'),(2018,868,3104,'2017-08-26'),(2019,878,3106,'2017-08-26'),(2048,910,3107,'2017-08-26'),(2049,986,3108,'2017-08-07'),(2050,788,3109,'2017-09-05'),(2051,986,3110,'2017-08-08'),(2052,958,3111,'2017-08-19'),(2053,986,3112,'2017-08-25'),(2054,940,3113,'2017-08-19'),(2055,986,3114,'2017-08-25'),(2056,961,3115,'2017-08-21'),(2057,966,3116,'2017-08-21'),(2058,966,3117,'2017-08-21'),(2059,757,3118,'2017-08-21'),(2060,785,3119,'2017-09-05'),(2061,783,3120,'2017-09-05'),(2062,986,3121,'2017-09-02'),(2063,851,3122,'2017-08-21'),(2064,851,3123,'2017-08-21'),(2065,990,3124,'2017-08-21'),(2066,813,3125,'2017-08-21'),(2067,977,3126,'2017-08-22'),(2068,969,3127,'2017-08-22'),(2069,976,3128,'2017-08-22'),(2070,376,3129,'2017-08-22'),(2071,986,3130,'2017-08-23'),(2072,37,3131,'2017-08-23'),(2073,37,3132,'2017-08-23'),(2074,38,3133,'2017-08-23'),(2075,519,3134,'2017-08-24'),(3600,941,4659,'2017-08-25'),(3601,945,4660,'2017-08-25'),(3602,109,4661,'2017-08-26'),(3603,920,4662,'2017-08-26'),(3604,922,4663,'2017-08-26'),(3605,923,4664,'2017-08-26'),(3606,905,4665,'2017-08-26'),(3607,908,4666,'2017-08-26'),(3608,913,4667,'2017-08-26'),(3609,914,4668,'2017-08-26'),(3610,878,4670,'2017-08-26'),(3611,330,4671,'2017-08-28'),(3612,333,4672,'2017-08-28'),(3613,754,4673,'2017-09-04'),(3614,724,4674,'2017-08-28'),(3615,986,4675,'2017-08-29'),(3616,1678,4676,'2017-08-29'),(3617,986,4677,'2017-08-29'),(3618,1678,4678,'2017-08-29'),(3619,1677,4679,'2017-08-29'),(3620,1676,4680,'2017-08-29'),(3621,1675,4681,'2017-08-29'),(3622,1679,4682,'2017-08-29'),(3623,1692,4683,'2017-08-29'),(3624,1679,4684,'2017-08-29'),(3625,1680,4685,'2017-08-29'),(3626,1677,4686,'2017-08-29'),(3627,1676,4687,'2017-08-29'),(3628,1675,4688,'2017-08-29'),(3629,1675,4689,'2017-08-29'),(3630,772,4690,'2017-08-29'),(3631,1679,4691,'2017-08-30'),(3632,1679,4692,'2017-08-30'),(3633,1679,4693,'2017-08-30'),(3634,1693,4694,'2017-08-30'),(3635,1693,4695,'2017-08-30'),(3636,1693,4696,'2017-08-30'),(3637,1693,4697,'2017-08-30'),(3638,1693,4698,'2017-08-30'),(3639,1693,4699,'2017-08-30'),(3640,1693,4700,'2017-08-30'),(3641,1693,4701,'2017-08-30'),(3642,1693,4702,'2017-08-30'),(3643,1693,4703,'2017-08-30'),(3644,1693,4704,'2017-08-30'),(3645,1693,4705,'2017-08-30'),(3646,1693,4706,'2017-08-30'),(3647,1693,4707,'2017-08-30'),(3648,1693,4708,'2017-08-30'),(3649,1693,4709,'2017-08-30'),(3650,1693,4710,'2017-08-30'),(3651,1693,4711,'2017-08-30'),(3652,1693,4712,'2017-08-30'),(3653,1693,4713,'2017-08-30'),(3654,1693,4714,'2017-08-30'),(3655,1693,4715,'2017-08-30'),(3656,1693,4716,'2017-08-30'),(3657,1693,4717,'2017-08-30'),(3658,1693,4718,'2017-08-30'),(3659,1693,4719,'2017-08-30'),(3660,1693,4720,'2017-08-30'),(3661,1693,4721,'2017-08-30'),(3662,1693,4722,'2017-08-30'),(3663,1693,4723,'2017-08-30'),(3664,1693,4724,'2017-08-30'),(3665,1693,4725,'2017-08-30'),(3666,1693,4726,'2017-08-30'),(3667,1693,4727,'2017-08-30'),(3668,1693,4728,'2017-08-30'),(3669,1693,4729,'2017-08-30'),(3670,1693,4730,'2017-08-30'),(3671,1693,4731,'2017-08-30'),(3672,1693,4732,'2017-08-30'),(3673,1693,4733,'2017-08-30'),(3674,1693,4734,'2017-08-30'),(3675,1693,4735,'2017-08-30'),(3676,1693,4736,'2017-08-30'),(3677,1693,4737,'2017-08-30'),(3678,1693,4738,'2017-08-30'),(3679,1693,4739,'2017-08-30'),(3680,1693,4740,'2017-08-30'),(3681,1693,4741,'2017-08-30'),(3682,1693,4742,'2017-08-30'),(3683,1693,4743,'2017-08-30'),(3684,1693,4744,'2017-08-30'),(3685,1693,4745,'2017-08-30'),(3686,1693,4746,'2017-08-30'),(3687,1693,4747,'2017-08-30'),(3688,1693,4748,'2017-08-30'),(3689,1693,4749,'2017-08-30'),(3690,1693,4750,'2017-08-30'),(3691,1693,4751,'2017-08-30'),(3692,1693,4752,'2017-08-30'),(3693,1693,4753,'2017-08-30'),(3694,1693,4754,'2017-08-30'),(3695,1693,4755,'2017-08-30'),(3696,1693,4756,'2017-08-30'),(3697,1693,4757,'2017-08-30'),(3698,1693,4758,'2017-08-30'),(3699,1693,4759,'2017-08-30'),(3700,1693,4760,'2017-08-30'),(3701,1693,4761,'2017-08-30'),(3702,1693,4762,'2017-08-30'),(3703,1693,4763,'2017-08-30'),(3704,1693,4764,'2017-08-30'),(3705,1693,4765,'2017-08-30'),(3706,1693,4766,'2017-08-30'),(3707,1693,4767,'2017-08-30'),(3708,1693,4768,'2017-08-30'),(3709,1693,4769,'2017-08-30'),(3710,1693,4770,'2017-08-30'),(3711,1693,4771,'2017-08-30'),(3712,1693,4772,'2017-08-30'),(3713,1693,4773,'2017-08-30'),(3714,1693,4774,'2017-08-30'),(3715,1693,4775,'2017-08-30'),(3716,1693,4776,'2017-08-30'),(3717,1693,4777,'2017-08-30'),(3718,1693,4778,'2017-08-30'),(3719,1693,4779,'2017-08-30'),(3720,1693,4780,'2017-08-30'),(3721,1693,4781,'2017-08-30'),(3722,1693,4782,'2017-08-30'),(3723,1693,4783,'2017-08-30'),(3724,1693,4784,'2017-08-30'),(3725,1693,4785,'2017-08-30'),(3726,1693,4786,'2017-08-30'),(3727,1693,4787,'2017-08-30'),(3728,1693,4788,'2017-08-30'),(3729,1693,4789,'2017-08-30'),(3730,1693,4790,'2017-08-30'),(3731,1693,4791,'2017-08-30'),(3732,1693,4792,'2017-08-30'),(3733,1693,4793,'2017-08-30'),(3734,1693,4794,'2017-08-30'),(3735,1693,4795,'2017-08-30'),(3736,1693,4796,'2017-08-30'),(3737,1693,4797,'2017-08-30'),(3738,1693,4798,'2017-08-30'),(3739,1693,4799,'2017-08-30'),(3740,1693,4800,'2017-08-30'),(3741,1693,4801,'2017-08-30'),(3742,1693,4802,'2017-08-30'),(3743,1693,4803,'2017-08-30'),(3744,1693,4804,'2017-08-30'),(3745,1693,4805,'2017-08-30'),(3746,1693,4806,'2017-08-30'),(3747,1694,4807,'2017-08-30'),(3748,1694,4808,'2017-08-30'),(3749,1694,4809,'2017-08-30'),(3750,1694,4810,'2017-08-30'),(3751,1694,4811,'2017-08-30'),(3752,1694,4812,'2017-08-30'),(3753,1694,4813,'2017-08-30'),(3754,1694,4814,'2017-08-30'),(3755,1694,4815,'2017-08-30'),(3756,1694,4816,'2017-08-30'),(3757,1694,4817,'2017-08-30'),(3758,1694,4818,'2017-08-30'),(3759,1694,4819,'2017-08-30'),(3760,1694,4820,'2017-08-30'),(3761,1694,4821,'2017-08-30'),(3762,1694,4822,'2017-08-30'),(3763,1694,4823,'2017-08-30'),(3764,1694,4824,'2017-08-30'),(3765,1694,4825,'2017-08-30'),(3766,1694,4826,'2017-08-30'),(3767,1694,4827,'2017-08-30'),(3768,1694,4828,'2017-08-30'),(3769,1694,4829,'2017-08-30'),(3770,1694,4830,'2017-08-30'),(3771,1694,4831,'2017-08-30'),(3772,1694,4832,'2017-08-30'),(3773,1694,4833,'2017-08-30'),(3774,1694,4834,'2017-08-30'),(3775,1694,4835,'2017-08-30'),(3776,1694,4836,'2017-08-30'),(3777,1694,4837,'2017-08-30'),(3778,1694,4838,'2017-08-30'),(3779,1694,4839,'2017-08-30'),(3780,1694,4840,'2017-08-30'),(3781,1694,4841,'2017-08-30'),(3782,1694,4842,'2017-08-30'),(3783,1694,4843,'2017-08-30'),(3784,1694,4844,'2017-08-30'),(3785,1694,4845,'2017-08-30'),(3786,1694,4846,'2017-08-30'),(3787,1694,4847,'2017-08-30'),(3788,1694,4848,'2017-08-30'),(3789,1694,4849,'2017-08-30'),(3790,1694,4850,'2017-08-30'),(3791,1694,4851,'2017-08-30'),(3792,1694,4852,'2017-08-30'),(3793,1694,4853,'2017-08-30'),(3794,1694,4854,'2017-08-30'),(3795,1694,4855,'2017-08-30'),(3796,1694,4856,'2017-08-30'),(3797,1694,4857,'2017-08-30'),(3798,1694,4858,'2017-08-30'),(3799,1694,4859,'2017-08-30'),(3800,1694,4860,'2017-08-30'),(3801,1694,4861,'2017-08-30'),(3802,1694,4862,'2017-08-30'),(3803,1694,4863,'2017-08-30'),(3804,1694,4864,'2017-08-30'),(3805,1694,4865,'2017-08-30'),(3806,1694,4866,'2017-08-30'),(3807,1694,4867,'2017-08-30'),(3808,1694,4868,'2017-08-30'),(3809,1694,4869,'2017-08-30'),(3810,1694,4870,'2017-08-30'),(3811,1694,4871,'2017-08-30'),(3812,1694,4872,'2017-08-30'),(3813,1694,4873,'2017-08-30'),(3814,1694,4874,'2017-08-30'),(3815,1694,4875,'2017-08-30'),(3816,1694,4876,'2017-08-30'),(3817,1694,4877,'2017-08-30'),(3818,1694,4878,'2017-08-30'),(3819,1695,4879,'2017-08-30'),(3820,1695,4880,'2017-08-30'),(3821,1695,4881,'2017-08-30'),(3822,1695,4882,'2017-08-30'),(3823,1695,4883,'2017-08-30'),(3824,1695,4884,'2017-08-30'),(3825,1695,4885,'2017-08-30'),(3826,1695,4886,'2017-08-30'),(3827,1695,4887,'2017-08-30'),(3828,1695,4888,'2017-08-30'),(3829,1695,4889,'2017-08-30'),(3830,1695,4890,'2017-08-30'),(3831,1695,4891,'2017-08-30'),(3832,1695,4892,'2017-08-30'),(3833,1695,4893,'2017-08-30'),(3834,1695,4894,'2017-08-30'),(3835,1695,4895,'2017-08-30'),(3836,1695,4896,'2017-08-30'),(3837,1695,4897,'2017-08-30'),(3838,1695,4898,'2017-08-30'),(3839,1695,4899,'2017-08-30'),(3840,1695,4900,'2017-08-30'),(3841,1695,4901,'2017-08-30'),(3842,1695,4902,'2017-08-30'),(3843,1695,4903,'2017-08-30'),(3844,1695,4904,'2017-08-30'),(3845,1695,4905,'2017-08-30'),(3846,1695,4906,'2017-08-30'),(3847,1695,4907,'2017-08-30'),(3848,1695,4908,'2017-08-30'),(3849,1695,4909,'2017-08-30'),(3850,1695,4910,'2017-08-30'),(3851,1695,4911,'2017-08-30'),(3852,1695,4912,'2017-08-30'),(3853,1695,4913,'2017-08-30'),(3854,1695,4914,'2017-08-30'),(3855,1695,4915,'2017-08-30'),(3856,1695,4916,'2017-08-30'),(3857,1695,4917,'2017-08-30'),(3858,1695,4918,'2017-08-30'),(3859,1695,4919,'2017-08-30'),(3860,1695,4920,'2017-08-30'),(3861,1695,4921,'2017-08-30'),(3862,1695,4922,'2017-08-30'),(3863,1695,4923,'2017-08-30'),(3864,1695,4924,'2017-08-30'),(3865,1695,4925,'2017-08-30'),(3866,1692,4926,'2017-08-30'),(3867,1692,4927,'2017-08-30'),(3868,1692,4928,'2017-08-30'),(3869,1696,4929,'2017-08-31'),(3870,1699,4930,'2017-08-31'),(3871,1696,4931,'2017-08-31'),(3872,1696,4932,'2017-09-05'),(3873,1697,4933,'2017-08-31'),(3874,1697,4934,'2017-08-31'),(3875,1697,4935,'2017-08-31'),(3876,1697,4936,'2017-08-31'),(3877,1697,4937,'2017-08-31'),(3878,1692,4938,'2017-08-30'),(3879,1692,4939,'2017-08-30'),(3880,1699,4940,'2017-09-01'),(3881,1692,4941,'2017-08-30'),(3882,1692,4942,'2017-08-30'),(3883,1692,4943,'2017-08-30'),(3884,1692,4944,'2017-08-30'),(3885,1692,4945,'2017-08-30'),(3886,1692,4946,'2017-08-30'),(3887,1692,4947,'2017-08-30'),(3888,1692,4948,'2017-08-30'),(3889,1692,4949,'2017-08-30'),(3890,1692,4950,'2017-08-30'),(3891,1692,4951,'2017-08-30'),(3892,1692,4952,'2017-08-30'),(3893,1692,4953,'2017-08-30'),(3894,1692,4954,'2017-08-30'),(3895,1692,4955,'2017-08-30'),(3896,1692,4956,'2017-08-30'),(3897,1692,4957,'2017-08-30'),(3898,987,4958,'2017-09-01'),(3899,1696,4959,'2017-09-01'),(3900,1697,4960,'2017-09-01'),(3901,1698,4961,'2017-09-01'),(3902,987,4962,'2017-08-31'),(3903,987,4963,'2017-08-31'),(3904,987,4964,'2017-08-31'),(3905,987,4965,'2017-08-31'),(3906,1680,4966,'2017-08-31'),(3907,1680,4967,'2017-08-31'),(3908,987,4968,'2017-08-31'),(3909,987,4969,'2017-08-31'),(3910,987,4970,'2017-08-31'),(3911,987,4971,'2017-08-31'),(3912,987,4972,'2017-08-31'),(3913,987,4973,'2017-08-31'),(3914,987,4974,'2017-08-31'),(3915,987,4975,'2017-09-07'),(3916,987,4976,'2017-09-07'),(3917,1696,4977,'2017-08-31'),(3918,1696,4978,'2017-08-31'),(3919,1696,4979,'2017-09-05'),(3920,1696,4980,'2017-08-31'),(3921,1696,4981,'2017-08-31'),(3922,1696,4982,'2017-08-31'),(3923,1696,4983,'2017-08-31'),(3924,1696,4984,'2017-08-31'),(3925,1697,4987,'2017-08-31'),(3926,1697,4988,'2017-08-31'),(3927,1697,4989,'2017-08-31'),(3928,1697,4990,'2017-08-31'),(3929,1697,4991,'2017-08-31'),(3930,1697,4992,'2017-08-31'),(3931,1697,4993,'2017-08-31'),(3932,1697,4994,'2017-08-31'),(3933,1697,4995,'2017-08-31'),(3934,1697,4996,'2017-08-31'),(3935,1698,4997,'2017-08-31'),(3936,1698,4998,'2017-08-31'),(3937,1698,4999,'2017-08-31'),(3938,1698,5000,'2017-08-31'),(3939,1698,5001,'2017-08-31'),(3940,1698,5002,'2017-08-31'),(3941,1698,5003,'2017-08-31'),(3942,1698,5004,'2017-08-31'),(3943,1698,5005,'2017-08-31'),(3944,1698,5006,'2017-08-31'),(3945,1698,5007,'2017-08-31'),(3946,1698,5008,'2017-08-31'),(3947,1698,5009,'2017-08-31'),(3948,1698,5010,'2017-08-31'),(3949,1698,5011,'2017-08-31'),(3950,1698,5012,'2017-08-31'),(3951,1698,5013,'2017-08-31'),(3952,1698,5014,'2017-08-31'),(3953,1698,5015,'2017-08-31'),(3954,1698,5016,'2017-08-31'),(3955,1698,5017,'2017-08-31'),(3956,1698,5018,'2017-08-31'),(3957,1698,5019,'2017-08-31'),(3958,1698,5020,'2017-08-31'),(3959,1699,5021,'2017-08-31'),(3960,1699,5022,'2017-08-31'),(3961,1699,5023,'2017-08-31'),(3962,1699,5024,'2017-08-31'),(3963,1699,5025,'2017-08-31'),(3964,1699,5026,'2017-08-31'),(3965,1699,5027,'2017-08-31'),(3966,1699,5028,'2017-08-31'),(3967,1699,5029,'2017-08-31'),(3968,1699,5030,'2017-08-31'),(3969,1699,5031,'2017-09-07'),(3970,1699,5032,'2017-09-07'),(3971,1699,5033,'2017-08-31'),(3972,1699,5034,'2017-08-31'),(3973,1690,5035,'2017-08-31'),(3974,1675,5036,'2017-08-31'),(3975,1675,5037,'2017-08-31'),(3976,1675,5038,'2017-08-31'),(3977,1675,5039,'2017-08-31'),(3978,1676,5040,'2017-08-31'),(3979,1676,5041,'2017-08-31'),(3980,1676,5042,'2017-08-31'),(3981,1676,5043,'2017-08-31'),(3982,1677,5044,'2017-08-31'),(3983,1677,5045,'2017-08-31'),(3984,1678,5046,'2017-08-31'),(3985,1684,5047,'2017-08-31'),(3986,1685,5048,'2017-08-31'),(3987,1686,5049,'2017-08-31'),(3988,1687,5050,'2017-08-31'),(3989,1688,5051,'2017-08-31'),(3990,1689,5052,'2017-08-31'),(3991,1689,5053,'2017-09-01'),(3992,1686,5054,'2017-09-01'),(3993,1686,5055,'2017-09-01'),(3994,1686,5056,'2017-09-01'),(3995,1687,5057,'2017-09-01'),(3996,1687,5058,'2017-09-01'),(3997,1687,5059,'2017-09-01'),(3998,1688,5060,'2017-09-01'),(3999,1688,5061,'2017-09-01'),(4000,1688,5062,'2017-09-01'),(4001,1680,5063,'2017-09-01'),(4002,1679,5064,'2017-09-01'),(4003,1679,5065,'2017-09-01'),(4004,1693,5066,'2017-09-01'),(4005,1692,5067,'2017-09-01'),(4006,1692,5068,'2017-09-01'),(4007,1692,5069,'2017-09-01'),(4008,1692,5070,'2017-09-01'),(4009,1692,5071,'2017-09-01'),(4010,1694,5072,'2017-09-01'),(4011,1677,5073,'2017-09-01'),(4012,1682,5074,'2017-09-01'),(4013,1695,5075,'2017-09-01'),(4014,967,5076,'2017-09-01'),(4015,967,5077,'2017-09-01'),(4016,35,5078,'2017-09-01'),(4017,986,5079,'2017-09-05'),(4018,986,5080,'2017-09-05'),(4019,986,5081,'2017-09-05'),(4020,986,5082,'2017-09-05'),(4021,986,5083,'2017-09-01'),(4022,986,5084,'2017-09-01'),(4023,986,5085,'2017-09-01'),(4024,986,5086,'2017-09-01'),(4025,986,5087,'2017-09-01'),(4026,986,5088,'2017-09-01'),(4027,986,5089,'2017-09-07'),(4028,1700,5090,'2017-09-01'),(4029,1700,5091,'2017-09-01'),(4030,986,5092,'2017-09-01'),(4031,986,5093,'2017-09-01'),(4032,986,5094,'2017-09-01'),(4033,986,5095,'2017-09-01'),(4034,986,5096,'2017-09-01'),(4035,986,5097,'2017-09-01'),(4036,986,5098,'2017-09-01'),(4037,28,5099,'2017-09-13'),(4038,986,5100,'2017-09-01'),(4039,986,5101,'2017-09-01'),(4040,986,5102,'2017-09-01'),(4041,986,5103,'2017-09-01'),(4042,986,5104,'2017-09-01'),(4043,986,5105,'2017-09-01'),(4044,986,5106,'2017-09-01'),(4045,986,5107,'2017-09-01'),(4046,986,5108,'2017-09-01'),(4047,986,5109,'2017-09-01'),(4048,986,5110,'2017-09-01'),(4049,986,5111,'2017-09-01'),(4050,986,5112,'2017-09-01'),(4051,986,5113,'2017-09-01'),(4052,986,5114,'2017-09-01'),(4053,986,5115,'2017-09-01'),(4054,986,5116,'2017-09-01'),(4055,986,5117,'2017-09-01'),(4056,986,5118,'2017-09-01'),(4057,45,5119,'2017-09-07'),(4058,147,5120,'2017-09-11'),(4059,145,5121,'2017-09-11'),(4060,146,5122,'2017-09-11'),(4061,986,5123,'2017-09-07'),(4062,986,5124,'2017-09-07'),(4063,986,5125,'2017-09-07'),(4064,986,5127,'2017-09-07'),(4065,34,5128,'2017-09-02'),(4066,1689,5129,'2017-09-05'),(4067,1689,5130,'2017-09-05'),(4068,986,5131,'2017-09-05'),(4069,843,5132,'2017-09-05'),(4070,864,5133,'2017-09-05'),(4071,864,5134,'2017-09-05'),(4072,248,5135,'2017-09-05'),(4073,1693,5136,'2017-09-05'),(4074,1694,5137,'2017-09-05'),(4075,1693,5138,'2017-09-05'),(4076,1694,5141,'2017-09-05'),(4077,1692,5142,'2017-09-05'),(4078,1695,5144,'2017-09-05'),(4079,1692,5145,'2017-09-05'),(4080,1692,5146,'2017-09-05'),(4081,1692,5147,'2017-09-05'),(4082,1692,5148,'2017-09-05'),(4083,1692,5149,'2017-09-05'),(4084,757,5150,'2017-09-05'),(4085,1701,5151,'2017-09-05'),(4086,1701,5152,'2017-09-05'),(4087,1701,5153,'2017-09-05'),(4088,1701,5154,'2017-09-05'),(4089,1701,5155,'2017-09-05'),(4090,1701,5156,'2017-09-05'),(4091,1701,5157,'2017-09-05'),(4092,1701,5158,'2017-09-05'),(4093,1701,5159,'2017-09-05'),(4094,1701,5160,'2017-09-05'),(4095,1701,5161,'2017-09-05'),(4096,1701,5162,'2017-09-05'),(4097,1701,5163,'2017-09-05'),(4098,1701,5164,'2017-09-05'),(4099,1702,5165,'2017-09-05'),(4100,1701,5166,'2017-09-05'),(4101,1702,5167,'2017-09-05'),(4102,1702,5168,'2017-09-05'),(4103,1702,5169,'2017-09-05'),(4104,1702,5170,'2017-09-05'),(4105,1702,5171,'2017-09-05'),(4106,1702,5172,'2017-09-05'),(4107,1701,5173,'2017-09-05'),(4108,1702,5174,'2017-09-05'),(4109,1701,5175,'2017-09-05'),(4110,1701,5176,'2017-09-05'),(4111,1701,5177,'2017-09-05'),(4112,157,5178,'2017-09-06'),(4113,1675,5179,'2017-09-06'),(4114,1675,5180,'2017-09-06'),(4115,1675,5181,'2017-09-06'),(4116,1675,5182,'2017-09-06'),(4117,1675,5183,'2017-09-06'),(4118,1681,5184,'2017-09-06'),(4119,1676,5185,'2017-09-06'),(4120,1676,5186,'2017-09-06'),(4121,1676,5187,'2017-09-06'),(4122,1676,5188,'2017-09-06'),(4123,1676,5189,'2017-09-06'),(4124,1676,5190,'2017-09-06'),(4125,1677,5191,'2017-09-06'),(4126,1677,5192,'2017-09-06'),(4127,1677,5193,'2017-09-06'),(4128,1677,5194,'2017-09-06'),(4129,1677,5195,'2017-09-06'),(4130,1677,5196,'2017-09-06'),(4131,1677,5197,'2017-09-06'),(4132,1678,5198,'2017-09-06'),(4133,1678,5199,'2017-09-06'),(4134,1683,5200,'2017-09-06'),(4135,1683,5201,'2017-09-06'),(4136,1679,5202,'2017-09-06'),(4137,1704,5203,'2017-09-06'),(4138,1704,5204,'2017-09-06'),(4139,1704,5205,'2017-09-06'),(4140,1704,5206,'2017-09-06'),(4141,1704,5207,'2017-09-06'),(4142,1690,5208,'2017-09-06'),(4143,1690,5209,'2017-09-06'),(4144,1703,5210,'2017-09-06'),(4145,1703,5211,'2017-09-06'),(4146,1703,5212,'2017-09-06'),(4147,1703,5213,'2017-09-06'),(4148,1703,5214,'2017-09-06'),(4149,792,5215,'2017-09-06'),(4150,1677,5218,'2017-09-07'),(4151,1677,5219,'2017-09-07'),(4152,147,5220,'2017-09-12');
/*!40000 ALTER TABLE `ocupacion` ENABLE KEYS */;
UNLOCK TABLES;

--
-- Table structure for table `puestos`
--

DROP TABLE IF EXISTS `puestos`;
/*!40101 SET @saved_cs_client     = @@character_set_client */;
/*!40101 SET character_set_client = utf8 */;
CREATE TABLE `puestos` (
  `id_puesto` int(11) NOT NULL AUTO_INCREMENT,
  `posicion` decimal(5,1) DEFAULT NULL,
  `fk_sede` int(11) NOT NULL,
  `fk_bodega` int(11) NOT NULL,
  `fk_campaign` int(11) NOT NULL,
  `fk_estado` int(11) NOT NULL,
  `fecha_puestos` date DEFAULT NULL,
  PRIMARY KEY (`id_puesto`),
  KEY `id_sede_idx` (`fk_sede`),
  KEY `id_bodega_idx` (`fk_bodega`),
  KEY `id_campaa_idx` (`fk_campaign`),
  KEY `id_estado_idx` (`fk_estado`),
  CONSTRAINT `fk_bodega_puesto` FOREIGN KEY (`fk_bodega`) REFERENCES `bodegas` (`id_bodega`) ON DELETE NO ACTION ON UPDATE NO ACTION,
  CONSTRAINT `fk_campaign_puesto` FOREIGN KEY (`fk_campaign`) REFERENCES `campaign` (`id_campaign`) ON DELETE NO ACTION ON UPDATE NO ACTION,
  CONSTRAINT `fk_estado_puesto` FOREIGN KEY (`fk_estado`) REFERENCES `estados` (`id_estados`) ON DELETE NO ACTION ON UPDATE NO ACTION,
  CONSTRAINT `fk_sede_puesto` FOREIGN KEY (`fk_sede`) REFERENCES `sedes` (`id_sede`) ON DELETE NO ACTION ON UPDATE NO ACTION
) ENGINE=InnoDB AUTO_INCREMENT=1705 DEFAULT CHARSET=utf8;
/*!40101 SET character_set_client = @saved_cs_client */;

--
-- Dumping data for table `puestos`
--

LOCK TABLES `puestos` WRITE;
/*!40000 ALTER TABLE `puestos` DISABLE KEYS */;
INSERT INTO `puestos` VALUES (1,1.0,1,7,14,1,'2017-08-08'),(2,2.0,1,7,14,1,'2017-08-08'),(3,3.0,1,7,14,1,'2017-08-08'),(4,4.0,1,7,14,1,'2017-08-17'),(5,5.0,1,7,14,1,'2017-08-17'),(6,6.0,1,7,14,1,'2017-08-17'),(7,7.0,1,7,14,1,'2017-08-08'),(8,8.0,1,7,14,1,'2017-08-08'),(9,9.0,1,7,14,1,'2017-08-08'),(10,10.0,1,7,14,1,'2017-08-08'),(11,11.0,1,7,14,1,'2017-08-08'),(12,12.0,1,7,14,1,'2017-08-08'),(13,13.0,1,7,14,1,'2017-08-17'),(14,14.0,1,7,14,1,'2017-08-17'),(15,15.0,1,7,14,1,'2017-08-17'),(16,16.0,1,7,14,1,'2017-08-17'),(17,17.0,1,7,14,1,'2017-08-17'),(18,18.0,1,7,14,1,'2017-08-17'),(19,19.0,1,7,14,1,'2017-08-08'),(20,20.0,1,7,18,1,'2017-08-08'),(21,21.0,1,7,18,1,'2017-08-08'),(22,22.0,1,7,18,1,'2017-08-08'),(23,23.0,1,7,18,1,'2017-08-08'),(24,24.0,1,7,18,1,'2017-08-08'),(25,25.0,1,7,18,1,'2017-08-08'),(26,26.0,1,7,18,1,'2017-08-08'),(27,27.0,1,7,18,1,'2017-08-08'),(28,28.0,1,7,18,1,'2017-08-08'),(29,29.0,1,7,18,1,'2017-08-08'),(30,30.0,1,7,18,1,'2017-08-08'),(31,31.0,1,7,18,1,'2017-08-08'),(32,32.0,1,7,18,1,'2017-08-08'),(33,33.0,1,7,18,1,'2017-08-08'),(34,34.0,1,7,18,1,'2017-08-08'),(35,35.0,1,7,18,1,'2017-08-08'),(36,36.0,1,7,18,1,'2017-08-08'),(37,37.0,1,1,1,1,'2017-08-17'),(38,38.0,1,1,1,1,'2017-08-23'),(39,39.0,1,1,1,1,'2017-08-08'),(40,40.0,1,1,1,1,'2017-08-08'),(41,41.0,1,1,1,1,'2017-08-08'),(42,42.0,1,1,1,1,'2017-08-08'),(43,43.0,1,1,1,1,'2017-08-08'),(44,44.0,1,1,1,1,'2017-08-08'),(45,45.0,1,1,1,1,'2017-08-08'),(46,46.0,1,1,1,2,'2017-08-08'),(47,47.0,1,1,1,1,'2017-08-08'),(48,48.0,1,1,1,1,'2017-08-08'),(49,49.0,1,1,1,1,'2017-08-08'),(50,50.0,1,1,1,1,'2017-08-16'),(51,51.0,1,1,1,1,'2017-08-14'),(52,52.0,1,1,1,1,'2017-08-08'),(53,53.0,1,1,1,1,'2017-08-14'),(54,54.0,1,1,1,1,'2017-08-16'),(55,55.0,1,1,1,1,'2017-08-08'),(56,56.0,1,1,1,1,'2017-08-08'),(57,57.0,1,1,1,1,'2017-08-08'),(58,58.0,1,1,1,1,'2017-08-08'),(59,59.0,1,1,1,1,'2017-08-08'),(60,60.0,1,1,1,1,'2017-08-08'),(61,61.0,1,1,1,1,'2017-08-16'),(62,62.0,1,1,1,1,'2017-08-08'),(63,63.0,1,1,1,1,'2017-08-08'),(64,64.0,1,1,1,1,'2017-08-08'),(65,65.0,1,1,1,1,'2017-08-14'),(66,66.0,1,1,1,2,'2017-08-26'),(67,67.0,1,1,1,1,'2017-08-08'),(68,68.0,1,1,1,1,'2017-08-08'),(69,69.0,1,1,1,1,'2017-08-08'),(70,70.0,1,1,1,1,'2017-08-08'),(71,71.0,1,1,1,1,'2017-08-08'),(72,72.0,1,1,1,1,'2017-08-08'),(73,73.0,1,1,1,1,'2017-08-08'),(74,74.0,1,1,1,1,'2017-08-08'),(75,75.0,1,1,1,1,'2017-08-08'),(76,76.0,1,1,1,1,'2017-08-08'),(77,77.0,1,1,1,1,'2017-08-08'),(78,78.0,1,1,1,1,'2017-08-08'),(79,79.0,1,1,1,1,'2017-08-14'),(80,80.0,1,1,1,1,'2017-08-08'),(81,81.0,1,1,1,1,'2017-08-08'),(82,82.0,1,1,1,1,'2017-08-08'),(83,83.0,1,1,1,1,'2017-08-08'),(84,84.0,1,1,1,1,'2017-08-26'),(85,85.0,1,1,1,1,'2017-08-08'),(86,86.0,1,1,1,1,'2017-08-08'),(87,87.0,1,1,1,1,'2017-08-08'),(88,88.0,1,1,1,1,'2017-08-08'),(89,89.0,1,1,1,1,'2017-08-22'),(90,90.0,1,1,1,1,'2017-08-08'),(91,91.0,1,1,1,1,'2017-08-14'),(92,92.0,1,1,1,1,'2017-08-08'),(93,93.0,1,1,1,1,'2017-08-08'),(94,94.0,1,1,1,1,'2017-08-08'),(95,95.0,1,1,1,1,'2017-08-08'),(96,96.0,1,1,1,1,'2017-08-08'),(97,97.0,1,1,1,1,'2017-08-08'),(98,98.0,1,1,1,1,'2017-08-08'),(99,99.0,1,1,1,1,'2017-08-08'),(100,100.0,1,1,1,1,'2017-08-08'),(101,101.0,1,1,1,1,'2017-08-08'),(102,102.0,1,1,1,1,'2017-08-08'),(103,103.0,1,1,1,1,'2017-08-08'),(104,104.0,1,1,1,1,'2017-08-08'),(105,105.0,1,1,1,1,'2017-08-08'),(106,106.0,1,1,1,1,'2017-08-08'),(107,107.0,1,1,1,1,'2017-08-08'),(108,108.0,1,1,1,1,'2017-08-08'),(109,109.0,1,1,1,1,'2017-08-26'),(110,110.0,1,1,1,1,'2017-08-08'),(111,111.0,1,1,1,1,'2017-08-26'),(112,112.0,1,1,1,1,'2017-08-26'),(113,113.0,1,1,1,1,'2017-08-26'),(114,114.0,1,1,1,1,'2017-08-08'),(115,115.0,1,1,1,1,'2017-08-08'),(116,116.0,1,1,1,1,'2017-08-08'),(117,117.0,1,1,1,1,'2017-08-08'),(118,118.0,1,1,1,1,'2017-08-08'),(119,119.0,1,1,1,1,'2017-08-08'),(120,120.0,1,1,1,1,'2017-08-08'),(121,121.0,1,1,1,1,'2017-08-08'),(122,122.0,1,1,1,1,'2017-08-08'),(123,123.0,1,1,1,1,'2017-08-08'),(124,124.0,1,1,1,1,'2017-08-08'),(125,125.0,1,1,1,1,'2017-08-08'),(126,126.0,1,1,1,1,'2017-08-26'),(127,127.0,1,1,1,1,'2017-08-08'),(128,128.0,1,1,1,1,'2017-08-08'),(129,129.0,1,1,1,1,'2017-08-26'),(130,130.0,1,1,1,1,'2017-08-26'),(131,131.0,1,1,1,1,'2017-08-26'),(132,132.0,1,1,1,1,'2017-08-26'),(133,133.0,1,1,1,1,'2017-08-26'),(134,134.0,1,1,1,1,'2017-08-08'),(135,135.0,1,1,1,1,'2017-08-26'),(136,136.0,1,1,1,1,'2017-08-08'),(137,137.0,1,1,1,1,'2017-08-26'),(138,138.0,1,1,1,1,'2017-08-08'),(139,139.0,1,1,1,1,'2017-08-08'),(140,140.0,1,1,1,1,'2017-08-08'),(141,141.0,1,1,1,1,'2017-08-08'),(142,142.0,1,1,1,1,'2017-08-08'),(143,143.0,1,1,1,1,'2017-08-08'),(144,144.0,1,1,1,1,'2017-08-08'),(145,145.0,1,1,1,1,'2017-08-08'),(146,146.0,1,1,1,1,'2017-08-08'),(147,147.0,1,1,1,1,'2017-08-08'),(148,148.0,1,1,1,1,'2017-08-08'),(149,149.0,1,1,1,1,'2017-08-08'),(150,150.0,1,1,1,1,'2017-08-08'),(151,151.0,1,1,1,1,'2017-08-08'),(152,152.0,1,1,1,1,'2017-08-08'),(153,153.0,1,1,1,1,'2017-08-08'),(154,154.0,1,1,1,1,'2017-08-08'),(155,155.0,1,1,1,1,'2017-08-08'),(156,156.0,1,1,1,1,'2017-08-26'),(157,157.0,1,1,1,1,'2017-08-08'),(158,158.0,1,1,1,1,'2017-08-08'),(159,159.0,1,1,1,1,'2017-08-08'),(160,160.0,1,1,1,1,'2017-08-08'),(161,161.0,1,1,1,1,'2017-08-08'),(162,162.0,1,1,1,1,'2017-08-08'),(163,163.0,1,1,1,1,'2017-08-08'),(164,164.0,1,1,14,1,'2017-08-08'),(165,165.0,1,1,14,1,'2017-08-08'),(166,166.0,1,1,14,1,'2017-08-08'),(167,167.0,1,1,14,1,'2017-08-08'),(168,168.0,1,1,14,1,'2017-08-08'),(169,169.0,1,1,1,1,'2017-08-08'),(170,170.0,1,1,1,1,'2017-08-08'),(171,171.0,1,1,1,1,'2017-08-08'),(172,172.0,1,1,1,1,'2017-08-08'),(173,173.0,1,1,1,1,'2017-08-08'),(174,174.0,1,1,1,1,'2017-08-08'),(175,175.0,1,1,1,1,'2017-08-15'),(176,176.0,1,1,1,1,'2017-08-14'),(177,177.0,1,1,1,1,'2017-08-08'),(178,178.0,1,1,1,1,'2017-08-08'),(179,179.0,1,1,1,1,'2017-08-15'),(180,180.0,1,1,1,1,'2017-08-08'),(181,181.0,1,1,1,1,'2017-08-08'),(182,182.0,1,1,1,1,'2017-08-08'),(183,183.0,1,1,1,1,'2017-08-08'),(184,184.0,1,1,1,1,'2017-08-08'),(185,185.0,1,1,1,1,'2017-08-08'),(186,186.0,1,1,1,1,'2017-08-08'),(187,187.0,1,1,1,1,'2017-08-08'),(188,188.0,1,1,1,1,'2017-08-08'),(189,189.0,1,1,1,1,'2017-08-08'),(190,190.0,1,1,1,1,'2017-08-08'),(191,191.0,1,1,1,1,'2017-08-08'),(192,192.0,1,1,1,1,'2017-08-16'),(193,193.0,1,1,1,1,'2017-08-08'),(194,194.0,1,1,1,1,'2017-08-08'),(195,195.0,1,1,1,1,'2017-08-08'),(196,196.0,1,1,1,1,'2017-08-08'),(197,197.0,1,1,1,1,'2017-08-08'),(198,198.0,1,1,1,1,'2017-08-08'),(199,199.0,1,1,1,1,'2017-08-08'),(200,200.0,1,1,1,1,'2017-08-16'),(201,201.0,1,1,1,1,'2017-08-08'),(202,202.0,1,1,1,1,'2017-08-08'),(203,203.0,1,1,1,1,'2017-08-08'),(204,204.0,1,1,1,1,'2017-08-08'),(205,205.0,1,1,1,1,'2017-08-08'),(206,206.0,1,1,1,1,'2017-08-14'),(207,207.0,1,1,1,1,'2017-08-08'),(208,208.0,1,1,1,1,'2017-08-08'),(209,209.0,1,1,1,1,'2017-08-08'),(210,210.0,1,1,1,1,'2017-08-08'),(211,211.0,1,1,1,1,'2017-08-08'),(212,212.0,1,1,1,1,'2017-08-08'),(213,213.0,1,1,1,1,'2017-08-08'),(214,214.0,1,1,1,1,'2017-08-08'),(215,215.0,1,1,1,1,'2017-08-08'),(216,216.0,1,1,1,1,'2017-08-08'),(217,217.0,1,1,1,1,'2017-08-08'),(218,218.0,1,1,1,1,'2017-08-08'),(219,219.0,1,1,1,1,'2017-08-08'),(220,220.0,1,1,1,1,'2017-08-08'),(221,221.0,1,1,1,1,'2017-08-08'),(222,222.0,1,1,1,1,'2017-08-08'),(223,223.0,1,1,1,1,'2017-08-08'),(224,224.0,1,1,1,1,'2017-08-08'),(225,225.0,1,1,1,1,'2017-08-08'),(226,226.0,1,1,1,1,'2017-08-08'),(227,227.0,1,1,1,1,'2017-08-08'),(228,228.0,1,1,1,1,'2017-08-08'),(229,229.0,1,1,1,1,'2017-08-08'),(230,230.0,1,1,1,1,'2017-08-08'),(231,231.0,1,1,1,1,'2017-08-08'),(232,232.0,1,1,1,1,'2017-08-08'),(233,233.0,1,1,1,1,'2017-08-08'),(234,234.0,1,1,1,1,'2017-08-08'),(235,235.0,1,1,2,1,'2017-08-08'),(236,236.0,1,1,2,1,'2017-08-08'),(237,237.0,1,1,2,1,'2017-08-08'),(238,238.0,1,1,2,1,'2017-08-08'),(239,239.0,1,1,2,1,'2017-08-08'),(240,240.0,1,1,2,1,'2017-08-08'),(241,241.0,1,1,2,1,'2017-08-08'),(242,242.0,1,1,2,1,'2017-08-08'),(243,243.0,1,1,2,1,'2017-08-08'),(244,244.0,1,1,2,1,'2017-08-08'),(245,245.0,1,1,2,1,'2017-08-08'),(246,246.0,1,1,2,1,'2017-08-08'),(247,247.0,1,1,2,1,'2017-08-14'),(248,248.0,1,1,2,1,'2017-08-08'),(249,249.0,1,1,2,1,'2017-08-08'),(250,250.0,1,1,2,1,'2017-08-14'),(251,251.0,1,1,2,1,'2017-08-08'),(252,252.0,1,1,2,1,'2017-08-08'),(253,253.0,1,1,2,1,'2017-08-08'),(254,254.0,1,1,2,1,'2017-08-08'),(255,255.0,1,1,2,1,'2017-08-08'),(256,256.0,1,1,2,1,'2017-08-14'),(257,257.0,1,1,2,1,'2017-08-08'),(258,258.0,1,1,2,1,'2017-08-08'),(259,259.0,1,1,2,1,'2017-08-08'),(260,260.0,1,1,2,1,'2017-08-08'),(261,261.0,1,1,2,1,'2017-08-14'),(262,262.0,1,1,2,1,'2017-08-08'),(263,263.0,1,1,2,1,'2017-08-08'),(264,264.0,1,1,2,1,'2017-08-08'),(265,265.0,1,1,2,1,'2017-08-08'),(266,266.0,1,1,2,1,'2017-08-14'),(267,267.0,1,1,2,1,'2017-08-08'),(268,268.0,1,1,2,1,'2017-08-08'),(269,269.0,1,1,2,1,'2017-08-08'),(270,270.0,1,1,2,1,'2017-08-08'),(271,271.0,1,1,2,1,'2017-08-14'),(272,272.0,1,1,2,1,'2017-08-08'),(273,273.0,1,1,2,1,'2017-08-14'),(274,274.0,1,1,2,1,'2017-08-08'),(275,275.0,1,1,2,1,'2017-08-08'),(276,276.0,1,1,2,1,'2017-08-08'),(277,277.0,1,1,2,1,'2017-08-08'),(278,278.0,1,1,2,1,'2017-08-08'),(279,279.0,1,1,2,1,'2017-08-08'),(280,280.0,1,1,2,1,'2017-08-08'),(281,281.0,1,1,2,1,'2017-08-08'),(282,282.0,1,1,2,1,'2017-08-16'),(283,283.0,1,1,2,1,'2017-08-08'),(284,284.0,1,1,2,1,'2017-08-08'),(285,285.0,1,1,2,1,'2017-08-08'),(286,286.0,1,1,2,1,'2017-08-08'),(287,287.0,1,1,2,1,'2017-08-08'),(288,288.0,1,1,2,1,'2017-08-08'),(289,289.0,1,1,2,1,'2017-08-08'),(290,290.0,1,1,2,1,'2017-08-08'),(291,291.0,1,1,2,1,'2017-08-08'),(292,292.0,1,1,2,1,'2017-08-08'),(293,293.0,1,1,2,1,'2017-08-08'),(294,294.0,1,1,2,1,'2017-08-08'),(295,295.0,1,1,2,1,'2017-08-08'),(296,296.0,1,1,2,1,'2017-08-08'),(297,297.0,1,1,2,1,'2017-08-08'),(298,298.0,1,1,2,1,'2017-08-08'),(299,299.0,1,1,2,1,'2017-08-08'),(300,300.0,1,1,2,1,'2017-08-08'),(301,301.0,1,1,2,1,'2017-08-08'),(302,302.0,1,1,2,1,'2017-08-08'),(303,303.0,1,1,2,1,'2017-08-08'),(304,304.0,1,1,2,1,'2017-08-08'),(305,305.0,1,1,2,1,'2017-08-08'),(306,306.0,1,1,2,1,'2017-08-08'),(307,307.0,1,1,2,1,'2017-08-08'),(308,308.0,1,1,2,1,'2017-08-08'),(309,309.0,1,1,2,1,'2017-08-08'),(310,310.0,1,1,2,1,'2017-08-08'),(311,311.0,1,1,2,1,'2017-08-08'),(312,312.0,1,1,2,1,'2017-08-08'),(313,313.0,1,1,2,1,'2017-08-08'),(314,314.0,1,1,14,1,'2017-08-08'),(315,315.0,1,1,14,1,'2017-08-08'),(316,316.0,1,1,14,1,'2017-08-08'),(317,317.0,1,1,14,1,'2017-08-08'),(318,318.0,1,1,14,1,'2017-08-08'),(319,1.0,1,2,3,1,'2017-08-08'),(320,2.0,1,2,3,1,'2017-08-08'),(321,3.0,1,2,3,1,'2017-08-16'),(322,4.0,1,2,3,1,'2017-08-08'),(323,5.0,1,2,3,1,'2017-08-08'),(324,6.0,1,2,3,1,'2017-08-08'),(325,7.0,1,2,3,1,'2017-08-08'),(326,8.0,1,2,3,1,'2017-08-08'),(327,9.0,1,2,3,1,'2017-08-08'),(328,10.0,1,2,3,1,'2017-08-08'),(329,11.0,1,2,3,1,'2017-08-08'),(330,12.0,1,2,3,1,'2017-08-08'),(331,13.0,1,2,3,1,'2017-08-08'),(332,14.0,1,2,3,1,'2017-08-08'),(333,15.0,1,2,3,1,'2017-08-08'),(334,16.0,1,2,3,1,'2017-08-08'),(335,17.0,1,2,3,1,'2017-08-08'),(336,18.0,1,2,3,1,'2017-08-08'),(337,19.0,1,2,3,1,'2017-08-08'),(338,20.0,1,2,3,1,'2017-08-08'),(339,21.0,1,2,3,1,'2017-08-08'),(340,22.0,1,2,3,1,'2017-08-08'),(341,23.0,1,2,3,1,'2017-08-08'),(342,24.0,1,2,3,1,'2017-08-08'),(343,25.0,1,2,3,1,'2017-08-08'),(344,26.0,1,2,3,1,'2017-08-22'),(345,27.0,1,2,3,1,'2017-08-08'),(346,28.0,1,2,3,1,'2017-08-08'),(347,29.0,1,2,3,1,'2017-08-08'),(348,30.0,1,2,3,1,'2017-08-08'),(349,31.0,1,2,3,1,'2017-08-08'),(350,32.0,1,2,3,1,'2017-08-08'),(351,33.0,1,2,3,1,'2017-08-22'),(352,34.0,1,2,3,1,'2017-08-08'),(353,35.0,1,2,3,1,'2017-08-22'),(354,36.0,1,2,3,1,'2017-08-08'),(355,37.0,1,2,3,1,'2017-08-22'),(356,38.0,1,2,3,1,'2017-08-22'),(357,39.0,1,2,3,1,'2017-08-22'),(358,40.0,1,2,3,1,'2017-08-08'),(359,41.0,1,2,3,1,'2017-08-08'),(360,42.0,1,2,3,1,'2017-08-08'),(361,43.0,1,2,3,1,'2017-08-22'),(362,44.0,1,2,3,1,'2017-08-08'),(363,45.0,1,2,3,1,'2017-08-08'),(364,46.0,1,2,3,1,'2017-08-08'),(365,47.0,1,2,3,1,'2017-08-08'),(366,48.0,1,2,3,1,'2017-08-08'),(367,49.0,1,2,3,1,'2017-08-08'),(368,50.0,1,2,3,1,'2017-08-08'),(369,51.0,1,2,3,1,'2017-08-22'),(370,52.0,1,2,3,1,'2017-08-08'),(371,53.0,1,2,3,1,'2017-08-08'),(372,54.0,1,2,3,1,'2017-08-08'),(373,55.0,1,2,3,1,'2017-08-08'),(374,56.0,1,2,3,1,'2017-08-22'),(375,57.0,1,2,3,1,'2017-08-08'),(376,58.0,1,2,3,1,'2017-08-08'),(377,59.0,1,2,3,1,'2017-08-22'),(378,60.0,1,2,3,1,'2017-08-08'),(379,61.0,1,2,3,1,'2017-08-22'),(380,62.0,1,2,3,1,'2017-08-08'),(381,63.0,1,2,3,1,'2017-08-08'),(382,64.0,1,2,3,1,'2017-08-08'),(383,65.0,1,2,3,1,'2017-08-08'),(384,66.0,1,2,3,1,'2017-08-08'),(385,67.0,1,2,3,1,'2017-08-22'),(386,68.0,1,2,3,1,'2017-08-08'),(387,69.0,1,2,3,1,'2017-08-22'),(388,70.0,1,2,3,1,'2017-08-14'),(389,71.0,1,2,3,1,'2017-08-08'),(390,72.0,1,2,3,1,'2017-08-08'),(391,73.0,1,2,3,1,'2017-08-08'),(392,74.0,1,2,3,1,'2017-08-08'),(393,75.0,1,2,3,1,'2017-08-08'),(394,76.0,1,2,3,1,'2017-08-08'),(395,77.0,1,2,3,1,'2017-08-08'),(396,78.0,1,2,3,1,'2017-08-08'),(397,79.0,1,2,3,1,'2017-08-08'),(398,80.0,1,2,3,1,'2017-08-08'),(399,81.0,1,2,3,1,'2017-08-08'),(400,82.0,1,2,3,1,'2017-08-08'),(401,83.0,1,2,3,1,'2017-08-08'),(402,84.0,1,2,3,1,'2017-08-08'),(403,85.0,1,2,3,1,'2017-08-08'),(404,86.0,1,2,3,1,'2017-08-08'),(405,87.0,1,2,3,1,'2017-08-08'),(406,88.0,1,2,3,1,'2017-08-08'),(407,89.0,1,2,3,1,'2017-08-08'),(408,90.0,1,2,3,1,'2017-08-22'),(409,91.0,1,2,3,1,'2017-08-08'),(410,92.0,1,2,3,1,'2017-08-08'),(411,93.0,1,2,3,1,'2017-08-08'),(412,94.0,1,2,3,1,'2017-08-08'),(413,95.0,1,2,3,1,'2017-08-08'),(414,96.0,1,2,3,1,'2017-08-08'),(415,97.0,1,2,3,1,'2017-08-08'),(416,98.0,1,2,3,1,'2017-08-08'),(417,99.0,1,2,3,1,'2017-08-08'),(418,100.0,1,2,3,1,'2017-08-08'),(419,101.0,1,2,3,1,'2017-08-08'),(420,102.0,1,2,3,1,'2017-08-22'),(421,103.0,1,2,3,1,'2017-08-08'),(422,104.0,1,2,3,1,'2017-08-08'),(423,105.0,1,2,3,1,'2017-08-08'),(424,106.0,1,2,3,1,'2017-08-22'),(425,107.0,1,2,3,1,'2017-08-08'),(426,108.0,1,2,3,1,'2017-08-08'),(427,109.0,1,2,3,1,'2017-08-22'),(428,110.0,1,2,3,1,'2017-08-08'),(429,111.0,1,2,3,1,'2017-08-08'),(430,112.0,1,2,3,1,'2017-08-22'),(431,113.0,1,2,3,1,'2017-08-08'),(432,114.0,1,2,3,1,'2017-08-08'),(433,115.0,1,2,3,1,'2017-08-08'),(434,116.0,1,2,3,1,'2017-08-08'),(435,117.0,1,2,3,1,'2017-08-08'),(436,118.0,1,2,3,1,'2017-08-08'),(437,119.0,1,2,3,1,'2017-08-08'),(438,120.0,1,2,3,1,'2017-08-08'),(439,121.0,1,2,3,1,'2017-08-08'),(440,122.0,1,2,3,1,'2017-08-08'),(441,123.0,1,2,3,1,'2017-08-22'),(442,124.0,1,2,3,1,'2017-08-08'),(443,125.0,1,2,3,1,'2017-08-08'),(444,126.0,1,2,3,1,'2017-08-22'),(445,127.0,1,2,3,1,'2017-08-08'),(446,128.0,1,2,3,1,'2017-08-08'),(447,129.0,1,2,3,1,'2017-08-08'),(448,130.0,1,2,3,1,'2017-08-08'),(449,131.0,1,2,3,1,'2017-08-08'),(450,132.0,1,2,3,1,'2017-08-08'),(451,133.0,1,2,3,1,'2017-08-08'),(452,134.0,1,2,3,1,'2017-08-08'),(453,135.0,1,2,3,1,'2017-08-08'),(454,136.0,1,2,3,1,'2017-08-22'),(455,137.0,1,2,3,1,'2017-08-08'),(456,138.0,1,2,3,1,'2017-08-08'),(457,139.0,1,2,3,1,'2017-08-08'),(458,140.0,1,2,3,1,'2017-08-08'),(459,141.0,1,2,3,1,'2017-08-08'),(460,142.0,1,2,3,1,'2017-08-22'),(461,143.0,1,2,3,1,'2017-08-08'),(462,144.0,1,2,3,1,'2017-08-22'),(463,145.0,1,2,3,1,'2017-08-22'),(464,146.0,1,2,3,1,'2017-08-22'),(465,147.0,1,2,3,1,'2017-08-08'),(466,148.0,1,2,3,1,'2017-08-08'),(467,149.0,1,2,3,1,'2017-08-16'),(468,150.0,1,2,3,1,'2017-08-08'),(469,151.0,1,2,3,1,'2017-08-08'),(470,152.0,1,2,3,1,'2017-08-08'),(471,153.0,1,2,3,1,'2017-08-22'),(472,154.0,1,2,3,1,'2017-08-22'),(473,155.0,1,2,3,1,'2017-08-15'),(474,156.0,1,2,3,1,'2017-08-15'),(475,157.0,1,2,3,1,'2017-08-08'),(476,158.0,1,2,3,1,'2017-08-22'),(477,159.0,1,2,3,1,'2017-08-22'),(478,160.0,1,2,3,1,'2017-08-14'),(479,161.0,1,2,3,1,'2017-08-22'),(480,162.0,1,2,3,1,'2017-08-08'),(481,163.0,1,2,3,1,'2017-08-08'),(482,164.0,1,2,3,1,'2017-08-08'),(483,165.0,1,2,3,1,'2017-08-22'),(484,166.0,1,2,3,1,'2017-08-08'),(485,167.0,1,2,3,1,'2017-08-08'),(486,168.0,1,2,3,1,'2017-08-22'),(487,169.0,1,2,3,1,'2017-08-22'),(488,170.0,1,2,3,1,'2017-08-14'),(489,171.0,1,2,3,1,'2017-08-08'),(490,172.0,1,2,3,1,'2017-08-08'),(491,173.0,1,2,3,1,'2017-08-08'),(492,174.0,1,2,3,1,'2017-08-08'),(493,175.0,1,2,3,1,'2017-08-08'),(494,176.0,1,2,3,1,'2017-08-08'),(495,177.0,1,2,3,1,'2017-08-22'),(496,178.0,1,2,3,1,'2017-08-08'),(497,179.0,1,2,3,1,'2017-08-08'),(498,180.0,1,2,3,1,'2017-08-08'),(499,181.0,1,2,3,1,'2017-08-08'),(500,182.0,1,2,3,1,'2017-08-08'),(501,183.0,1,2,3,1,'2017-08-08'),(502,184.0,1,2,3,1,'2017-08-08'),(503,185.0,1,2,3,1,'2017-08-08'),(504,186.0,1,2,3,1,'2017-08-08'),(505,187.0,1,2,3,1,'2017-08-08'),(506,188.0,1,2,3,1,'2017-08-08'),(507,189.0,1,2,3,1,'2017-08-22'),(508,190.0,1,2,3,1,'2017-08-08'),(509,191.0,1,2,3,1,'2017-08-08'),(510,192.0,1,2,3,1,'2017-08-08'),(511,193.0,1,2,3,1,'2017-08-08'),(512,194.0,1,2,3,1,'2017-08-08'),(513,195.0,1,2,3,1,'2017-08-08'),(514,196.0,1,2,3,1,'2017-08-08'),(515,197.0,1,2,3,1,'2017-08-08'),(516,198.0,1,2,3,1,'2017-08-16'),(517,199.0,1,2,3,1,'2017-08-08'),(518,200.0,1,2,3,1,'2017-08-16'),(519,201.0,1,2,3,1,'2017-08-08'),(520,202.0,1,2,3,1,'2017-08-16'),(521,1.0,1,3,4,1,'2017-08-08'),(522,2.0,1,3,4,1,'2017-08-08'),(523,3.0,1,3,4,1,'2017-08-08'),(524,4.0,1,3,4,1,'2017-08-08'),(525,5.0,1,3,4,1,'2017-08-08'),(526,6.0,1,3,4,1,'2017-08-08'),(527,7.0,1,3,4,1,'2017-08-08'),(528,8.0,1,3,4,1,'2017-08-08'),(529,9.0,1,3,4,1,'2017-08-08'),(530,10.0,1,3,4,1,'2017-08-08'),(531,11.0,1,3,4,1,'2017-08-08'),(532,12.0,1,3,4,1,'2017-08-08'),(533,13.0,1,3,4,1,'2017-08-08'),(534,14.0,1,3,4,1,'2017-08-08'),(535,15.0,1,3,4,1,'2017-08-08'),(536,16.0,1,3,4,1,'2017-08-08'),(537,17.0,1,3,4,1,'2017-08-08'),(538,18.0,1,3,4,1,'2017-08-08'),(539,19.0,1,3,4,1,'2017-08-08'),(540,20.0,1,3,4,1,'2017-08-08'),(541,21.0,1,3,4,1,'2017-08-08'),(542,22.0,1,3,4,1,'2017-08-08'),(543,23.0,1,3,4,1,'2017-08-08'),(544,24.0,1,3,4,1,'2017-08-25'),(545,25.0,1,3,4,1,'2017-08-08'),(546,26.0,1,3,4,1,'2017-08-08'),(547,27.0,1,3,4,1,'2017-08-08'),(548,28.0,1,3,4,1,'2017-08-08'),(549,29.0,1,3,4,1,'2017-08-08'),(550,30.0,1,3,4,1,'2017-08-08'),(551,31.0,1,3,4,1,'2017-08-08'),(552,32.0,1,3,4,1,'2017-08-08'),(553,33.0,1,3,4,1,'2017-08-08'),(554,34.0,1,3,4,1,'2017-08-08'),(555,35.0,1,3,4,1,'2017-08-08'),(556,36.0,1,3,4,1,'2017-08-08'),(557,37.0,1,3,4,1,'2017-08-08'),(558,38.0,1,3,4,1,'2017-08-08'),(559,39.0,1,3,4,1,'2017-08-08'),(560,40.0,1,3,4,1,'2017-08-08'),(561,41.0,1,3,4,1,'2017-08-08'),(562,42.0,1,3,4,1,'2017-08-08'),(563,43.0,1,3,4,1,'2017-08-08'),(564,44.0,1,3,4,1,'2017-08-16'),(565,45.0,1,3,4,1,'2017-08-08'),(566,46.0,1,3,4,1,'2017-08-08'),(567,47.0,1,3,4,1,'2017-08-08'),(568,48.0,1,3,4,1,'2017-08-08'),(569,49.0,1,3,4,1,'2017-08-08'),(570,50.0,1,3,4,1,'2017-08-08'),(571,51.0,1,3,4,1,'2017-08-08'),(572,52.0,1,3,4,1,'2017-08-08'),(573,53.0,1,3,4,1,'2017-08-08'),(574,54.0,1,3,4,1,'2017-08-08'),(575,55.0,1,3,4,1,'2017-08-08'),(576,56.0,1,3,4,1,'2017-08-08'),(577,57.0,1,3,4,1,'2017-08-08'),(578,58.0,1,3,4,1,'2017-08-08'),(579,59.0,1,3,4,1,'2017-08-08'),(580,60.0,1,3,4,1,'2017-08-08'),(581,61.0,1,3,4,1,'2017-08-08'),(582,62.0,1,3,4,1,'2017-08-08'),(583,63.0,1,3,4,1,'2017-08-08'),(584,64.0,1,3,4,1,'2017-08-08'),(585,65.0,1,3,4,1,'2017-08-08'),(586,66.0,1,3,4,1,'2017-08-08'),(587,67.0,1,3,4,1,'2017-08-08'),(588,68.0,1,3,4,1,'2017-08-08'),(589,69.0,1,3,4,1,'2017-08-08'),(590,70.0,1,3,4,1,'2017-08-08'),(591,71.0,1,3,4,1,'2017-08-08'),(592,72.0,1,3,4,1,'2017-08-08'),(593,73.0,1,3,4,1,'2017-08-08'),(594,74.0,1,3,4,1,'2017-08-08'),(595,75.0,1,3,4,1,'2017-08-08'),(596,76.0,1,3,4,1,'2017-08-08'),(597,77.0,1,3,4,1,'2017-08-08'),(598,78.0,1,3,4,1,'2017-08-08'),(599,79.0,1,3,4,1,'2017-08-08'),(600,80.0,1,3,4,1,'2017-08-08'),(601,81.0,1,3,4,1,'2017-08-08'),(602,82.0,1,3,4,1,'2017-08-08'),(603,83.0,1,3,4,1,'2017-08-08'),(604,84.0,1,3,4,1,'2017-08-08'),(605,85.0,1,3,4,1,'2017-08-08'),(606,86.0,1,3,4,1,'2017-08-08'),(607,87.0,1,3,4,1,'2017-08-08'),(608,88.0,1,3,4,1,'2017-08-08'),(609,89.0,1,3,4,1,'2017-08-16'),(610,90.0,1,3,4,1,'2017-08-08'),(611,91.0,1,3,4,1,'2017-08-08'),(612,92.0,1,3,4,1,'2017-08-08'),(613,93.0,1,3,4,1,'2017-08-08'),(614,94.0,1,3,4,1,'2017-08-08'),(615,95.0,1,3,4,1,'2017-08-08'),(616,96.0,1,3,4,1,'2017-08-08'),(617,97.0,1,3,4,1,'2017-08-08'),(618,98.0,1,3,4,1,'2017-08-08'),(619,99.0,1,3,4,1,'2017-08-08'),(620,100.0,1,3,4,1,'2017-08-08'),(621,101.0,1,3,4,1,'2017-08-08'),(622,102.0,1,3,4,1,'2017-08-08'),(623,103.0,1,3,4,1,'2017-08-08'),(624,104.0,1,3,4,1,'2017-08-08'),(625,105.0,1,3,4,1,'2017-08-08'),(626,106.0,1,3,4,1,'2017-08-08'),(627,107.0,1,3,4,1,'2017-08-16'),(628,108.0,1,3,4,1,'2017-08-08'),(629,109.0,1,3,4,1,'2017-08-08'),(630,110.0,1,3,4,1,'2017-08-08'),(631,111.0,1,3,4,1,'2017-08-08'),(632,112.0,1,3,4,1,'2017-08-08'),(633,113.0,1,3,4,1,'2017-08-08'),(634,114.0,1,3,4,1,'2017-08-08'),(635,115.0,1,3,4,1,'2017-08-08'),(636,116.0,1,3,4,1,'2017-08-08'),(637,117.0,1,3,4,1,'2017-08-08'),(638,118.0,1,3,4,1,'2017-08-08'),(639,119.0,1,3,4,1,'2017-08-08'),(640,120.0,1,3,4,1,'2017-08-08'),(641,121.0,1,3,4,1,'2017-08-14'),(642,122.0,1,3,4,1,'2017-08-08'),(643,123.0,1,3,4,1,'2017-08-08'),(644,124.0,1,3,4,1,'2017-08-08'),(645,125.0,1,3,4,1,'2017-08-16'),(646,126.0,1,3,4,1,'2017-08-08'),(647,127.0,1,3,4,1,'2017-08-08'),(648,128.0,1,3,4,1,'2017-08-08'),(649,129.0,1,3,4,1,'2017-08-08'),(650,130.0,1,3,4,1,'2017-08-08'),(651,131.0,1,3,4,1,'2017-08-08'),(652,132.0,1,3,4,1,'2017-08-08'),(653,133.0,1,3,4,1,'2017-08-08'),(654,134.0,1,3,4,1,'2017-08-08'),(655,135.0,1,3,4,1,'2017-08-16'),(656,136.0,1,3,4,1,'2017-08-08'),(657,137.0,1,3,4,1,'2017-08-08'),(658,138.0,1,3,4,1,'2017-08-08'),(659,139.0,1,3,4,1,'2017-08-08'),(660,140.0,1,3,4,1,'2017-08-08'),(661,141.0,1,3,4,1,'2017-08-08'),(662,142.0,1,3,4,1,'2017-08-08'),(663,143.0,1,3,4,1,'2017-08-14'),(664,144.0,1,3,4,1,'2017-08-08'),(665,145.0,1,3,4,1,'2017-08-08'),(666,146.0,1,3,4,1,'2017-08-08'),(667,147.0,1,3,4,1,'2017-08-08'),(668,148.0,1,3,4,1,'2017-08-08'),(669,149.0,1,3,4,1,'2017-08-14'),(670,150.0,1,3,4,1,'2017-08-08'),(671,151.0,1,3,4,1,'2017-08-08'),(672,152.0,1,3,4,1,'2017-08-08'),(673,153.0,1,3,4,1,'2017-08-08'),(674,154.0,1,3,4,1,'2017-08-08'),(675,155.0,1,3,4,1,'2017-08-08'),(676,156.0,1,3,4,1,'2017-08-14'),(677,157.0,1,3,4,1,'2017-08-08'),(678,158.0,1,3,4,1,'2017-08-08'),(679,159.0,1,3,4,1,'2017-08-08'),(680,160.0,1,3,4,1,'2017-08-08'),(681,161.0,1,3,4,1,'2017-08-08'),(682,162.0,1,3,4,1,'2017-08-08'),(683,163.0,1,3,4,1,'2017-08-08'),(684,164.0,1,3,4,1,'2017-08-08'),(685,165.0,1,3,4,1,'2017-08-08'),(686,166.0,1,3,4,1,'2017-08-08'),(687,167.0,1,3,4,1,'2017-08-08'),(688,168.0,1,3,4,1,'2017-08-08'),(689,169.0,1,3,4,1,'2017-08-08'),(690,170.0,1,3,4,1,'2017-08-14'),(691,171.0,1,3,4,1,'2017-08-08'),(692,172.0,1,3,4,1,'2017-08-08'),(693,173.0,1,3,4,1,'2017-08-08'),(694,174.0,1,3,4,1,'2017-08-08'),(695,175.0,1,3,4,1,'2017-08-08'),(696,176.0,1,3,4,1,'2017-08-08'),(697,177.0,1,3,4,1,'2017-08-08'),(698,178.0,1,3,4,1,'2017-08-08'),(699,179.0,1,3,4,1,'2017-08-08'),(700,180.0,1,3,4,1,'2017-08-08'),(701,181.0,1,3,4,1,'2017-08-08'),(702,182.0,1,3,4,1,'2017-08-08'),(703,183.0,1,3,4,1,'2017-08-08'),(704,184.0,1,3,4,1,'2017-08-08'),(705,185.0,1,3,4,1,'2017-08-08'),(706,186.0,1,3,4,1,'2017-08-08'),(707,187.0,1,3,4,1,'2017-08-08'),(708,188.0,1,3,4,1,'2017-08-14'),(709,189.0,1,3,4,1,'2017-08-08'),(710,190.0,1,3,4,1,'2017-08-08'),(711,191.0,1,3,4,1,'2017-08-08'),(712,192.0,1,3,4,1,'2017-08-08'),(713,193.0,1,3,4,1,'2017-08-08'),(714,194.0,1,3,4,1,'2017-08-08'),(715,195.0,1,3,4,1,'2017-08-08'),(716,196.0,1,3,4,1,'2017-08-08'),(717,197.0,1,3,4,1,'2017-08-14'),(718,198.0,1,3,4,1,'2017-08-08'),(719,199.0,1,3,4,1,'2017-08-14'),(720,200.0,1,3,4,1,'2017-08-08'),(721,201.0,1,3,4,1,'2017-08-08'),(722,202.0,1,3,4,1,'2017-08-08'),(723,203.0,1,3,4,1,'2017-08-08'),(724,204.0,1,3,4,1,'2017-08-08'),(725,205.0,1,3,4,1,'2017-08-08'),(726,206.0,1,3,4,1,'2017-08-08'),(727,207.0,1,3,4,1,'2017-08-14'),(728,208.0,1,3,4,1,'2017-08-08'),(729,209.0,1,3,4,1,'2017-08-16'),(730,210.0,1,3,4,1,'2017-08-14'),(731,211.0,1,3,4,1,'2017-08-08'),(732,212.0,1,3,4,1,'2017-08-16'),(733,213.0,1,3,4,1,'2017-08-16'),(734,214.0,1,3,4,1,'2017-08-16'),(735,215.0,1,3,4,1,'2017-08-16'),(736,216.0,1,3,4,1,'2017-08-16'),(737,1.0,1,8,4,1,'2017-08-08'),(738,2.0,1,8,4,1,'2017-08-08'),(739,3.0,1,8,4,1,'2017-08-08'),(740,4.0,1,8,4,1,'2017-08-08'),(741,5.0,1,8,4,1,'2017-08-08'),(742,1.0,1,4,4,1,'2017-08-15'),(743,2.0,1,4,4,1,'2017-08-08'),(744,3.0,1,4,4,1,'2017-08-16'),(745,4.0,1,4,4,1,'2017-08-15'),(746,5.0,1,4,4,1,'2017-08-17'),(747,6.0,1,4,4,1,'2017-08-17'),(748,7.0,1,4,4,1,'2017-08-17'),(749,8.0,1,4,4,1,'2017-08-17'),(750,9.0,1,4,4,1,'2017-08-08'),(751,10.0,1,4,4,1,'2017-08-17'),(752,11.0,1,4,4,1,'2017-08-15'),(753,12.0,1,4,4,1,'2017-08-15'),(754,13.0,1,4,4,1,'2017-08-15'),(755,14.0,1,4,4,1,'2017-08-17'),(756,15.0,1,4,4,1,'2017-08-26'),(757,16.0,1,4,4,1,'2017-08-08'),(758,17.0,1,4,15,1,'2017-08-15'),(759,18.0,1,4,4,1,'2017-08-15'),(760,19.0,1,4,4,1,'2017-08-15'),(761,20.0,1,4,4,1,'2017-08-15'),(762,21.0,1,4,4,1,'2017-08-15'),(763,22.0,1,4,4,1,'2017-08-15'),(764,23.0,1,4,4,1,'2017-08-26'),(765,24.0,1,4,4,1,'2017-08-15'),(766,25.0,1,4,4,1,'2017-08-08'),(767,26.0,1,4,4,1,'2017-08-15'),(768,27.0,1,4,4,1,'2017-08-15'),(769,28.0,1,4,4,1,'2017-08-08'),(770,29.0,1,4,4,1,'2017-08-15'),(771,30.0,1,4,4,1,'2017-08-08'),(772,31.0,1,4,7,1,'2017-08-08'),(773,32.0,1,4,14,1,'2017-08-08'),(774,33.0,1,4,14,1,'2017-08-08'),(775,34.0,1,4,14,1,'2017-08-08'),(776,35.0,1,4,14,1,'2017-08-08'),(777,36.0,1,4,7,1,'2017-08-08'),(778,37.0,1,4,14,1,'2017-08-08'),(779,38.0,1,4,14,1,'2017-08-08'),(780,39.0,1,4,14,1,'2017-08-08'),(781,40.0,1,4,14,1,'2017-08-08'),(782,41.0,1,4,14,1,'2017-08-08'),(783,42.0,1,4,14,1,'2017-08-08'),(784,43.0,1,4,14,1,'2017-08-08'),(785,44.0,1,4,14,1,'2017-08-08'),(786,45.0,1,4,14,1,'2017-08-08'),(787,46.0,1,4,14,1,'2017-08-08'),(788,47.0,1,4,14,1,'2017-08-08'),(789,48.0,1,4,14,1,'2017-08-08'),(790,49.0,1,4,14,1,'2017-08-08'),(791,50.0,1,4,14,1,'2017-08-08'),(792,51.0,1,4,14,1,'2017-08-08'),(793,52.0,1,4,14,1,'2017-08-08'),(794,53.0,1,4,14,1,'2017-08-08'),(795,54.0,1,4,14,1,'2017-08-08'),(796,55.0,1,4,14,1,'2017-08-08'),(797,56.0,1,4,14,1,'2017-08-08'),(798,57.0,1,4,14,1,'2017-08-08'),(799,58.0,1,4,14,1,'2017-08-08'),(800,59.0,1,4,6,1,'2017-08-08'),(801,60.0,1,4,6,1,'2017-08-08'),(802,61.0,1,4,6,1,'2017-08-08'),(803,62.0,1,4,6,1,'2017-08-08'),(804,63.0,1,4,6,1,'2017-08-08'),(805,64.0,1,4,6,1,'2017-08-08'),(806,65.0,1,4,14,1,'2017-08-08'),(807,66.0,1,4,14,1,'2017-08-08'),(808,67.0,1,4,14,1,'2017-08-08'),(809,68.0,1,4,14,1,'2017-08-08'),(810,69.0,1,4,14,1,'2017-08-08'),(811,70.0,1,4,14,1,'2017-08-08'),(812,71.0,1,4,14,1,'2017-08-08'),(813,72.0,1,4,14,1,'2017-08-08'),(814,73.0,1,4,6,1,'2017-08-08'),(815,74.0,1,4,14,1,'2017-08-08'),(816,75.0,1,4,14,1,'2017-08-08'),(817,76.0,1,4,14,1,'2017-08-08'),(818,77.0,1,4,14,1,'2017-08-08'),(819,78.0,1,4,14,1,'2017-08-08'),(820,79.0,1,4,14,1,'2017-08-08'),(821,80.0,1,4,6,1,'2017-08-08'),(822,81.0,1,4,6,1,'2017-08-08'),(823,82.0,1,4,6,1,'2017-08-08'),(824,83.0,1,4,6,1,'2017-08-08'),(825,84.0,1,4,6,1,'2017-08-08'),(826,85.0,1,4,6,1,'2017-08-08'),(827,86.0,1,4,6,1,'2017-08-08'),(828,87.0,1,4,6,1,'2017-08-08'),(829,88.0,1,9,14,2,'2017-08-08'),(830,89.0,1,9,14,2,'2017-08-08'),(831,90.0,1,9,14,2,'2017-08-08'),(832,91.0,1,9,14,2,'2017-08-08'),(833,92.0,1,9,14,2,'2017-08-08'),(834,93.0,1,9,5,2,'2017-08-08'),(835,94.0,1,9,5,1,'2017-08-08'),(836,95.0,1,9,5,1,'2017-08-08'),(837,96.0,1,9,5,1,'2017-08-08'),(838,97.0,1,9,5,1,'2017-08-08'),(839,98.0,1,9,5,1,'2017-08-08'),(840,99.0,1,9,5,1,'2017-08-08'),(841,100.0,1,9,5,1,'2017-08-08'),(842,101.0,1,9,5,1,'2017-08-08'),(843,102.0,1,9,5,1,'2017-08-08'),(844,103.0,1,9,5,1,'2017-08-08'),(845,104.0,1,9,5,1,'2017-08-08'),(846,105.0,1,9,5,1,'2017-08-08'),(847,106.0,1,9,5,1,'2017-08-08'),(848,107.0,1,9,5,1,'2017-08-08'),(849,108.0,1,9,5,1,'2017-08-08'),(850,109.0,1,9,5,1,'2017-08-22'),(851,110.0,1,9,5,2,'2017-08-21'),(852,111.0,1,9,14,2,'2017-08-08'),(853,112.0,1,9,14,2,'2017-08-08'),(854,113.0,1,9,14,2,'2017-08-08'),(855,114.0,1,9,14,2,'2017-08-08'),(856,115.0,1,9,14,2,'2017-08-08'),(857,116.0,1,9,14,2,'2017-08-08'),(858,117.0,1,9,5,1,'2017-08-08'),(859,118.0,1,9,5,1,'2017-08-08'),(860,119.0,1,9,5,1,'2017-08-08'),(861,120.0,1,9,5,1,'2017-08-15'),(862,121.0,1,9,14,1,'2017-08-08'),(863,122.0,1,9,14,1,'2017-08-08'),(864,123.0,1,9,5,1,'2017-08-08'),(865,1.0,1,10,13,1,'2017-08-26'),(866,2.0,1,10,13,1,'2017-08-26'),(867,3.0,1,10,13,1,'2017-08-26'),(868,4.0,1,10,14,1,'2017-08-26'),(869,5.0,1,10,13,1,'2017-08-26'),(870,6.0,1,10,13,1,'2017-08-08'),(871,7.0,1,10,13,1,'2017-08-26'),(872,8.0,1,10,13,1,'2017-08-08'),(873,9.0,1,10,13,1,'2017-08-26'),(874,10.0,1,10,13,1,'2017-08-26'),(875,11.0,1,10,13,1,'2017-08-26'),(876,12.0,1,10,13,1,'2017-08-26'),(877,13.0,1,10,13,1,'2017-08-08'),(878,14.0,1,10,14,1,'2017-08-26'),(879,15.0,1,10,13,1,'2017-08-26'),(880,16.0,1,10,13,1,'2017-08-26'),(881,17.0,1,10,13,1,'2017-08-26'),(882,18.0,1,10,13,1,'2017-08-26'),(883,19.0,1,10,13,1,'2017-08-26'),(884,20.0,1,10,13,1,'2017-08-26'),(885,1.0,1,11,13,1,'2017-08-08'),(886,2.0,1,11,13,1,'2017-08-21'),(887,3.0,1,11,13,1,'2017-08-21'),(888,4.0,1,11,13,1,'2017-08-21'),(889,5.0,1,11,13,1,'2017-08-21'),(890,6.0,1,11,13,1,'2017-08-21'),(891,7.0,1,11,13,1,'2017-08-21'),(892,8.0,1,11,13,1,'2017-08-21'),(893,9.0,1,11,13,1,'2017-08-21'),(894,10.0,1,11,13,1,'2017-08-21'),(895,11.0,1,11,13,1,'2017-08-21'),(896,12.0,1,11,13,1,'2017-08-21'),(897,13.0,1,11,13,1,'2017-08-21'),(898,14.0,1,11,13,1,'2017-08-21'),(899,15.0,1,11,13,1,'2017-08-21'),(900,16.0,1,11,13,1,'2017-08-21'),(901,17.0,1,11,13,1,'2017-08-21'),(902,18.0,1,11,13,1,'2017-08-21'),(903,19.0,1,11,13,1,'2017-08-21'),(904,20.0,1,11,13,1,'2017-08-21'),(905,1.0,1,12,13,1,'2017-08-26'),(906,2.0,1,12,13,1,'2017-08-26'),(907,3.0,1,12,13,1,'2017-08-26'),(908,4.0,1,12,13,1,'2017-08-08'),(909,5.0,1,12,13,1,'2017-08-26'),(910,6.0,1,12,13,1,'2017-08-26'),(911,7.0,1,12,13,1,'2017-08-26'),(912,8.0,1,12,13,1,'2017-08-26'),(913,9.0,1,12,13,1,'2017-08-26'),(914,10.0,1,12,13,1,'2017-08-08'),(915,11.0,1,12,13,1,'2017-08-26'),(916,12.0,1,12,13,1,'2017-08-26'),(917,13.0,1,12,13,1,'2017-08-26'),(918,14.0,1,12,13,1,'2017-08-26'),(919,15.0,1,12,13,1,'2017-08-26'),(920,16.0,1,12,13,1,'2017-08-26'),(921,17.0,1,12,13,1,'2017-08-26'),(922,18.0,1,12,13,1,'2017-08-26'),(923,19.0,1,12,13,1,'2017-08-26'),(924,20.0,1,12,13,1,'2017-08-26'),(925,21.0,1,12,13,1,'2017-08-26'),(926,1.0,1,13,13,1,'2017-08-08'),(927,2.0,1,13,13,1,'2017-08-08'),(928,3.0,1,13,13,1,'2017-08-19'),(929,4.0,1,13,13,1,'2017-08-08'),(930,5.0,1,13,13,1,'2017-08-19'),(931,6.0,1,13,13,1,'2017-08-19'),(932,7.0,1,13,13,1,'2017-08-19'),(933,8.0,1,13,13,1,'2017-08-19'),(934,9.0,1,13,13,1,'2017-08-19'),(935,10.0,1,13,13,1,'2017-08-19'),(936,11.0,1,13,13,1,'2017-08-25'),(937,12.0,1,13,13,1,'2017-08-19'),(938,13.0,1,13,13,1,'2017-08-19'),(939,14.0,1,13,13,1,'2017-08-19'),(940,15.0,1,13,13,1,'2017-08-21'),(941,16.0,1,13,13,1,'2017-08-19'),(942,17.0,1,13,13,1,'2017-08-19'),(943,18.0,1,13,13,1,'2017-08-19'),(944,19.0,1,13,13,1,'2017-08-19'),(945,20.0,1,13,13,1,'2017-08-19'),(946,21.0,1,13,13,1,'2017-08-19'),(947,1.0,1,14,13,1,'2017-08-21'),(948,2.0,1,14,13,1,'2017-08-19'),(949,3.0,1,14,13,1,'2017-08-21'),(950,4.0,1,14,13,1,'2017-08-19'),(951,5.0,1,14,13,1,'2017-08-08'),(952,6.0,1,14,13,1,'2017-08-08'),(953,7.0,1,14,13,1,'2017-08-08'),(954,8.0,1,14,13,1,'2017-08-08'),(955,9.0,1,14,13,1,'2017-08-08'),(956,10.0,1,14,13,1,'2017-08-08'),(957,11.0,1,14,13,1,'2017-08-19'),(958,12.0,1,14,13,1,'2017-08-19'),(959,13.0,1,14,13,1,'2017-08-19'),(960,14.0,1,14,13,1,'2017-08-21'),(961,15.0,1,14,13,1,'2017-08-19'),(962,16.0,1,14,13,1,'2017-08-08'),(963,17.0,1,14,13,1,'2017-08-19'),(964,18.0,1,14,13,1,'2017-08-19'),(965,19.0,1,14,13,1,'2017-08-19'),(966,20.0,1,14,13,1,'2017-08-08'),(967,1.0,1,5,9,1,'2017-08-08'),(968,2.0,1,5,9,1,'2017-08-26'),(969,3.0,1,5,9,1,'2017-08-08'),(970,4.0,1,5,10,1,'2017-08-08'),(971,5.0,1,5,10,1,'2017-08-08'),(972,6.0,1,5,10,1,'2017-08-08'),(973,7.0,1,5,10,1,'2017-08-08'),(974,8.0,1,5,10,1,'2017-08-08'),(975,9.0,1,5,12,1,'2017-08-23'),(976,10.0,1,5,12,1,'2017-08-22'),(977,1.0,1,6,11,1,'2017-08-08'),(978,2.0,1,6,11,1,'2017-08-08'),(979,3.0,1,6,11,1,'2017-08-08'),(980,4.0,1,6,11,1,'2017-08-08'),(981,5.0,1,6,11,1,'2017-08-08'),(982,6.0,1,8,4,1,'2017-08-08'),(983,21.0,1,14,13,1,'2017-08-21'),(984,1.0,1,15,13,1,'2017-08-15'),(985,1.0,1,16,13,1,'2017-08-16'),(986,99.0,1,17,14,1,'2017-08-26'),(987,1.0,1,18,19,1,'2017-08-17'),(988,1.0,1,19,9,1,'2017-08-17'),(989,1.0,1,20,9,1,'2017-08-17'),(990,1.0,1,21,9,1,'2017-08-17'),(991,21.0,1,10,13,1,'2017-08-19'),(992,22.0,1,10,13,1,'2017-08-19'),(993,23.0,1,10,13,1,'2017-08-19'),(994,24.0,1,10,13,1,'2017-08-19'),(995,25.0,1,10,13,1,'2017-08-19'),(996,21.0,1,11,13,1,'2017-08-21'),(997,22.0,1,11,13,1,'2017-08-21'),(998,23.0,1,11,13,1,'2017-08-21'),(999,24.0,1,11,13,1,'2017-08-21'),(1000,25.0,1,11,13,1,'2017-08-19'),(1001,22.0,1,12,13,1,'2017-08-19'),(1002,23.0,1,12,13,1,'2017-08-19'),(1003,24.0,1,12,13,1,'2017-08-19'),(1004,25.0,1,12,13,1,'2017-08-19'),(1005,22.0,1,13,13,1,'2017-08-19'),(1006,23.0,1,13,13,1,'2017-08-19'),(1008,24.0,1,13,13,1,'2017-08-19'),(1009,25.0,1,13,13,1,'2017-08-19'),(1010,22.0,1,14,13,1,'2017-08-19'),(1011,23.0,1,14,13,1,'2017-08-19'),(1012,24.0,1,14,13,1,'2017-08-19'),(1013,25.0,1,14,13,1,'2017-08-19'),(1014,1.0,9,22,22,1,'2017-08-24'),(1015,2.0,9,22,22,1,'2017-08-24'),(1016,3.0,9,22,22,1,'2017-08-24'),(1017,4.0,9,22,22,1,'2017-08-24'),(1018,5.0,9,22,22,1,'2017-08-24'),(1019,6.0,9,22,22,1,'2017-08-24'),(1020,7.0,9,22,22,1,'2017-08-24'),(1021,8.0,9,22,22,1,'2017-08-24'),(1022,9.0,9,22,22,1,'2017-08-24'),(1023,10.0,9,22,14,1,'2017-08-24'),(1024,11.0,9,22,22,1,'2017-08-24'),(1025,12.0,9,22,14,1,'2017-08-24'),(1026,13.0,9,22,22,1,'2017-08-24'),(1027,14.0,9,22,22,1,'2017-08-24'),(1028,15.0,9,22,22,1,'2017-08-24'),(1029,16.0,9,22,22,1,'2017-08-24'),(1030,17.0,9,22,22,1,'2017-08-24'),(1031,18.0,9,22,22,1,'2017-08-24'),(1032,19.0,9,22,22,1,'2017-08-24'),(1033,20.0,9,22,22,1,'2017-08-24'),(1034,20.5,9,22,22,1,'2017-08-24'),(1035,21.0,9,22,23,1,'2017-08-24'),(1036,22.0,9,22,23,1,'2017-08-24'),(1037,23.0,9,22,22,1,'2017-08-24'),(1038,24.0,9,22,22,1,'2017-08-24'),(1039,25.0,9,22,22,1,'2017-08-24'),(1040,26.0,9,22,22,1,'2017-08-24'),(1041,27.0,9,22,22,1,'2017-08-24'),(1042,28.0,9,22,22,1,'2017-08-24'),(1043,29.0,9,22,22,1,'2017-08-24'),(1044,30.0,9,22,22,1,'2017-08-24'),(1045,31.0,9,22,22,1,'2017-08-24'),(1046,32.0,9,22,22,1,'2017-08-24'),(1047,33.0,9,22,22,1,'2017-08-24'),(1048,34.0,9,22,22,1,'2017-08-24'),(1049,34.5,9,22,22,1,'2017-08-24'),(1050,35.0,9,22,22,1,'2017-08-24'),(1051,36.0,9,22,22,1,'2017-08-24'),(1052,37.0,9,22,22,1,'2017-08-24'),(1053,38.0,9,22,22,1,'2017-08-24'),(1054,39.0,9,22,22,1,'2017-08-24'),(1055,40.0,9,22,22,1,'2017-08-24'),(1056,41.0,9,22,22,1,'2017-08-24'),(1057,42.0,9,22,22,1,'2017-08-24'),(1058,43.0,9,22,22,1,'2017-08-24'),(1059,44.0,9,22,22,1,'2017-08-24'),(1060,45.0,9,22,22,1,'2017-08-24'),(1061,46.0,9,22,22,1,'2017-08-24'),(1062,47.0,9,22,22,1,'2017-08-24'),(1063,48.0,9,22,22,1,'2017-08-24'),(1064,48.5,9,22,22,1,'2017-08-24'),(1065,49.0,9,22,22,1,'2017-08-24'),(1066,50.0,9,22,22,1,'2017-08-24'),(1067,51.0,9,22,22,1,'2017-08-24'),(1068,52.0,9,22,22,1,'2017-08-24'),(1069,53.0,9,22,22,1,'2017-08-24'),(1070,54.0,9,22,22,1,'2017-08-24'),(1071,55.0,9,22,22,1,'2017-08-24'),(1072,56.0,9,22,22,1,'2017-08-24'),(1073,57.0,9,22,22,1,'2017-08-24'),(1074,58.0,9,22,22,1,'2017-08-24'),(1075,59.0,9,22,22,1,'2017-08-24'),(1076,60.0,9,22,22,1,'2017-08-24'),(1077,61.0,9,22,22,1,'2017-08-24'),(1078,62.0,9,22,25,1,'2017-08-24'),(1079,62.5,9,22,25,1,'2017-08-24'),(1080,63.0,9,22,22,1,'2017-08-24'),(1081,64.0,9,22,22,1,'2017-08-24'),(1082,65.0,9,22,21,1,'2017-08-24'),(1083,66.0,9,22,21,1,'2017-08-24'),(1084,67.0,9,22,21,1,'2017-08-24'),(1085,68.0,9,22,21,1,'2017-08-24'),(1086,69.0,9,22,21,1,'2017-08-24'),(1087,70.0,9,22,21,1,'2017-08-24'),(1088,71.0,9,22,21,1,'2017-08-24'),(1089,72.0,9,22,21,1,'2017-08-24'),(1090,73.0,9,22,25,1,'2017-08-24'),(1091,74.0,9,22,25,1,'2017-08-24'),(1092,75.0,9,22,25,1,'2017-08-24'),(1093,76.0,9,22,25,1,'2017-08-24'),(1094,77.0,9,22,21,1,'2017-08-24'),(1095,78.0,9,22,21,1,'2017-08-24'),(1096,79.0,9,22,25,1,'2017-08-24'),(1097,80.0,9,22,25,1,'2017-08-24'),(1098,81.0,9,22,25,1,'2017-08-24'),(1099,82.0,9,22,25,1,'2017-08-24'),(1100,83.0,9,22,25,1,'2017-08-24'),(1101,84.0,9,22,25,1,'2017-08-24'),(1102,85.0,9,22,25,1,'2017-08-24'),(1103,86.0,9,22,25,1,'2017-08-24'),(1104,87.0,9,23,14,1,'2017-08-24'),(1105,88.0,9,23,14,1,'2017-08-24'),(1106,89.0,9,23,14,1,'2017-08-24'),(1107,90.0,9,23,14,1,'2017-08-24'),(1108,91.0,9,23,14,1,'2017-08-24'),(1109,92.0,9,23,14,1,'2017-08-24'),(1110,93.0,9,23,14,1,'2017-08-24'),(1111,94.0,9,23,14,1,'2017-08-24'),(1112,95.0,9,23,14,1,'2017-08-24'),(1113,96.0,9,23,14,1,'2017-08-24'),(1114,97.0,9,23,14,1,'2017-08-24'),(1115,98.0,9,23,14,1,'2017-08-24'),(1116,99.0,9,23,14,1,'2017-08-24'),(1117,100.0,9,23,14,1,'2017-08-24'),(1118,101.0,9,23,14,1,'2017-08-24'),(1119,102.0,9,23,14,1,'2017-08-24'),(1120,103.0,9,23,14,1,'2017-08-24'),(1121,104.0,9,23,14,1,'2017-08-24'),(1122,105.0,9,23,14,1,'2017-08-24'),(1123,106.0,9,23,14,1,'2017-08-24'),(1124,107.0,9,23,14,1,'2017-08-24'),(1125,108.0,9,23,14,1,'2017-08-24'),(1126,109.0,9,23,14,1,'2017-08-24'),(1127,110.0,9,23,14,1,'2017-08-24'),(1128,111.0,9,23,14,1,'2017-08-24'),(1129,112.0,9,23,14,1,'2017-08-24'),(1130,113.0,9,23,14,1,'2017-08-24'),(1131,114.0,9,23,14,1,'2017-08-24'),(1132,115.0,9,23,14,1,'2017-08-24'),(1133,116.0,9,23,14,1,'2017-08-24'),(1134,117.0,9,23,14,1,'2017-08-24'),(1135,118.0,9,23,14,1,'2017-08-24'),(1136,119.0,9,23,14,1,'2017-08-24'),(1137,120.0,9,23,14,1,'2017-08-24'),(1138,121.0,9,23,14,1,'2017-08-24'),(1139,122.0,9,23,14,1,'2017-08-24'),(1140,123.0,9,23,14,1,'2017-08-24'),(1141,124.0,9,23,14,1,'2017-08-24'),(1142,125.0,9,23,14,1,'2017-08-24'),(1143,126.0,9,23,14,1,'2017-08-24'),(1144,127.0,9,23,14,1,'2017-08-24'),(1145,128.0,9,23,14,1,'2017-08-24'),(1146,129.0,9,23,14,1,'2017-08-24'),(1147,130.0,9,23,14,1,'2017-08-24'),(1148,131.0,9,23,14,1,'2017-08-24'),(1149,132.0,9,23,14,1,'2017-08-24'),(1150,133.0,9,23,14,1,'2017-08-24'),(1151,134.0,9,23,14,1,'2017-08-24'),(1152,135.0,9,23,14,1,'2017-08-24'),(1153,136.0,9,23,14,1,'2017-08-24'),(1154,137.0,9,23,14,1,'2017-08-24'),(1155,138.0,9,23,14,1,'2017-08-24'),(1156,139.0,9,23,14,1,'2017-08-24'),(1157,140.0,9,24,23,1,'2017-08-24'),(1158,141.0,9,24,14,1,'2017-08-24'),(1159,142.0,9,24,23,1,'2017-08-24'),(1160,143.0,9,24,23,1,'2017-08-24'),(1161,144.0,9,24,23,1,'2017-08-24'),(1162,145.0,9,24,25,1,'2017-08-24'),(1163,146.0,9,24,23,1,'2017-08-24'),(1164,147.0,9,24,23,1,'2017-08-24'),(1165,148.0,9,24,23,1,'2017-08-24'),(1166,149.0,9,24,23,1,'2017-08-24'),(1167,150.0,9,24,23,1,'2017-08-24'),(1168,151.0,9,24,23,1,'2017-08-24'),(1169,152.0,9,24,25,1,'2017-08-24'),(1170,153.0,9,24,25,1,'2017-08-24'),(1171,154.0,9,24,25,1,'2017-08-24'),(1172,155.0,9,24,25,1,'2017-08-24'),(1173,156.0,9,24,25,1,'2017-08-24'),(1174,157.0,9,24,25,1,'2017-08-24'),(1175,158.0,9,24,25,1,'2017-08-24'),(1176,159.0,9,24,25,1,'2017-08-24'),(1177,160.0,9,24,25,1,'2017-08-24'),(1178,161.0,9,24,25,1,'2017-08-24'),(1179,162.0,9,24,25,1,'2017-08-24'),(1180,163.0,9,24,25,1,'2017-08-24'),(1181,164.0,9,24,25,1,'2017-08-24'),(1182,165.0,9,24,25,1,'2017-08-24'),(1183,166.0,9,24,25,1,'2017-08-24'),(1184,167.0,9,24,25,1,'2017-08-24'),(1185,168.0,9,24,25,1,'2017-08-24'),(1186,169.0,9,24,25,1,'2017-08-24'),(1187,170.0,9,24,25,1,'2017-08-24'),(1188,170.5,9,24,25,1,'2017-08-24'),(1189,171.0,9,24,25,1,'2017-08-24'),(1190,172.0,9,24,25,1,'2017-08-24'),(1191,173.0,9,24,25,1,'2017-08-24'),(1192,174.0,9,24,25,1,'2017-08-24'),(1193,175.0,9,24,25,1,'2017-08-24'),(1194,176.0,9,24,25,1,'2017-08-24'),(1195,177.0,9,24,25,1,'2017-08-24'),(1196,178.0,9,24,25,1,'2017-08-24'),(1197,179.0,9,24,25,1,'2017-08-24'),(1198,180.0,9,24,25,1,'2017-08-24'),(1199,181.0,9,24,25,1,'2017-08-24'),(1200,182.0,9,24,25,1,'2017-08-24'),(1201,183.0,9,24,25,1,'2017-08-24'),(1202,184.0,9,24,25,1,'2017-08-24'),(1203,185.0,9,24,25,1,'2017-08-24'),(1204,186.0,9,24,25,1,'2017-08-24'),(1205,187.0,9,24,25,1,'2017-08-24'),(1206,188.0,9,24,25,1,'2017-08-24'),(1207,189.0,9,24,25,1,'2017-08-24'),(1208,190.0,9,24,25,1,'2017-08-24'),(1209,191.0,9,24,25,1,'2017-08-24'),(1210,192.0,9,24,25,1,'2017-08-24'),(1211,193.0,9,24,25,1,'2017-08-24'),(1212,194.0,9,24,25,1,'2017-08-24'),(1213,195.0,9,24,25,1,'2017-08-24'),(1214,195.5,9,24,25,1,'2017-08-24'),(1215,196.0,9,24,25,1,'2017-08-24'),(1216,197.0,9,24,25,1,'2017-08-24'),(1217,198.0,9,24,25,1,'2017-08-24'),(1218,199.0,9,24,25,1,'2017-08-24'),(1219,200.0,9,24,25,1,'2017-08-24'),(1220,201.0,9,24,25,1,'2017-08-24'),(1221,202.0,9,24,25,1,'2017-08-24'),(1222,203.0,9,24,25,1,'2017-08-24'),(1223,204.0,9,24,25,1,'2017-08-24'),(1224,205.0,9,24,25,1,'2017-08-24'),(1225,206.0,9,24,25,1,'2017-08-24'),(1226,207.0,9,24,25,1,'2017-08-24'),(1227,208.0,9,24,25,1,'2017-08-24'),(1228,209.0,9,24,25,1,'2017-08-24'),(1229,210.0,9,24,25,1,'2017-08-24'),(1230,211.0,9,24,25,1,'2017-08-24'),(1231,212.0,9,24,25,1,'2017-08-24'),(1232,213.0,9,24,25,1,'2017-08-24'),(1233,214.0,9,24,25,1,'2017-08-24'),(1234,214.5,9,24,25,1,'2017-08-24'),(1235,215.0,9,24,25,1,'2017-08-24'),(1236,215.5,9,24,25,1,'2017-08-24'),(1237,216.0,9,24,25,1,'2017-08-24'),(1238,217.0,9,24,25,1,'2017-08-24'),(1239,218.0,9,24,25,1,'2017-08-24'),(1240,219.0,9,24,25,1,'2017-08-24'),(1241,220.0,9,24,25,1,'2017-08-24'),(1242,221.0,9,24,25,1,'2017-08-24'),(1243,222.0,9,24,25,1,'2017-08-24'),(1244,223.0,9,24,25,1,'2017-08-24'),(1245,224.0,9,24,25,1,'2017-08-24'),(1246,225.0,9,24,25,1,'2017-08-24'),(1247,226.0,9,24,25,1,'2017-08-24'),(1248,227.0,9,24,25,1,'2017-08-24'),(1249,228.0,9,24,25,1,'2017-08-24'),(1250,229.0,9,24,25,1,'2017-08-24'),(1251,230.0,9,24,25,1,'2017-08-24'),(1252,231.0,9,24,25,1,'2017-08-24'),(1253,232.0,9,24,25,1,'2017-08-24'),(1254,233.0,9,24,25,1,'2017-08-24'),(1255,234.0,9,24,25,1,'2017-08-24'),(1256,235.0,9,24,25,1,'2017-08-24'),(1257,236.0,9,24,25,1,'2017-08-24'),(1258,237.0,9,24,25,1,'2017-08-24'),(1259,238.0,9,24,25,1,'2017-08-24'),(1260,239.0,9,24,25,1,'2017-08-24'),(1261,240.0,9,25,21,1,'2017-08-24'),(1262,241.0,9,25,21,1,'2017-08-24'),(1263,242.0,9,25,21,1,'2017-08-24'),(1264,243.0,9,25,21,1,'2017-08-24'),(1265,244.0,9,25,21,1,'2017-08-24'),(1266,245.0,9,25,21,1,'2017-08-24'),(1267,246.0,9,25,21,1,'2017-08-24'),(1268,247.0,9,25,21,1,'2017-08-24'),(1269,248.0,9,25,21,1,'2017-08-24'),(1270,249.0,9,25,21,1,'2017-08-24'),(1271,250.0,9,25,21,1,'2017-08-24'),(1272,251.0,9,25,21,1,'2017-08-24'),(1273,252.0,9,25,21,1,'2017-08-24'),(1274,253.0,9,25,21,1,'2017-08-24'),(1275,254.0,9,25,21,1,'2017-08-24'),(1276,255.0,9,25,21,1,'2017-08-24'),(1277,256.0,9,25,21,1,'2017-08-24'),(1278,257.0,9,25,21,1,'2017-08-24'),(1279,258.0,9,25,21,1,'2017-08-24'),(1280,259.0,9,25,21,1,'2017-08-24'),(1281,260.0,9,25,21,1,'2017-08-24'),(1282,261.0,9,25,21,1,'2017-08-24'),(1283,262.0,9,25,21,1,'2017-08-24'),(1284,263.0,9,25,21,1,'2017-08-24'),(1285,264.0,9,25,21,1,'2017-08-24'),(1286,265.0,9,25,21,1,'2017-08-24'),(1287,266.0,9,25,21,1,'2017-08-24'),(1288,267.0,9,25,21,1,'2017-08-24'),(1289,268.0,9,25,21,1,'2017-08-24'),(1290,269.0,9,25,21,1,'2017-08-24'),(1291,270.0,9,25,21,1,'2017-08-24'),(1292,271.0,9,25,21,1,'2017-08-24'),(1293,272.0,9,25,21,1,'2017-08-24'),(1294,273.0,9,25,21,1,'2017-08-24'),(1295,274.0,9,25,21,1,'2017-08-24'),(1296,275.0,9,25,21,1,'2017-08-24'),(1297,276.0,9,25,21,1,'2017-08-24'),(1298,277.0,9,25,21,1,'2017-08-24'),(1299,278.0,9,25,21,1,'2017-08-24'),(1300,279.0,9,25,21,1,'2017-08-24'),(1301,280.0,9,25,21,1,'2017-08-24'),(1302,281.0,9,25,21,1,'2017-08-24'),(1303,281.5,9,25,21,1,'2017-08-24'),(1304,282.0,9,25,21,1,'2017-08-24'),(1305,283.0,9,25,21,1,'2017-08-24'),(1306,284.0,9,25,21,1,'2017-08-24'),(1307,285.0,9,25,21,1,'2017-08-24'),(1308,286.0,9,25,21,1,'2017-08-24'),(1309,287.0,9,25,21,1,'2017-08-24'),(1310,288.0,9,25,21,1,'2017-08-24'),(1311,289.0,9,25,21,1,'2017-08-24'),(1312,290.0,9,25,21,1,'2017-08-24'),(1313,291.0,9,25,21,1,'2017-08-24'),(1314,292.0,9,25,21,1,'2017-08-24'),(1315,293.0,9,25,21,1,'2017-08-24'),(1316,294.0,9,25,21,1,'2017-08-24'),(1317,295.0,9,25,21,1,'2017-08-24'),(1318,296.0,9,25,21,1,'2017-08-24'),(1319,297.0,9,25,21,1,'2017-08-24'),(1320,298.0,9,25,21,1,'2017-08-24'),(1321,298.5,9,25,21,1,'2017-08-24'),(1322,299.0,9,25,21,1,'2017-08-24'),(1323,300.0,9,25,21,1,'2017-08-24'),(1324,301.0,9,25,21,1,'2017-08-24'),(1325,302.0,9,25,21,1,'2017-08-24'),(1326,303.0,9,25,21,1,'2017-08-24'),(1327,304.0,9,25,21,1,'2017-08-24'),(1328,305.0,9,25,21,1,'2017-08-24'),(1329,306.0,9,25,21,1,'2017-08-24'),(1330,307.0,9,25,21,1,'2017-08-24'),(1331,308.0,9,25,21,1,'2017-08-24'),(1332,309.0,9,25,21,1,'2017-08-24'),(1333,310.0,9,25,21,1,'2017-08-24'),(1334,311.0,9,25,21,1,'2017-08-24'),(1335,312.0,9,25,21,1,'2017-08-24'),(1336,313.0,9,25,21,1,'2017-08-24'),(1337,314.0,9,25,21,1,'2017-08-24'),(1338,315.0,9,25,21,1,'2017-08-24'),(1339,316.0,9,25,21,1,'2017-08-24'),(1340,317.0,9,25,21,1,'2017-08-24'),(1341,318.0,9,25,21,1,'2017-08-24'),(1342,319.0,9,25,21,1,'2017-08-24'),(1343,320.0,9,25,21,1,'2017-08-24'),(1344,321.0,9,25,21,1,'2017-08-24'),(1345,321.5,9,25,21,1,'2017-08-24'),(1346,322.0,9,25,21,1,'2017-08-24'),(1347,323.0,9,25,21,1,'2017-08-24'),(1348,324.0,9,25,21,1,'2017-08-24'),(1349,325.0,9,25,21,1,'2017-08-24'),(1350,326.0,9,25,21,1,'2017-08-24'),(1351,327.0,9,25,21,1,'2017-08-24'),(1352,328.0,9,25,21,1,'2017-08-24'),(1353,329.0,9,25,21,1,'2017-08-24'),(1354,330.0,9,25,21,1,'2017-08-24'),(1355,331.0,9,25,21,1,'2017-08-24'),(1356,332.0,9,25,21,1,'2017-08-24'),(1357,333.0,9,25,21,1,'2017-08-24'),(1358,334.0,9,25,21,1,'2017-08-24'),(1359,335.0,9,25,21,1,'2017-08-24'),(1360,336.0,9,25,21,1,'2017-08-24'),(1361,337.0,9,25,21,1,'2017-08-24'),(1362,338.0,9,25,21,1,'2017-08-24'),(1363,339.0,9,25,21,1,'2017-08-24'),(1364,340.0,9,25,21,1,'2017-08-24'),(1365,341.0,9,25,21,1,'2017-08-24'),(1366,342.0,9,25,21,1,'2017-08-24'),(1367,343.0,9,25,21,1,'2017-08-24'),(1368,344.0,9,25,21,1,'2017-08-24'),(1369,345.0,9,25,21,1,'2017-08-24'),(1370,346.0,9,25,21,1,'2017-08-24'),(1371,347.0,9,25,21,1,'2017-08-24'),(1372,348.0,9,25,21,1,'2017-08-24'),(1373,349.0,9,25,21,1,'2017-08-24'),(1374,350.0,9,25,27,1,'2017-08-24'),(1375,351.0,9,25,27,1,'2017-08-24'),(1376,352.0,9,25,27,1,'2017-08-24'),(1377,353.0,9,25,27,1,'2017-08-24'),(1378,354.0,9,25,27,1,'2017-08-24'),(1379,354.5,9,25,27,1,'2017-08-24'),(1380,355.0,9,25,27,1,'2017-08-24'),(1381,356.0,9,25,27,1,'2017-08-24'),(1382,357.0,9,25,27,1,'2017-08-24'),(1383,358.0,9,26,25,1,'2017-08-24'),(1384,359.0,9,26,25,1,'2017-08-24'),(1385,360.0,9,26,25,1,'2017-08-24'),(1386,361.0,9,26,25,1,'2017-08-24'),(1387,362.0,9,26,25,1,'2017-08-24'),(1388,363.0,9,26,25,1,'2017-08-24'),(1389,364.0,9,26,25,1,'2017-08-24'),(1390,365.0,9,26,25,1,'2017-08-24'),(1391,366.0,9,26,25,1,'2017-08-24'),(1392,367.0,9,26,25,1,'2017-08-24'),(1393,368.0,9,26,25,1,'2017-08-24'),(1394,369.0,9,26,25,1,'2017-08-24'),(1395,370.0,9,26,25,1,'2017-08-24'),(1396,371.0,9,26,25,1,'2017-08-24'),(1397,372.0,9,26,25,1,'2017-08-24'),(1398,373.0,9,26,25,1,'2017-08-24'),(1399,374.0,9,26,25,1,'2017-08-24'),(1400,375.0,9,26,25,1,'2017-08-24'),(1401,376.0,9,26,25,1,'2017-08-24'),(1402,377.0,9,26,25,1,'2017-08-24'),(1403,378.0,9,26,25,1,'2017-08-24'),(1404,379.0,9,26,25,1,'2017-08-24'),(1405,380.0,9,26,25,1,'2017-08-24'),(1406,381.0,9,26,25,1,'2017-08-24'),(1407,382.0,9,26,25,1,'2017-08-24'),(1408,383.0,9,26,25,1,'2017-08-24'),(1409,384.0,9,26,25,1,'2017-08-24'),(1410,385.0,9,26,25,1,'2017-08-24'),(1411,386.0,9,26,25,1,'2017-08-24'),(1412,387.0,9,26,25,1,'2017-08-24'),(1413,388.0,9,26,25,1,'2017-08-24'),(1414,389.0,9,26,25,1,'2017-08-24'),(1415,390.0,9,26,25,1,'2017-08-24'),(1416,391.0,9,26,25,1,'2017-08-24'),(1417,392.0,9,26,25,1,'2017-08-24'),(1418,393.0,9,26,25,1,'2017-08-24'),(1419,394.0,9,26,25,1,'2017-08-24'),(1420,395.0,9,26,25,1,'2017-08-24'),(1421,396.0,9,26,25,1,'2017-08-24'),(1422,397.0,9,26,25,1,'2017-08-24'),(1423,398.0,9,26,25,1,'2017-08-24'),(1424,399.0,9,26,25,1,'2017-08-24'),(1425,400.0,9,26,25,1,'2017-08-24'),(1426,401.0,9,26,25,1,'2017-08-24'),(1427,402.0,9,26,25,1,'2017-08-24'),(1428,403.0,9,26,25,1,'2017-08-24'),(1429,404.0,9,26,25,1,'2017-08-24'),(1430,405.0,9,26,25,1,'2017-08-24'),(1431,406.0,9,26,25,1,'2017-08-24'),(1432,407.0,9,26,25,1,'2017-08-24'),(1433,407.5,9,26,25,1,'2017-08-24'),(1434,408.0,9,26,25,1,'2017-08-24'),(1435,409.0,9,26,25,1,'2017-08-24'),(1436,410.0,9,26,25,1,'2017-08-24'),(1437,411.0,9,26,25,1,'2017-08-24'),(1438,412.0,9,26,25,1,'2017-08-24'),(1439,413.0,9,26,25,1,'2017-08-24'),(1440,414.0,9,26,25,1,'2017-08-24'),(1441,415.0,9,26,25,1,'2017-08-24'),(1442,416.0,9,26,25,1,'2017-08-24'),(1443,417.0,9,26,25,1,'2017-08-24'),(1444,418.0,9,26,25,1,'2017-08-24'),(1445,419.0,9,26,25,1,'2017-08-24'),(1446,420.0,9,26,25,1,'2017-08-24'),(1447,421.0,9,26,25,1,'2017-08-24'),(1448,422.0,9,26,25,1,'2017-08-24'),(1449,423.0,9,26,25,1,'2017-08-24'),(1450,424.0,9,26,25,1,'2017-08-24'),(1451,425.0,9,26,25,1,'2017-08-24'),(1452,426.0,9,26,25,1,'2017-08-24'),(1453,426.5,9,26,25,1,'2017-08-24'),(1454,427.0,9,26,25,1,'2017-08-24'),(1455,428.0,9,26,25,1,'2017-08-24'),(1456,429.0,9,26,25,1,'2017-08-24'),(1457,430.0,9,26,25,1,'2017-08-24'),(1458,431.0,9,26,25,1,'2017-08-24'),(1459,432.0,9,26,25,1,'2017-08-24'),(1460,433.0,9,26,25,1,'2017-08-24'),(1461,433.5,9,26,25,1,'2017-08-24'),(1462,434.0,9,26,25,1,'2017-08-24'),(1463,435.0,9,26,25,1,'2017-08-24'),(1464,436.0,9,26,25,1,'2017-08-24'),(1465,437.0,9,26,25,1,'2017-08-24'),(1466,438.0,9,26,25,1,'2017-08-24'),(1467,439.0,9,26,25,1,'2017-08-24'),(1468,440.0,9,26,25,1,'2017-08-24'),(1469,441.0,9,26,25,1,'2017-08-24'),(1470,442.0,9,26,25,1,'2017-08-24'),(1471,443.0,9,26,25,1,'2017-08-24'),(1472,444.0,9,26,25,1,'2017-08-24'),(1473,445.0,9,26,25,1,'2017-08-24'),(1474,446.0,9,26,25,1,'2017-08-24'),(1475,447.0,9,26,25,1,'2017-08-24'),(1476,448.0,9,26,25,1,'2017-08-24'),(1477,449.0,9,26,25,1,'2017-08-24'),(1478,450.0,9,26,25,1,'2017-08-24'),(1479,451.0,9,26,25,1,'2017-08-24'),(1480,452.0,9,26,25,1,'2017-08-24'),(1481,453.0,9,26,25,1,'2017-08-24'),(1482,454.0,9,26,25,1,'2017-08-24'),(1483,455.0,9,26,25,1,'2017-08-24'),(1484,456.0,9,26,25,1,'2017-08-24'),(1485,457.0,9,27,23,1,'2017-08-24'),(1486,458.0,9,27,23,1,'2017-08-24'),(1487,459.0,9,27,23,1,'2017-08-24'),(1488,460.0,9,27,23,1,'2017-08-24'),(1489,461.0,9,27,23,1,'2017-08-24'),(1490,462.0,9,27,23,1,'2017-08-24'),(1491,463.0,9,27,23,1,'2017-08-24'),(1492,464.0,9,27,23,1,'2017-08-24'),(1493,465.0,9,27,23,1,'2017-08-24'),(1494,466.0,9,27,23,1,'2017-08-24'),(1495,467.0,9,27,23,1,'2017-08-24'),(1496,468.0,9,27,23,1,'2017-08-24'),(1497,469.0,9,27,23,1,'2017-08-24'),(1498,470.0,9,27,23,1,'2017-08-24'),(1499,471.0,9,27,23,1,'2017-08-24'),(1500,472.0,9,27,23,1,'2017-08-24'),(1501,473.0,9,27,23,1,'2017-08-24'),(1502,474.0,9,27,23,1,'2017-08-24'),(1503,475.0,9,27,23,1,'2017-08-24'),(1504,476.0,9,27,23,1,'2017-08-24'),(1505,477.0,9,27,23,1,'2017-08-24'),(1506,478.0,9,27,23,1,'2017-08-24'),(1507,479.0,9,27,23,1,'2017-08-24'),(1508,480.0,9,27,23,1,'2017-08-24'),(1509,481.0,9,27,23,1,'2017-08-24'),(1510,482.0,9,27,23,1,'2017-08-24'),(1511,483.0,9,27,23,1,'2017-08-24'),(1512,484.0,9,27,23,1,'2017-08-24'),(1513,485.0,9,27,23,1,'2017-08-24'),(1514,486.0,9,27,23,1,'2017-08-24'),(1515,487.0,9,27,23,1,'2017-08-24'),(1516,488.0,9,27,23,1,'2017-08-24'),(1517,489.0,9,27,23,1,'2017-08-24'),(1518,490.0,9,27,23,1,'2017-08-24'),(1519,491.0,9,27,23,1,'2017-08-24'),(1520,492.0,9,27,23,1,'2017-08-24'),(1521,493.0,9,27,23,1,'2017-08-24'),(1522,494.0,9,27,23,1,'2017-08-24'),(1523,495.0,9,27,23,1,'2017-08-24'),(1524,496.0,9,27,23,1,'2017-08-24'),(1525,497.0,9,27,23,1,'2017-08-24'),(1526,498.0,9,27,23,1,'2017-08-24'),(1527,499.0,9,27,23,1,'2017-08-24'),(1528,500.0,9,27,23,1,'2017-08-24'),(1529,501.0,9,27,23,1,'2017-08-24'),(1530,502.0,9,27,23,1,'2017-08-24'),(1531,503.0,9,27,23,1,'2017-08-24'),(1532,504.0,9,27,23,1,'2017-08-24'),(1533,505.0,9,27,23,1,'2017-08-24'),(1534,506.0,9,27,23,1,'2017-08-24'),(1535,507.0,9,27,23,1,'2017-08-24'),(1536,508.0,9,27,23,1,'2017-08-24'),(1537,509.0,9,27,23,1,'2017-08-24'),(1538,510.0,9,27,23,1,'2017-08-24'),(1539,511.0,9,27,23,1,'2017-08-24'),(1540,512.0,9,27,23,1,'2017-08-24'),(1541,513.0,9,27,23,1,'2017-08-24'),(1542,513.5,9,27,23,1,'2017-08-24'),(1543,515.0,9,27,23,1,'2017-08-24'),(1544,516.0,9,27,23,1,'2017-08-24'),(1545,517.0,9,27,23,1,'2017-08-24'),(1546,518.0,9,27,23,1,'2017-08-24'),(1547,519.0,9,27,23,1,'2017-08-24'),(1548,520.0,9,27,23,1,'2017-08-24'),(1549,521.0,9,27,23,1,'2017-08-24'),(1550,522.0,9,27,23,1,'2017-08-24'),(1551,523.0,9,27,23,1,'2017-08-24'),(1552,524.0,9,27,23,1,'2017-08-24'),(1553,525.0,9,27,23,1,'2017-08-24'),(1554,526.0,9,27,23,1,'2017-08-24'),(1555,527.0,9,27,23,1,'2017-08-24'),(1556,528.0,9,27,23,1,'2017-08-24'),(1557,529.0,9,27,23,1,'2017-08-24'),(1558,530.0,9,27,23,1,'2017-08-24'),(1559,531.0,9,27,23,1,'2017-08-24'),(1560,532.0,9,27,23,1,'2017-08-24'),(1561,532.5,9,27,23,1,'2017-08-24'),(1562,533.0,9,27,23,1,'2017-08-24'),(1563,534.0,9,27,23,1,'2017-08-24'),(1564,535.0,9,27,23,1,'2017-08-24'),(1565,536.0,9,27,23,1,'2017-08-24'),(1566,537.0,9,27,23,1,'2017-08-24'),(1567,538.0,9,27,23,1,'2017-08-24'),(1568,539.0,9,27,23,1,'2017-08-24'),(1569,540.0,9,27,23,1,'2017-08-24'),(1570,541.0,9,27,23,1,'2017-08-24'),(1571,542.0,9,27,23,1,'2017-08-24'),(1572,543.0,9,27,23,1,'2017-08-24'),(1573,544.0,9,27,23,1,'2017-08-24'),(1574,545.0,9,27,23,1,'2017-08-24'),(1575,546.0,9,27,23,1,'2017-08-24'),(1576,547.0,9,27,23,1,'2017-08-24'),(1577,548.0,9,27,23,1,'2017-08-24'),(1578,549.0,9,27,23,1,'2017-08-24'),(1579,550.0,9,27,23,1,'2017-08-24'),(1580,551.0,9,27,23,1,'2017-08-24'),(1581,552.0,9,27,23,1,'2017-08-24'),(1582,552.5,9,27,23,1,'2017-08-24'),(1583,554.0,9,27,23,1,'2017-08-24'),(1584,555.0,9,27,23,1,'2017-08-24'),(1585,1.0,9,32,13,1,'2017-08-24'),(1586,2.0,9,32,13,1,'2017-08-24'),(1587,3.0,9,32,13,1,'2017-08-24'),(1588,4.0,9,32,13,1,'2017-08-24'),(1589,5.0,9,32,13,1,'2017-08-24'),(1590,6.0,9,32,13,1,'2017-08-24'),(1591,7.0,9,32,13,1,'2017-08-24'),(1592,8.0,9,32,13,1,'2017-08-24'),(1593,9.0,9,32,13,1,'2017-08-24'),(1594,10.0,9,32,13,1,'2017-08-24'),(1595,11.0,9,32,13,1,'2017-08-24'),(1596,12.0,9,32,13,1,'2017-08-24'),(1597,13.0,9,32,13,1,'2017-08-24'),(1598,14.0,9,32,13,1,'2017-08-24'),(1599,15.0,9,32,13,1,'2017-08-24'),(1600,16.0,9,32,13,1,'2017-08-24'),(1601,1.0,9,33,13,1,'2017-08-24'),(1602,2.0,9,33,13,1,'2017-08-24'),(1603,3.0,9,33,13,1,'2017-08-24'),(1604,4.0,9,33,13,1,'2017-08-24'),(1605,5.0,9,33,13,1,'2017-08-24'),(1606,6.0,9,33,13,1,'2017-08-24'),(1607,7.0,9,33,13,1,'2017-08-24'),(1608,8.0,9,33,13,1,'2017-08-24'),(1609,9.0,9,33,13,1,'2017-08-24'),(1610,10.0,9,33,13,1,'2017-08-24'),(1611,11.0,9,33,13,1,'2017-08-24'),(1612,12.0,9,33,13,1,'2017-08-24'),(1613,13.0,9,33,13,1,'2017-08-24'),(1614,14.0,9,33,13,1,'2017-08-24'),(1615,15.0,9,33,13,1,'2017-08-24'),(1616,16.0,9,33,13,1,'2017-08-24'),(1617,1.0,9,34,13,1,'2017-08-24'),(1618,2.0,9,34,13,1,'2017-08-24'),(1619,3.0,9,34,13,1,'2017-08-24'),(1620,4.0,9,34,13,1,'2017-08-24'),(1621,5.0,9,34,13,1,'2017-08-24'),(1622,6.0,9,34,13,1,'2017-08-24'),(1623,7.0,9,34,13,1,'2017-08-24'),(1624,8.0,9,34,13,1,'2017-08-24'),(1625,9.0,9,34,13,1,'2017-08-24'),(1626,10.0,9,34,13,1,'2017-08-24'),(1627,11.0,9,34,13,1,'2017-08-24'),(1628,12.0,9,34,13,1,'2017-08-24'),(1629,13.0,9,34,13,1,'2017-08-24'),(1630,14.0,9,34,13,1,'2017-08-24'),(1631,15.0,9,34,13,1,'2017-08-24'),(1632,16.0,9,34,13,1,'2017-08-24'),(1633,17.0,9,34,13,1,'2017-08-24'),(1634,18.0,9,34,13,1,'2017-08-24'),(1635,19.0,9,34,13,1,'2017-08-24'),(1636,20.0,9,34,13,1,'2017-08-24'),(1637,1.0,9,35,11,1,'2017-08-24'),(1638,2.0,9,35,11,1,'2017-08-24'),(1639,3.0,9,35,11,1,'2017-08-24'),(1640,4.0,9,35,11,1,'2017-08-24'),(1641,5.0,9,35,11,1,'2017-08-24'),(1642,6.0,9,35,11,1,'2017-08-24'),(1643,7.0,9,35,11,1,'2017-08-24'),(1644,8.0,9,35,11,1,'2017-08-24'),(1645,9.0,9,35,11,1,'2017-08-24'),(1646,10.0,9,35,11,1,'2017-08-24'),(1647,11.0,9,35,11,1,'2017-08-24'),(1648,12.0,9,36,27,1,'2017-08-24'),(1649,13.0,9,36,27,1,'2017-08-24'),(1650,14.0,9,36,27,1,'2017-08-24'),(1651,15.0,9,36,27,1,'2017-08-24'),(1652,16.0,9,36,27,1,'2017-08-24'),(1653,17.0,9,36,27,1,'2017-08-24'),(1654,18.0,9,36,27,1,'2017-08-24'),(1655,19.0,9,36,27,1,'2017-08-24'),(1656,20.0,9,36,27,1,'2017-08-24'),(1657,21.0,9,36,27,1,'2017-08-24'),(1658,22.0,9,36,27,1,'2017-08-24'),(1659,1.0,9,37,27,1,'2017-08-24'),(1660,1.0,9,38,28,1,'2017-08-24'),(1661,1.0,9,31,28,1,'2017-08-24'),(1662,0.0,9,22,27,1,'2017-08-24'),(1663,0.0,9,23,27,1,'2017-08-24'),(1664,0.0,9,24,27,1,'2017-08-24'),(1665,0.0,9,25,27,1,'2017-08-24'),(1666,0.0,9,26,27,1,'2017-08-24'),(1667,0.0,9,27,27,1,'2017-08-24'),(1668,0.0,9,28,27,1,'2017-08-24'),(1669,0.0,9,29,27,1,'2017-08-24'),(1670,0.0,9,36,27,1,'2017-08-24'),(1671,0.0,9,30,27,1,'2017-08-24'),(1672,0.0,9,32,27,1,'2017-08-24'),(1673,0.0,9,33,27,1,'2017-08-24'),(1674,0.0,9,34,27,1,'2017-08-24'),(1675,0.0,1,1,12,1,'2017-08-29'),(1676,0.0,1,2,12,1,'2017-08-29'),(1677,0.0,1,3,12,1,'2017-08-29'),(1678,0.0,1,4,12,1,'2017-08-29'),(1679,0.0,1,5,12,1,'2017-08-29'),(1680,0.0,1,6,12,1,'2017-08-29'),(1681,0.0,1,7,12,1,'2017-08-29'),(1682,0.0,1,8,12,1,'2017-08-29'),(1683,0.0,1,9,12,1,'2017-08-29'),(1684,0.0,1,10,12,1,'2017-08-29'),(1685,0.0,1,11,12,1,'2017-08-29'),(1686,0.0,1,12,12,1,'2017-08-29'),(1687,0.0,1,13,12,1,'2017-08-29'),(1688,0.0,1,14,12,1,'2017-08-29'),(1689,0.0,1,15,12,1,'2017-08-29'),(1690,0.0,1,16,12,1,'2017-08-29'),(1691,0.0,1,17,12,1,'2017-08-29'),(1692,0.0,1,18,12,1,'2017-08-29'),(1693,0.0,1,19,12,1,'2017-08-29'),(1694,0.0,1,20,12,1,'2017-08-29'),(1695,0.0,1,21,12,1,'2017-08-29'),(1696,2.0,1,18,19,1,'2017-08-31'),(1697,3.0,1,18,19,1,'2017-08-31'),(1698,4.0,1,18,19,1,'2017-08-31'),(1699,7.0,1,18,19,1,'2017-08-31'),(1700,1.0,1,17,12,1,'2017-08-31'),(1701,0.5,1,17,12,1,'2017-09-05'),(1702,0.0,1,39,8,1,'2017-09-05'),(1703,0.0,1,40,12,1,'2017-09-06'),(1704,0.0,1,41,12,1,'2017-09-06');
/*!40000 ALTER TABLE `puestos` ENABLE KEYS */;
UNLOCK TABLES;

--
-- Table structure for table `sedes`
--

DROP TABLE IF EXISTS `sedes`;
/*!40101 SET @saved_cs_client     = @@character_set_client */;
/*!40101 SET character_set_client = utf8 */;
CREATE TABLE `sedes` (
  `id_sede` int(11) NOT NULL AUTO_INCREMENT,
  `nombre_sede` varchar(45) DEFAULT NULL,
  `ciudad_sede` varchar(45) DEFAULT NULL,
  `pais_sede` varchar(45) DEFAULT NULL,
  PRIMARY KEY (`id_sede`),
  UNIQUE KEY `nombre_sede_UNIQUE` (`nombre_sede`)
) ENGINE=InnoDB AUTO_INCREMENT=10 DEFAULT CHARSET=utf8;
/*!40101 SET character_set_client = @saved_cs_client */;

--
-- Dumping data for table `sedes`
--

LOCK TABLES `sedes` WRITE;
/*!40000 ALTER TABLE `sedes` DISABLE KEYS */;
INSERT INTO `sedes` VALUES (1,'DXCO IBAGUE','IBAGUE','COLOMBIA'),(2,'DXCO ZONA FRANCA','BOGOTA','COLOMBIA'),(3,'DXCO OF. ADMINISTRATIVA','BOGOTA','COLOMBIA'),(4,'DXCO ARMENIA MOCAWA','ARMENIA','COLOMBIA'),(5,'DXCO MANIZALES LA PATRIA','MANIZALES','COLOMBIA'),(6,'DXCO MANIZALES VILLAMARIA','MANIZALES','COLOMBIA'),(7,'DXCO MANIZALES SAN ANTONIO','MANIZALES','COLOMBIA'),(8,'DXCO MANIZALES LAURELES','MANIZALES','COLOMBIA'),(9,'DXCO MANIZALES BOLIVAR','MANIZALES','COLOMBIA');
/*!40000 ALTER TABLE `sedes` ENABLE KEYS */;
UNLOCK TABLES;

--
-- Table structure for table `tipo_item`
--

DROP TABLE IF EXISTS `tipo_item`;
/*!40101 SET @saved_cs_client     = @@character_set_client */;
/*!40101 SET character_set_client = utf8 */;
CREATE TABLE `tipo_item` (
  `idtipo_item` int(11) NOT NULL AUTO_INCREMENT,
  `nombre_item` varchar(45) NOT NULL,
  PRIMARY KEY (`idtipo_item`),
  UNIQUE KEY `nombre_item_UNIQUE` (`nombre_item`),
  UNIQUE KEY `idtipo_item_UNIQUE` (`idtipo_item`)
) ENGINE=InnoDB AUTO_INCREMENT=50 DEFAULT CHARSET=utf8;
/*!40101 SET character_set_client = @saved_cs_client */;

--
-- Dumping data for table `tipo_item`
--

LOCK TABLES `tipo_item` WRITE;
/*!40000 ALTER TABLE `tipo_item` DISABLE KEYS */;
INSERT INTO `tipo_item` VALUES (6,'ACCESS POINT'),(32,'AES'),(10,'AIRE ACONDICIONADO'),(20,'CAMARA DE SEGURIDAD'),(38,'COMPRESOR'),(42,'CONDENSADORA'),(28,'CONTROLADORA ACCESO'),(30,'CONVERTIDOR DE FIBRA'),(1,'CPU'),(34,'DISCO DURO EXTERNO'),(35,'DOCKING STATION'),(21,'DVR'),(19,'FIREWALL'),(39,'FOTOCOPIADORA'),(29,'FUENTE DE PODER CORE'),(13,'FUENTE DE PODER UPS'),(31,'GSM'),(3,'HARDPHONE'),(4,'IMPRESORA'),(5,'LAPTOP'),(37,'LUCES DE EMERGENCIA'),(17,'MAQUINA DE CARNETS'),(11,'MODULO DE BATERIAS UPS'),(15,'MODULO DE INTELIGENCIA'),(12,'MODULO DE PODER'),(2,'MONITOR'),(41,'MOTOBOMBA'),(43,'MOTOR AIRE ACONDICIONADO'),(44,'MOTOR ASCENSOR'),(23,'ORGANIZADOR BATERIA UPS'),(22,'PANEL DETECCION INTELIGENTE'),(25,'PDU'),(45,'PLANTA ELECTRICA'),(26,'RACKS'),(33,'RADIO ENLACE'),(46,'REFRIGERANTE'),(18,'ROUTER'),(16,'SCANNER'),(8,'SERVIDOR'),(24,'STATIC SWITCH'),(7,'SWITCH'),(27,'TABLERO DE DISTRIBUCION'),(9,'TELEVISOR'),(47,'TRANSFORMADOR'),(40,'UNIDAD DE PRECISION'),(48,'UNIDAD ELECTRICA'),(14,'UPS'),(36,'VIDEOCONFERENCIA'),(49,'VORTEX AIR SEPARATOR');
/*!40000 ALTER TABLE `tipo_item` ENABLE KEYS */;
UNLOCK TABLES;

--
-- Table structure for table `usuarios`
--

DROP TABLE IF EXISTS `usuarios`;
/*!40101 SET @saved_cs_client     = @@character_set_client */;
/*!40101 SET character_set_client = utf8 */;
CREATE TABLE `usuarios` (
  `id_usuario` int(11) NOT NULL AUTO_INCREMENT,
  `nombre_usuario` varchar(45) NOT NULL,
  `cargo_usuario` varchar(45) NOT NULL,
  `pass_usuario` varchar(255) NOT NULL,
  `fk_sede` int(11) NOT NULL,
  `fk_campaign` int(11) NOT NULL,
  `nombre_mostrar` varchar(255) NOT NULL,
  `perfil_usuario` int(11) NOT NULL,
  PRIMARY KEY (`id_usuario`),
  UNIQUE KEY `nombre_usuario_UNIQUE` (`nombre_usuario`),
  KEY `id_sede_idx` (`fk_sede`),
  KEY `id_campaa_idx` (`fk_campaign`),
  CONSTRAINT `id_campaign_user` FOREIGN KEY (`fk_campaign`) REFERENCES `campaign` (`id_campaign`) ON DELETE NO ACTION ON UPDATE NO ACTION,
  CONSTRAINT `id_sede_user` FOREIGN KEY (`fk_sede`) REFERENCES `sedes` (`id_sede`) ON DELETE NO ACTION ON UPDATE NO ACTION
) ENGINE=InnoDB AUTO_INCREMENT=7 DEFAULT CHARSET=utf8;
/*!40101 SET character_set_client = @saved_cs_client */;

--
-- Dumping data for table `usuarios`
--

LOCK TABLES `usuarios` WRITE;
/*!40000 ALTER TABLE `usuarios` DISABLE KEYS */;
INSERT INTO `usuarios` VALUES (1,'darod01','Administrador','$2a$10$PG1eFoFGTeqIn3fmfLqCpuRMnHqx3UdQgMNilbbURlWRc3pyIMMau',1,9,'Diego Rodriguez',1),(2,'Operador','Pruebas','$2a$10$LLRw7Es4kiZWxnjudD/NN.UQ3.fPlR2P9ThrWeRtAinTqhzwUAUZa',1,9,'Operador Prueba',2),(3,'sena01','Practicantes Sena','$2a$10$PG1eFoFGTeqIn3fmfLqCpuRMnHqx3UdQgMNilbbURlWRc3pyIMMau',1,9,'Practicantes Sena',2),(4,'mgbed01','Tcnico Departamento','$2a$10$jb/OEzA8raZ3v9RlgDiRTeSLLwSEq6G8ADZYVhr9lMlY6TlS98tjO',9,9,'Mauricio Guapacha',1),(5,'jcpra01','RDS Soporte IBG','$2a$10$jb/OEzA8raZ3v9RlgDiRTeSLLwSEq6G8ADZYVhr9lMlY6TlS98tjO',1,9,'Juan Camilo Prada',1),(6,'temporal','temporal','$2a$10$4ablONf3VYDAR7TQ3oyLwOL8GlnT.ejztPL2dhs2bZmMi7NJzPZBW',1,9,'temporal',4);
/*!40000 ALTER TABLE `usuarios` ENABLE KEYS */;
UNLOCK TABLES;
/*!40103 SET TIME_ZONE=@OLD_TIME_ZONE */;

/*!40101 SET SQL_MODE=@OLD_SQL_MODE */;
/*!40014 SET FOREIGN_KEY_CHECKS=@OLD_FOREIGN_KEY_CHECKS */;
/*!40014 SET UNIQUE_CHECKS=@OLD_UNIQUE_CHECKS */;
/*!40101 SET CHARACTER_SET_CLIENT=@OLD_CHARACTER_SET_CLIENT */;
/*!40101 SET CHARACTER_SET_RESULTS=@OLD_CHARACTER_SET_RESULTS */;
/*!40101 SET COLLATION_CONNECTION=@OLD_COLLATION_CONNECTION */;
/*!40111 SET SQL_NOTES=@OLD_SQL_NOTES */;

-- Dump completed on 2017-09-22 12:22:40
