-- MySQL dump 10.13  Distrib 5.7.17, for Win64 (x86_64)
--
-- Host: 10.162.10.100    Database: inventario_digitex
-- ------------------------------------------------------
-- Server version	5.7.17-log

/*!40101 SET @OLD_CHARACTER_SET_CLIENT=@@CHARACTER_SET_CLIENT */;
/*!40101 SET @OLD_CHARACTER_SET_RESULTS=@@CHARACTER_SET_RESULTS */;
/*!40101 SET @OLD_COLLATION_CONNECTION=@@COLLATION_CONNECTION */;
/*!40101 SET NAMES utf8 */;
/*!40103 SET @OLD_TIME_ZONE=@@TIME_ZONE */;
/*!40103 SET TIME_ZONE='+00:00' */;
/*!40014 SET @OLD_UNIQUE_CHECKS=@@UNIQUE_CHECKS, UNIQUE_CHECKS=0 */;
/*!40014 SET @OLD_FOREIGN_KEY_CHECKS=@@FOREIGN_KEY_CHECKS, FOREIGN_KEY_CHECKS=0 */;
/*!40101 SET @OLD_SQL_MODE=@@SQL_MODE, SQL_MODE='NO_AUTO_VALUE_ON_ZERO' */;
/*!40111 SET @OLD_SQL_NOTES=@@SQL_NOTES, SQL_NOTES=0 */;

--
-- Table structure for table `articulos`
--

DROP TABLE IF EXISTS `articulos`;
/*!40101 SET @saved_cs_client     = @@character_set_client */;
/*!40101 SET character_set_client = utf8 */;
CREATE TABLE `articulos` (
  `id_articulos` int(11) NOT NULL AUTO_INCREMENT,
  `activo` varchar(45) NOT NULL,
  `serial_art` varchar(45) NOT NULL,
  `plaqueta_art` varchar(11) NOT NULL,
  `fecha_creacion` date NOT NULL,
  `fk_items` int(11) NOT NULL,
  `fk_tipo` int(11) NOT NULL,
  PRIMARY KEY (`id_articulos`),
  UNIQUE KEY `plaqueta_art_UNIQUE` (`plaqueta_art`),
  UNIQUE KEY `serial_art_UNIQUE` (`serial_art`),
  KEY `id_items_idx` (`fk_items`),
  KEY `fk_tipo_idx` (`fk_tipo`),
  CONSTRAINT `fk_items_art` FOREIGN KEY (`fk_items`) REFERENCES `items` (`id_item`) ON DELETE NO ACTION ON UPDATE NO ACTION
) ENGINE=InnoDB AUTO_INCREMENT=3134 DEFAULT CHARSET=utf8;
/*!40101 SET character_set_client = @saved_cs_client */;

--
-- Dumping data for table `articulos`
--

LOCK TABLES `articulos` WRITE;
/*!40000 ALTER TABLE `articulos` DISABLE KEYS */;
INSERT INTO `articulos` VALUES (1000,'1','MJEDVAC','024058','2017-08-17',9,1),(1001,'1','VNAC1W5','001850','2017-08-17',16,2),(1002,'1','MJEDPYP','012747','2017-08-17',9,1),(1003,'1','V1PR676','010112','2017-08-17',16,2),(1004,'1','MJEDVMN','010224','2017-08-17',9,1),(1005,'1','CNC038NY31','002026','2017-08-17',23,2),(1006,'1','MJEDTWB','024312','2017-08-17',9,1),(1007,'1','V1PR688','010047','2017-08-17',16,2),(1008,'1','MJ02XN60','018158','2017-08-17',1,1),(1009,'1','V335814','018416','2017-08-17',17,2),(1010,'1','MJ018XSA','014992','2017-08-17',12,1),(1011,'1','V9-0070MN','014958','2017-08-17',20,2),(1012,'1','MJ018Y3Q','015707','2017-08-17',12,1),(1013,'1','V9-006ZYM','015701','2017-08-15',20,2),(1014,'1','MJ018XWV','024056','2017-08-15',12,1),(1015,'1','V1BMG13','010132','2017-08-17',16,2),(1016,'1','MJEDVBW','024802','2017-08-17',9,1),(1017,'1','VNALZVM','000773','2017-07-12',16,2),(1018,'1','MJEDVDP','019717','2017-07-12',9,1),(1019,'1','VNABZR5','000928','2017-07-12',19,2),(1020,'1','MJGMCPA','024025','2017-07-12',9,1),(1021,'1','VNAR40M','000811','2017-07-12',19,2),(1022,'1','MJGMCRA','024178','2017-08-19',9,1),(1023,'1','VNA4D88','001674','2017-07-12',19,2),(1024,'1','MJEDVEZ','024137','2017-07-12',9,1),(1025,'1','VNAC1W1','001865','2017-07-12',19,2),(1026,'1','MJEDVGF','017439','2017-07-12',9,1),(1027,'1','VNALZVB','001160','2017-07-12',19,2),(1028,'1','MJGMCRE','012768','2017-07-12',9,1),(1029,'1','V1ALK48','011134','2017-08-14',16,2),(1030,'1','MJEDYZC','024097','2017-07-12',9,1),(1031,'1','VNALZRZ','000892','2017-08-17',19,2),(1032,'1','99-MJEDPYF','9014736','2017-07-12',9,1),(1033,'1','CNC038NQ98','001991','2017-07-12',23,2),(1034,'1','MJEDVBG','014512','2017-07-12',9,1),(1035,'1','MJGMCPH','015775','2017-07-12',9,1),(1036,'1','V1BCN63','010317','2017-08-17',16,2),(1037,'1','MJEDTZH','017207','2017-07-12',9,1),(1038,'1','MJEDTTT','014743','2017-07-12',9,1),(1039,'1','V1BM653','010346','2017-07-12',16,2),(1040,'1','MJEDVLH','024242','2017-07-12',9,1),(1041,'1','10WZ39552424','004256','2017-07-12',13,3),(1042,'1','V1BMF95','024510','2017-07-12',16,2),(1043,'1','MJEDVCG','019773','2017-07-12',9,1),(1044,'1','10WZ39655170','004209','2017-07-12',13,3),(1045,'1','V1BMFJ3','010216','2017-07-12',16,2),(1046,'1','MJEDYYP','014744','2017-07-12',9,1),(1047,'1','10WZ33450472','003434','2017-07-12',13,3),(1048,'1','V1PR651','019991','2017-07-12',16,2),(1049,'1','MJZKF10','024310','2017-07-12',6,1),(1050,'1','15WZ522704VS','024351','2017-07-12',13,3),(1051,'1','CNT933636ZT','001678','2017-07-12',24,2),(1052,'1','MJEDPZN','024139','2017-07-12',9,1),(1053,'1','15WZ522704UN','024319','2017-07-12',13,3),(1054,'1','VNALZTZ','000770','2017-07-12',19,2),(1055,'1','MJERDNW','019796','2017-07-12',9,1),(1056,'1','08A722580571','003947','2017-07-12',13,3),(1057,'1','VNALZVF','001151','2017-07-12',19,2),(1058,'1','MJPWH14','024902','2017-07-12',6,1),(1059,'1','10WZ35552460','003869','2017-07-12',13,3),(1060,'1','VNABZRY','001777','2017-07-12',19,2),(1061,'1','MJGMCNL','014749','2017-07-12',9,1),(1062,'1','15WZ522703J4','024320','2017-07-12',13,3),(1063,'1','V1ALK17','010687','2017-07-12',16,2),(1064,'1','MJEDTWR','015768','2017-07-12',9,1),(1065,'1','VNA4D8K','002393','2017-07-12',19,2),(1066,'1','MJEDVDZ','019726','2017-07-12',9,1),(1067,'1','10WZ35553247','004236','2017-07-12',13,3),(1068,'1','VNABWM9','002056','2017-07-12',16,2),(1069,'1','MJEDPYG','024633','2017-07-12',9,1),(1070,'1','10WZ19551822','004232','2017-07-12',13,3),(1071,'1','VNABYM8','001258','2017-08-16',19,2),(1072,'1','MJERDPZ','024634','2017-07-12',9,1),(1073,'1','10WZ33450371','003986','2017-07-12',13,3),(1074,'1','V1ALK54','000916','2017-07-12',16,2),(1075,'1','MXL040190W','029825','2017-08-14',10,1),(1076,'1','15WZ52270475','024615','2017-07-12',13,3),(1077,'1','V255554','000234','2017-07-12',16,2),(1078,'1','MJBFWYZ','024236','2017-07-12',2,1),(1079,'1','10WZ19550539','003994','2017-07-12',4,1),(1080,'1','V1PR625','9024695','2017-07-12',16,2),(1081,'1','MJEDVFH','029827','2017-08-14',9,1),(1082,'1','10WZ35551646','003983','2017-07-12',13,3),(1083,'1','V1PR603','011144','2017-07-12',16,2),(1084,'1','MJEY048','024619','2017-08-16',4,1),(1085,'1','10WZ39655060','004241','2017-07-12',13,3),(1086,'1','VNALZTV','000776','2017-07-12',19,2),(1087,'1','MJEDVAD','019792','2017-07-12',9,1),(1088,'1','10WZ35551663','004319','2017-07-12',13,3),(1089,'1','V255689','000149','2017-07-12',16,2),(1090,'1','MXL0390XQG','024023','2017-07-12',10,1),(1091,'1','10WZ35552455','004203','2017-07-12',13,3),(1092,'1','V1PR611','024833','2017-07-12',16,2),(1093,'1','MJGMCNR','024623','2017-07-12',9,1),(1094,'1','10WZ40050061','003719','2017-07-12',13,3),(1095,'1','V1PR664','008790','2017-07-12',16,2),(1096,'1','MJEDZBD','019743','2017-07-12',9,1),(1097,'1','10WZ35050328','004271','2017-07-12',13,3),(1098,'1','V1BCP35','010634','2017-07-12',16,2),(1099,'1','MJEDDZN','024202','2017-07-12',9,1),(1100,'1','10WZ33450503','003927','2017-07-12',13,3),(1101,'1','V256701','000140','2017-07-12',16,2),(1102,'1','MJVDDK2','024917','2017-07-12',7,1),(1103,'1','10WZ35551899','004007','2017-07-12',13,3),(1104,'1','V255718','000196','2017-07-12',16,2),(1105,'1','MJEDTTL','024239','2017-08-16',9,1),(1106,'1','10WZ35553390','004287','2017-07-12',13,3),(1107,'1','V1PR706','010022','2017-07-12',16,2),(1108,'1','MJPWA79','024201','2017-07-12',6,1),(1109,'1','10WZ39655149','004238','2017-07-12',13,3),(1110,'1','V1PR652','010353','2017-07-12',16,2),(1111,'1','MJEDTYA','019980','2017-07-12',9,1),(1112,'1','10WZ35553453','004269','2017-07-12',13,3),(1113,'1','V1BMG09','010054','2017-07-12',16,2),(1114,'1','MJVDDA5','024966','2017-07-12',9,1),(1115,'1','14WZ380700G','024569','2017-07-12',13,3),(1116,'1','VNABZTG','001091','2017-07-12',19,2),(1117,'1','MJYE690','029811','2017-08-14',4,1),(1118,'1','10WZ35552402','004315','2017-07-12',13,3),(1119,'1','V1PR672','010239','2017-08-15',16,2),(1120,'1','MJEDPYT','012794','2017-08-15',9,1),(1121,'1','V1PR703','024936','2017-07-12',16,2),(1122,'1','MJ018XX3','014965','2017-07-12',12,1),(1123,'1','10WZ35551653','004281','2017-07-12',13,3),(1124,'1','V1PR712','010728','2017-07-12',16,2),(1125,'1','MJEDVNN','024937','2017-07-12',9,1),(1126,'1','10WZ39655167','004282','2017-07-12',13,3),(1127,'1','CNT93363WQ','001863','2017-07-12',24,2),(1128,'1','MJEDTTC','010286','2017-07-12',9,1),(1129,'1','10WZ522704UZ','024608','2017-07-12',13,3),(1130,'1','V9-0070XL','015784','2017-07-12',20,2),(1131,'1','MJYED073','019756','2017-07-12',4,1),(1132,'1','15WZ51670023','024574','2017-07-12',13,3),(1133,'1','VNA4D6K','001704','2017-07-12',19,2),(1134,'1','MJEDVAB','019755','2017-07-12',9,1),(1135,'1','10WZ39655211','003419','2017-07-12',13,3),(1136,'1','VNABXCF','001355','2017-07-12',16,2),(1137,'1','MJEDVBB','024970','2017-07-12',9,1),(1138,'1','10WZ39655115','004495','2017-07-12',13,3),(1139,'1','V255700','000212','2017-07-12',16,2),(1140,'1','MJGMCMK','014731','2017-07-12',9,1),(1141,'1','10WZ39655178','004214','2017-07-12',13,3),(1142,'1','V1BCM86','010038','2017-07-12',16,2),(1143,'1','MJEDPXG','024227','2017-07-12',9,1),(1144,'1','08A7225800475','003995','2017-07-12',14,3),(1145,'1','V1BMF84','010324','2017-07-12',16,2),(1146,'1','MJEDPXY','024515','2017-07-12',9,1),(1147,'1','10WZ15651482','004335','2017-07-12',13,3),(1148,'1','V1ALK52','010658','2017-07-12',16,2),(1149,'1','MJEDVFZ','014770','2017-07-12',9,1),(1150,'1','08A722580684','004223','2017-07-12',14,3),(1151,'1','V1PW224','010314','2017-07-12',16,2),(1152,'1','MJEDZ8P','012782','2017-07-12',9,1),(1153,'1','V255997','011136','2017-07-12',16,2),(1154,'1','MJEPDPE','019735','2017-07-12',9,1),(1155,'1','10WZ73555431','004310','2017-07-12',13,3),(1156,'1','V335854','000313','2017-07-12',15,2),(1157,'1','MJBFXAT','029815','2017-08-14',2,1),(1158,'1','V1BCP60','010347','2017-07-12',16,2),(1159,'1','MJEDZCD','017411','2017-07-12',9,1),(1160,'1','10WZ39655095','003392','2017-07-12',13,3),(1161,'1','V9-0070XK','015756','2017-07-12',20,2),(1162,'1','MJEDTWC','010754','2017-07-12',9,1),(1163,'1','V1PP819','010217','2017-07-12',16,2),(1164,'1','MJVDCN2','019774','2017-07-12',7,1),(1165,'1','V1PW217','010340','2017-07-12',16,2),(1166,'1','MJGMCPX','017469','2017-07-12',9,1),(1167,'1','V9-0070MH','015783','2017-07-12',20,2),(1168,'1','MJ018XWC','015736','2017-07-12',12,1),(1169,'1','VNABY7P','001795','2017-07-12',19,2),(1170,'1','MJPWA42','024787','2017-07-12',6,1),(1171,'1','VNABY80','000925','2017-07-12',19,2),(1172,'1','MJPWG60','024234','2017-07-12',6,1),(1173,'1','10WZ33652093','024240','2017-07-12',13,3),(1174,'1','V1BMG16','011237','2017-07-12',16,2),(1175,'1','MJEDVGC','010714','2017-07-12',9,1),(1176,'1','10WZ35552459','003912','2017-07-12',13,3),(1177,'1','V1BMF79','019761','2017-07-12',16,2),(1178,'1','MJEDPXW','010783','2017-07-12',9,1),(1179,'1','10WZ35551866','004277','2017-07-12',13,3),(1180,'1','V1BMF85','010339','2017-07-12',16,2),(1181,'1','MJYE889','019727','2017-08-22',4,1),(1182,'1','V1BCN67','014622','2017-07-12',16,2),(1183,'1','MJERDNF','024211','2017-07-12',9,1),(1184,'1','VNA4BXM','002357','2017-07-12',19,2),(1185,'1','MJYE692','029833','2017-08-14',4,1),(1186,'1','VNABYMK','000847','2017-07-12',19,2),(1187,'1','MJ02XMX6','020908','2017-07-12',12,1),(1188,'1','V1ZT561','010041','2017-07-12',16,2),(1189,'1','MJEDYZP','024231','2017-07-12',9,1),(1190,'1','V1ZT619','010181','2017-07-12',16,2),(1191,'1','MJEDTXP','024233','2017-07-12',9,1),(1192,'1','VNAC28M','000868','2017-07-12',19,2),(1193,'1','MJPWH81','002310','2017-07-12',6,1),(1194,'1','V255733','000210','2017-07-12',16,2),(1195,'1','MJBFXCP','014493','2017-07-12',2,1),(1196,'1','V1ZT593','024676','2017-07-12',16,2),(1197,'1','MJEDZAA','024501','2017-07-12',9,1),(1198,'1','VNABYND','000934','2017-07-12',19,2),(1199,'1','MJPV201','024216','2017-07-12',6,1),(1200,'1','VNABY8B','001291','2017-07-12',19,2),(1201,'1','MJPVZ60','024004','2017-07-12',6,1),(1202,'1','VNABYMV','000931','2017-07-12',19,2),(1203,'1','MJPWF35','000827','2017-07-12',6,1),(1204,'1','VNABWPT','001787','2017-07-12',19,2),(1205,'1','MJPWK66','024864','2017-07-12',6,1),(1206,'1','VNABY62','001797','2017-07-12',19,2),(1207,'1','MJZKG77','020615','2017-07-12',6,1),(1208,'1','V1PR673','017504','2017-07-12',16,2),(1209,'1','MJPWH37','019836','2017-07-12',6,1),(1210,'1','V1ZT425','010626','2017-07-12',16,2),(1211,'1','MJPVF21','019746','2017-07-12',6,1),(1212,'1','VNABWPX','001694','2017-07-12',19,2),(1213,'1','MJYED77','019745','2017-07-12',4,1),(1214,'1','VNABZRH','001231','2017-07-12',19,2),(1215,'1','MJEDPXC','017440','2017-07-12',9,1),(1216,'1','V255719','014964','2017-07-12',16,2),(1217,'1','MJEDVBR','024241','2017-07-12',9,1),(1218,'1','VNABYLN','000865','2017-07-12',19,2),(1219,'1','MJEDVLK','008829','2017-07-12',9,1),(1220,'1','15WZ522704V6','024614','2017-07-12',13,3),(1221,'1','CNC038PN5T','002022','2017-08-15',23,2),(1222,'1','MJ02XMYU','016465','2017-08-15',1,1),(1223,'1','15WZ522704ST','024323','2017-08-21',13,3),(1224,'1','V1BCP54','015767','2017-07-12',16,2),(1225,'1','MJGMCMG','024255','2017-07-12',9,1),(1226,'1','081636604217','014904','2017-07-12',14,3),(1227,'1','V1AWG61','024505','2017-07-12',16,2),(1228,'1','MJEDZBL','010766','2017-07-12',9,1),(1229,'1','VNABWPW','019999','2017-07-12',19,2),(1230,'1','MJEDTRW','010778','2017-07-12',9,1),(1231,'1','081620201540','014677','2017-07-12',14,3),(1232,'1','V1BMG40','010129','2017-07-12',16,2),(1233,'1','MJEDVCC','014556','2017-08-14',9,1),(1234,'1','081636604227','014925','2017-07-12',14,3),(1235,'1','V1BMF78','010791','2017-07-12',16,2),(1236,'1','MJEDTTN','010612','2017-07-12',9,1),(1237,'1','V225728','000174','2017-07-12',16,2),(1238,'1','MJEDVCH','019930','2017-07-12',6,1),(1239,'1','14WZ3807004M','024575','2017-07-12',13,3),(1240,'1','V1PR757','010100','2017-07-12',16,2),(1241,'1','MJGMCPM','024230','2017-07-12',9,1),(1242,'1','V1BCP59','010345','2017-07-12',16,2),(1243,'1','MJEDPYL','014558','2017-07-12',9,1),(1244,'1','081636604185','014802','2017-07-12',14,3),(1245,'1','V256022','008753','2017-07-12',16,2),(1246,'1','MJEDTWE','024065','2017-07-12',9,1),(1247,'1','081620301059','014935','2017-07-12',14,3),(1248,'1','VNABYMM','000952','2017-07-12',19,2),(1249,'1','MJEDVK8','019759','2017-07-12',9,1),(1250,'1','081636604219','014869','2017-07-12',14,3),(1251,'1','V1BMF93','010795','2017-07-12',16,2),(1252,'1','MJEDTRF','019754','2017-07-12',9,1),(1253,'1','14WZ3807006A','024571','2017-07-12',13,3),(1254,'1','V1BMB05','010358','2017-07-12',16,2),(1255,'1','MJ018XX7','015735','2017-07-12',12,1),(1256,'1','081636604209','014810','2017-07-12',14,3),(1257,'1','VNAB1N9N','001744','2017-07-12',19,2),(1258,'1','MJEDTRZ','014969','2017-07-12',9,1),(1259,'1','14WZ3807003Y','024570','2017-07-12',13,3),(1260,'1','VNA4D61','001397','2017-07-12',19,2),(1261,'1','MJPVK68','001605','2017-07-12',6,1),(1262,'1','14WZ3807003Z','024572','2017-07-12',13,3),(1263,'1','CNT96363D8','014954','2017-07-12',24,2),(1264,'1','MJ018YZF','015740','2017-07-12',12,1),(1265,'1','10WZ35351858','003689','2017-07-12',13,3),(1266,'1','VNABWP5','001680','2017-07-12',19,2),(1267,'1','MJEDVNC','024769','2017-07-12',9,1),(1268,'1','10WZ35553395','004239','2017-07-12',13,3),(1269,'1','V1ZT595','010035','2017-07-12',16,2),(1270,'1','MJYED45','019870','2017-07-12',4,1),(1271,'1','10WZ35551661','003997','2017-07-12',13,3),(1272,'1','V1ZT584','010351','2017-07-12',16,2),(1273,'1','MJYE885','024850','2017-07-12',4,1),(1274,'1','10WZ35552484','004311','2017-07-12',13,3),(1275,'1','V255699','000151','2017-07-12',16,2),(1276,'1','MJEDRDF','024225','2017-07-12',9,1),(1277,'1','10WZ22551975','003992','2017-07-12',13,3),(1278,'1','V1PR692','024527','2017-07-12',16,2),(1279,'1','MJEDVCW','024264','2017-07-12',9,1),(1280,'1','081636604179','011219','2017-07-12',14,3),(1281,'1','V1PC496','008701','2017-07-12',16,2),(1282,'1','MJEDPZL','017414','2017-07-12',9,1),(1283,'1','VNA4D84','001706','2017-07-12',19,2),(1284,'1','MJGMCMX','024210','2017-07-12',9,1),(1285,'1','10WZ35552433','003673','2017-07-12',13,3),(1286,'1','V1BMF91','010008','2017-07-12',16,2),(1287,'1','MJEDVNE','010775','2017-07-12',9,1),(1288,'1','10WZ35553388','004309','2017-07-12',13,3),(1289,'1','V12T562','010130','2017-07-12',16,2),(1290,'1','MJGMCRM','024502','2017-07-12',9,1),(1291,'1','10WZ35551685','003696','2017-07-12',13,3),(1292,'1','V9-0070X1','015757','2017-07-12',20,2),(1293,'1','MJEDPYY','024685','2017-07-12',9,1),(1294,'1','10WZ35553439','003687','2017-07-12',13,3),(1295,'1','V256558','000116','2017-07-12',16,2),(1296,'1','MJEDPYX','024624','2017-07-12',9,1),(1297,'1','10WZ35553492','003711','2017-07-12',13,3),(1298,'1','V1PW209','010091','2017-07-12',16,2),(1299,'1','MJEDTTD','001354','2017-07-12',9,1),(1300,'1','10WZ15651570','004233','2017-07-12',13,3),(1301,'1','V1PR697','010120','2017-07-12',16,2),(1302,'1','MJPW602','014704','2017-07-12',6,1),(1303,'1','10WZ35551775','004025','2017-07-12',13,3),(1304,'1','V1ZT603','010312','2017-07-12',16,2),(1305,'1','MJEDVMR','024838','2017-07-12',9,1),(1306,'1','10WZ35553394','004252','2017-07-12',13,3),(1307,'1','V255716','000166','2017-07-12',16,2),(1308,'1','MJPWH29','024503','2017-07-12',6,1),(1309,'1','10WZ35551614','004284','2017-07-12',13,3),(1310,'1','V1BCR01','010121','2017-07-12',16,2),(1311,'1','MJEDVDD','008900','2017-07-12',9,1),(1312,'1','10WZ15651266','004312','2017-07-12',13,3),(1313,'1','V1BCP37','010089','2017-07-12',16,2),(1314,'1','MJEDVVDY','024228','2017-07-12',9,1),(1315,'1','10WZ35552458','003688','2017-07-12',13,3),(1316,'1','V1ALK56','024229','2017-07-12',16,2),(1317,'1','MJ6MCRC','011198','2017-07-12',9,1),(1318,'1','10WZ22551304','004040','2017-07-12',13,3),(1319,'1','V335800','000224','2017-07-12',17,2),(1320,'1','MJGMPCZ','024265','2017-07-12',9,1),(1321,'1','08A722581124','003937','2017-07-12',14,3),(1322,'1','V1BLW00','011274','2017-07-12',16,2),(1323,'1','MJ018Y11','019742','2017-07-12',12,1),(1324,'1','V1PR615','017419','2017-07-12',16,2),(1325,'1','MJEDTWN','024926','2017-07-12',9,1),(1326,'1','V1PR613','010651','2017-07-12',16,2),(1327,'1','MJEDTPP','024927','2017-07-12',9,1),(1328,'1','V1BCP43','010106','2017-07-12',16,2),(1329,'1','MJERDRX','011192','2017-07-12',9,1),(1330,'1','V1ALK11','011110','2017-07-12',16,2),(1331,'1','MJEDVCE','024924','2017-07-12',9,1),(1332,'1','V255989','008690','2017-07-12',16,2),(1333,'1','MJPWH36','024208','2017-07-12',6,1),(1334,'1','VNA4D6Y','001710','2017-07-12',19,2),(1335,'1','MJEDZCB','017409','2017-07-12',9,1),(1336,'1','VNABZR6','001225','2017-07-12',19,2),(1337,'1','MJEDYZY','024149','2017-07-12',9,1),(1338,'1','15WZ522704UK','024322','2017-07-12',13,3),(1339,'1','VNALZVC','001139','2017-07-12',19,2),(1340,'1','MJEDVAR','014748','2017-07-12',9,1),(1341,'1','10WZ35553484','004253','2017-07-12',13,3),(1342,'1','VNABWND','011235','2017-07-12',19,2),(1343,'1','MJ018XXZ','017564','2017-07-12',12,1),(1344,'1','10WZ39655105','004302','2017-07-12',13,3),(1345,'1','V1ZT580','010039','2017-07-12',16,2),(1346,'1','MJEDVMZ','012798','2017-07-12',9,1),(1347,'1','10WZ35552486','004032','2017-07-12',13,3),(1348,'1','VNABY86','000808','2017-07-12',19,2),(1349,'1','MJ6MCN6','024155','2017-07-12',9,1),(1350,'1','15WZ522704WB','024318','2017-07-12',13,3),(1351,'1','V1PR695','010316','2017-07-12',16,2),(1352,'1','MJEDZCE','019728','2017-07-12',9,1),(1353,'1','V1PR039','010343','2017-07-12',16,2),(1354,'1','MJEDVEA','024869','2017-07-12',9,1),(1355,'1','V1PR621','010344','2017-07-12',16,2),(1356,'1','MJEDTZV','011122','2017-07-12',9,1),(1357,'1','VNABY64','001734','2017-07-12',19,2),(1358,'1','MJBFXAV','024507','2017-07-12',2,1),(1359,'1','10WZ35551767','004329','2017-07-12',13,3),(1360,'1','VNABY1B','001690','2017-07-12',19,2),(1361,'1','MJEDVNH','024508','2017-07-12',9,1),(1362,'1','10WZ33450606','003984','2017-07-12',13,3),(1363,'1','V1AW631','008749','2017-07-12',16,2),(1364,'1','MJEDVXY','017412','2017-07-12',9,1),(1365,'1','10WZ15651154','003996','2017-07-12',13,3),(1366,'1','VNABY7T','002086','2017-07-12',19,2),(1367,'1','MJEDTRP','024509','2017-07-12',9,1),(1368,'1','10WZ15651784','004292','2017-07-12',13,3),(1369,'1','VNABZTA','001240','2017-07-12',16,2),(1370,'1','MJEDVFE','024965','2017-07-12',9,1),(1371,'1','10WZ35551741','004322','2017-07-12',13,3),(1372,'1','V1PR716','010088','2017-07-12',16,2),(1373,'1','MJEDTVR','024622','2017-07-12',9,1),(1374,'1','15WZ52270447','024612','2017-07-12',13,3),(1375,'1','V1PR668','010101','2017-07-12',16,2),(1376,'1','MJEVTXV','024306','2017-07-12',9,1),(1377,'1','10WZ33652043','004240','2017-07-12',13,3),(1378,'1','V1BMF94','010789','2017-07-12',16,2),(1379,'1','MJEDDJD','024174','2017-07-12',9,1),(1380,'1','15WZ522704TK','024609','2017-07-12',13,3),(1381,'1','V1ALK51','014754','2017-07-12',16,2),(1382,'1','MJEDTZP','012785','2017-07-12',9,1),(1383,'1','15WZ522704RR','024321','2017-07-12',13,3),(1384,'1','V1PP817','010761','2017-07-12',16,2),(1385,'1','MJGMCPN','019778','2017-07-12',9,1),(1386,'1','V1BCP66','010095','2017-07-12',16,2),(1387,'1','MJEDTXA','010772','2017-07-12',9,1),(1388,'1','VNABZV9','000844','2017-07-12',19,2),(1389,'1','MJEDZBC','024305','2017-07-12',9,1),(1390,'1','15W7522704UC','024326','2017-07-12',13,3),(1391,'1','VNABZT7','000910','2017-07-12',19,2),(1392,'1','MJEDZBM','024138','2017-07-12',9,1),(1393,'1','15WZ522704W7','024317','2017-07-12',13,3),(1394,'1','V1PR612','024206','2017-07-12',16,2),(1395,'1','MJPWK72','024205','2017-07-12',6,1),(1396,'1','10WZ35052297','003746','2017-07-12',13,3),(1397,'1','V1ZT596','010325','2017-07-12',16,2),(1398,'1','MJEDTVW','024686','2017-07-12',9,1),(1399,'1','10WZ31651903','004328','2017-07-12',13,3),(1400,'1','V1ZT623','010242','2017-08-15',16,2),(1401,'1','MJVDCZ7','012632','2017-07-12',7,1),(1402,'1','10WZ35551562','003823','2017-07-12',13,3),(1403,'1','V1BMF99','029828','2017-08-14',16,2),(1404,'1','MJVDDL1','019771','2017-07-12',7,1),(1405,'1','10WZ33450558','004204','2017-07-12',13,3),(1406,'1','VNA4D6M','001352','2017-07-12',19,2),(1407,'1','MJPWH62','024994','2017-07-12',6,1),(1408,'1','10WZ35552019','003723','2017-07-12',13,3),(1409,'1','V1ZT635','010335','2017-07-12',16,2),(1410,'1','MJZHH60','024243','2017-07-12',6,1),(1411,'1','10WZ35553423','003385','2017-07-12',13,3),(1412,'1','V256594','000136','2017-08-15',16,2),(1413,'1','MJEDTYE','024989','2017-08-14',9,1),(1414,'1','081636604213','014689','2017-07-12',14,3),(1415,'1','V1PW218','010336','2017-07-12',16,2),(1416,'1','MJEDTYB','024224','2017-07-12',9,1),(1417,'1','081620302567','014876','2017-07-12',14,3),(1418,'1','V1PR709','010321','2017-07-12',16,2),(1419,'1','MJEDZBF','010799','2017-07-12',9,1),(1420,'1','10WZ35051630','004251','2017-07-12',13,3),(1421,'1','VNAC1VB','001700','2017-07-12',19,2),(1422,'1','MJEDPYW','024511','2017-07-12',9,1),(1423,'1','10WZ35552403','003423','2017-07-12',13,3),(1424,'1','V1ZT564','010342','2017-07-12',16,2),(1425,'1','MJGMCNZ','012781','2017-07-12',9,1),(1426,'1','10WZ22551956','004216','2017-07-12',13,3),(1427,'1','CNC038FQN6','002003','2017-07-12',23,2),(1428,'1','MJPWF92','024245','2017-07-12',6,1),(1429,'1','10WZ35552492','9004307','2017-07-12',13,3),(1430,'1','V1ZT627','010338','2017-07-12',16,2),(1431,'1','MJEDZCK','019770','2017-07-12',9,1),(1432,'1','10WZ33652084','003406','2017-07-12',13,3),(1433,'1','VNABY1K','001702','2017-07-12',18,2),(1434,'1','MJBFXLH','024246','2017-07-12',2,1),(1435,'1','10WZ35552440','004307','2017-07-12',13,3),(1436,'1','VNABWPY','001377','2017-07-12',18,2),(1437,'1','MJPWH58','014559','2017-07-12',6,1),(1438,'1','10W195550625','004220','2017-07-12',13,3),(1439,'1','V1PR675','010337','2017-07-12',16,2),(1440,'1','MJPWH13','017405','2017-07-12',6,1),(1441,'1','10WZ39655137','003849','2017-07-12',13,3),(1442,'1','V1PR705','010332','2017-07-12',16,2),(1443,'1','MJEDYYR','024247','2017-07-12',9,1),(1444,'1','10WZ35553409','004230','2017-07-12',13,3),(1445,'1','V1BCP24','010779','2017-07-12',16,2),(1446,'1','MJGMCMP','019809','2017-07-12',9,1),(1447,'1','10WZ39655000','004327','2017-07-12',13,3),(1448,'1','V1PW253','010749','2017-07-12',16,2),(1449,'1','MJPWK78','012727','2017-07-12',6,1),(1450,'1','10WZ35553378','003368','2017-07-12',13,3),(1451,'1','VNAC1RB','001363','2017-07-12',18,2),(1452,'1','MJEDTY2','019975','2017-08-16',9,1),(1453,'1','10WZ35553414','004217','2017-07-12',13,3),(1454,'1','V1PR721','010326','2017-07-12',16,2),(1455,'1','MJEDVEB','019784','2017-07-12',9,1),(1456,'1','10WZ35551842','004264','2017-07-12',13,3),(1457,'1','V1ZT609','010763','2017-07-12',16,2),(1458,'1','MJPWF87','024248','2017-07-12',6,1),(1459,'1','10WZ35551780','003402','2017-07-12',13,3),(1460,'1','V1ZT543','010327','2017-07-12',16,2),(1461,'1','MJEDTWP','019757','2017-07-12',9,1),(1462,'1','10WZ35553485','004275','2017-07-12',13,3),(1463,'1','V1PW222','010328','2017-07-12',16,2),(1464,'1','MJEDTVP','024512','2017-07-12',9,1),(1465,'1','10WZ35553438','004314','2017-07-12',13,3),(1466,'1','VNALZV5','001157','2017-07-12',19,2),(1467,'1','MJEDTRG','024513','2017-07-12',9,1),(1468,'1','V1ZT621','010330','2017-07-12',16,2),(1469,'1','MJEDTVN','010713','2017-07-12',9,1),(1470,'1','VNA4D8B','001361','2017-07-12',18,2),(1471,'1','MJEDTZG','010786','2017-07-12',9,1),(1472,'1','V1ZT618','010329','2017-08-16',16,2),(1473,'1','MJEDPYK','024514','2017-08-16',9,1),(1474,'1','10WZ35551799','003962','2017-07-12',13,3),(1475,'1','V1PP776','011242','2017-07-12',16,2),(1476,'1','MJEDZAE','010747','2017-07-12',9,1),(1477,'1','10WZ39655172','004290','2017-07-12',13,3),(1478,'1','CNC038NR57','002315','2017-07-12',23,2),(1479,'1','MXL040015B','017239','2017-07-12',10,1),(1480,'1','14wz38070063','024573','2017-07-12',13,3),(1481,'1','VNAP4XG','001109','2017-07-12',19,2),(1482,'1','MJEDRBL','014529','2017-07-12',9,1),(1483,'1','10WZ35553455','004289','2017-07-12',13,3),(1484,'1','VNABY5Z','001346','2017-07-12',19,2),(1485,'1','MJEDTTF','024157','2017-07-12',9,1),(1486,'1','08A722580420','004218','2017-07-12',13,3),(1487,'1','V1PW190','010334','2017-07-12',16,2),(1488,'1','MJEDTZD','024223','2017-07-12',9,1),(1489,'1','10WZ35551811','003920','2017-07-12',13,3),(1490,'1','V1PR689','010322','2017-07-12',16,2),(1491,'1','MJEDYZX','029824','2017-08-14',9,1),(1492,'1','08A722580462','004326','2017-07-12',13,3),(1493,'1','V1PR727','010323','2017-07-12',16,2),(1494,'1','MJEDPYR','019910','2017-07-12',9,1),(1495,'1','10WZ35552404','003875','2017-07-12',13,3),(1496,'1','V1PR645','010320','2017-07-12',16,2),(1497,'1','MJVDDC6','000195','2017-07-12',7,1),(1498,'1','10WZ33450424','003447','2017-07-12',13,3),(1499,'1','V1PP833','010319','2017-07-12',16,2),(1500,'1','MJEDTWX','024971','2017-07-12',9,1),(1501,'1','14WZ36270219','016839','2017-07-12',13,3),(1502,'1','V1ZT581','010318','2017-07-12',16,2),(1503,'1','MJWYBP5','019779','2017-07-12',7,1),(1504,'1','10WZ40050075','003816','2017-07-12',13,3),(1505,'1','V1ZT573','010315','2017-07-12',16,2),(1506,'1','MJWY8P6','024250','2017-07-12',7,1),(1507,'1','HSTND-2311','012633','2017-07-12',22,2),(1508,'1','MJEDZCW','024132','2017-07-12',9,1),(1509,'1','VNABACT','000961','2017-07-12',19,2),(1510,'1','MJEDTXF','024870','2017-07-12',9,1),(1511,'1','08A722580697','003949','2017-07-12',13,3),(1512,'1','V256530','024914','2017-07-12',16,2),(1513,'1','MJEDTYY','024913','2017-07-12',9,1),(1514,'1','10WZ35551529','003931','2017-07-12',13,3),(1515,'1','V256020','008739','2017-07-12',16,2),(1516,'1','MJEDVVX','019799','2017-07-12',9,1),(1517,'1','10WZ35551556','004278','2017-07-12',13,3),(1518,'1','V9-006ZYO','015704','2017-07-12',20,2),(1519,'1','MJEDVDW','010722','2017-07-12',9,1),(1520,'1','10WZ35551570','003852','2017-07-12',13,3),(1521,'1','VNABY71','001772','2017-07-12',19,2),(1522,'1','MXL0390XLY','024024','2017-07-12',10,1),(1523,'1','10WZ33450569','003812','2017-07-12',13,3),(1524,'1','V1PR726','010341','2017-07-12',16,2),(1525,'1','MJEDTXC','019775','2017-07-12',9,1),(1526,'1','V1BM632','008762','2017-07-12',16,2),(1527,'1','MJEDVKL','019732','2017-07-12',9,1),(1528,'1','V255724','000082','2017-07-12',16,2),(1529,'1','MJEDTRB','008826','2017-07-12',9,1),(1530,'1','V1PP793','019800','2017-07-12',16,2),(1531,'1','MJEDRCN','008814','2017-07-12',9,1),(1532,'1','V1BMG15','012761','2017-07-12',16,2),(1533,'1','MJEDPZZ','008896','2017-07-12',9,1),(1534,'1','V1PR711','010726','2017-07-12',16,2),(1535,'1','MJEDTZL','019781','2017-07-12',9,1),(1536,'1','V1PR723','010303','2017-07-12',16,2),(1537,'1','MJEDTXL','019767','2017-07-12',9,1),(1538,'1','10WZ33450568','004316','2017-07-12',13,3),(1539,'1','V1BMG03','008761','2017-07-12',16,2),(1540,'1','MJEDPXE','024516','2017-07-12',9,1),(1541,'1','10WZ35553487','003923','2017-07-12',13,3),(1542,'1','V1PR663','010379','2017-07-12',16,2),(1543,'1','MJEDVPC','017408','2017-07-12',9,1),(1544,'1','10WZ35552438','003807','2017-07-12',13,3),(1545,'1','V1ALK37','017523','2017-07-12',16,2),(1546,'1','MJEDRAR','019785','2017-07-12',9,1),(1547,'1','10WZ35553298','004320','2017-07-12',13,3),(1548,'1','VNA4D82','001660','2017-07-12',19,2),(1549,'1','MJPWK73','024253','2017-07-12',9,1),(1550,'1','10WZ35553434','003988','2017-07-12',13,3),(1551,'1','VNALZTR','001017','2017-07-12',19,2),(1552,'1','MJEDVLR','024517','2017-07-12',9,1),(1553,'1','10WZ35553491','003987','2017-07-12',13,3),(1554,'1','V1ALK06','010654','2017-07-12',16,2),(1555,'1','MJEDY2A','017407','2017-07-12',9,1),(1556,'1','10WZ33450401','003836','2017-07-12',13,3),(1557,'1','V256019','008721','2017-07-12',16,2),(1558,'1','MJEDPZW','024930','2017-07-12',9,1),(1559,'1','10WZ40050060','004255','2017-07-12',13,3),(1560,'1','V1AWG28','008733','2017-07-12',16,2),(1561,'1','MJEDVCO','024518','2017-07-12',9,1),(1562,'1','09WZ49552304','004228','2017-07-12',13,3),(1563,'1','VNABY76','002526','2017-07-12',19,2),(1564,'1','MJBXCR','024131','2017-07-12',2,1),(1565,'1','10WZ35551659','003770','2017-07-12',13,3),(1566,'1','V256001','024532','2017-07-12',16,2),(1567,'1','MJEDTPN','019931','2017-07-12',9,1),(1568,'1','10WZ33450461','003731','2017-07-12',13,3),(1569,'1','VNA4D6W','002088','2017-07-12',19,2),(1570,'1','MJEDTXR','024920','2017-07-12',9,1),(1571,'1','VNB3982','002032','2017-07-12',19,2),(1572,'1','MJVKTC1','014555','2017-07-12',5,1),(1573,'1','VNB4DZL','002034','2017-07-12',19,2),(1574,'1','MJGMCPF','024334','2017-07-12',9,1),(1575,'1','VNB3985','002036','2017-07-12',19,2),(1576,'1','MJHEDL8','014546','2017-07-12',3,1),(1577,'1','VNB3AFY','002038','2017-07-12',19,2),(1578,'1','MJ018Y29','015744','2017-07-12',12,1),(1579,'1','VNB3983','002040','2017-07-12',19,2),(1580,'1','MJVKTK8','024519','2017-07-12',5,1),(1581,'1','VNB4FOH','011102','2017-07-12',19,2),(1582,'1','MJGMCMR','024175','2017-07-12',9,1),(1583,'1','VNB3980','002044','2017-07-12',19,2),(1584,'1','MJVKTK3','019946','2017-07-12',5,1),(1585,'1','VNABY77','002143','2017-07-12',19,2),(1586,'1','MJPWH17','024520','2017-07-12',6,1),(1587,'1','V1AWF87','008757','2017-07-12',16,2),(1588,'1','MJEDVNR','014547','2017-07-12',9,1),(1589,'1','V1PR718','008791','2017-07-12',16,2),(1590,'1','MJEDRCD','019981','2017-07-12',9,1),(1591,'1','CNC038NPJW','002012','2017-07-12',23,2),(1592,'1','MJERDPH','024919','2017-07-12',9,1),(1593,'1','V1ZT591','024524','2017-07-12',16,2),(1594,'1','MXL0390XNB','029813','2017-08-14',10,1),(1595,'1','V1PP949','008699','2017-07-12',19,2),(1596,'1','MJEDZAN','019935','2017-07-12',9,1),(1597,'1','VNAN9B','002048','2017-07-12',19,2),(1598,'1','MJEDRCW','014531','2017-07-12',9,1),(1599,'1','VNABZR2','001276','2017-07-12',19,2),(1600,'1','MJ018Y0W','029826','2017-08-14',12,1),(1601,'1','V1ZT613','010307','2017-07-12',16,2),(1602,'1','MJHEDZA','014545','2017-07-12',3,1),(1603,'1','VNB1N75','024105','2017-07-12',19,2),(1604,'1','MJFNPY9','014544','2017-07-12',3,1),(1605,'1','V1BMGOO','010154','2017-07-12',16,2),(1606,'1','MJZHH67','024554','2017-07-12',6,1),(1607,'1','VNB1N9L','024521','2017-07-12',19,2),(1608,'1','MJFNPW2','024969','2017-07-12',3,1),(1609,'1','VNB1N90','002060','2017-07-12',19,2),(1610,'1','MJHEDM3','019965','2017-07-12',3,1),(1611,'1','V1PR720','024325','2017-07-12',16,2),(1612,'1','MJEDVLG','014767','2017-08-14',9,1),(1613,'1','VNB1N82','002082','2017-07-12',19,2),(1614,'1','MJFNPXZ3','019964','2017-07-12',3,1),(1615,'1','MJYE033','002392','2017-07-12',19,1),(1616,'1','V1PR579','011106','2017-07-12',16,2),(1617,'1','MJHEDC0','014542','2017-07-12',3,1),(1618,'1','VNB1N72','002078','2017-07-12',19,2),(1619,'1','MJHEDE5','019954','2017-07-12',3,1),(1620,'1','VNB1N9K','024300','2017-07-12',19,2),(1621,'1','MJFNRA9','019956','2017-07-12',3,1),(1622,'1','VNB1N8X','014537','2017-08-14',19,2),(1623,'1','MJFNRD4','024884','2017-07-12',3,1),(1624,'1','VNB1N9H','002072','2017-07-12',19,2),(1625,'1','MJHEDMO','014536','2017-07-12',3,1),(1626,'1','VNB1N9D','002070','2017-07-12',19,2),(1627,'1','MJFNPW4','024910','2017-07-12',3,1),(1628,'1','VNB1N9C','002068','2017-07-12',19,2),(1629,'1','MJYE061','024311','2017-07-12',4,1),(1630,'1','VNB1N70','002066','2017-07-12',19,2),(1631,'1','MJFNPY7','024885','2017-07-12',3,1),(1632,'1','VNB1N8Y','014532','2017-08-14',19,2),(1633,'1','MJEDZAF','024912','2017-08-14',9,1),(1634,'1','VNABWPZ','002098','2017-07-12',19,2),(1635,'1','MJPWH98','019960','2017-07-12',6,1),(1636,'1','V1ALK46','010676','2017-07-12',16,2),(1637,'1','MJEDYZE','024968','2017-07-12',9,1),(1638,'1','V1AWG62','011569','2017-07-12',16,2),(1639,'1','MJERDPF','024886','2017-07-12',9,1),(1640,'1','V1ZT628','008765','2017-07-12',16,2),(1641,'1','MJERDND','024906','2017-07-12',9,1),(1642,'1','VNB1N74','002084','2017-08-14',19,2),(1643,'1','MJEDRDN','024887','2017-07-12',9,1),(1644,'1','V1PC420','008692','2017-07-12',16,2),(1645,'1','MJEDVNW','024888','2017-07-12',9,1),(1646,'1','V1ALK12','011108','2017-07-12',16,2),(1647,'1','MJPWK77','029812','2017-08-14',6,1),(1648,'1','V1BCP34','024289','2017-07-12',16,2),(1649,'1','MJFNPW3','024907','2017-07-12',3,1),(1650,'1','V256005','024288','2017-07-12',16,2),(1651,'1','MJEDVRL','024901','2017-07-12',9,1),(1652,'1','V1AW650','024287','2017-07-12',16,2),(1653,'1','MJEDVHT','012751','2017-07-12',9,1),(1654,'1','VNB3AG0','002030','2017-07-12',19,2),(1655,'1','MJEDTXK','012787','2017-07-12',9,1),(1656,'1','VNAC1NB','002090','2017-07-12',19,2),(1657,'1','MJEDVCY','012793','2017-07-12',9,1),(1658,'1','VNABY79','002092','2017-07-12',19,2),(1659,'1','MJPWH85','024523','2017-07-12',6,1),(1660,'1','VNABY6P','002096','2017-07-12',19,2),(1661,'1','MJEDYZF','014766','2017-07-12',9,1),(1662,'1','VNA4D5Y','002094','2017-07-12',19,2),(1663,'1','MJYED38','024903','2017-07-12',4,1),(1664,'1','V1AWG49','008700','2017-08-16',16,2),(1665,'1','MJEDVNV','024883','2017-07-12',9,1),(1666,'1','V1AWG04','008764','2017-07-12',16,2),(1667,'1','MJEDRDX','024616','2017-07-12',9,1),(1668,'1','V1ZT586','010356','2017-07-12',16,2),(1669,'1','MJEDTZA','024918','2017-07-12',9,1),(1670,'1','V256021','008719','2017-07-12',16,2),(1671,'1','MJVKTL4','019947','2017-07-12',5,1),(1672,'1','V1ZT328','014548','2017-07-12',16,2),(1673,'1','MJEDTVC','024102','2017-07-12',9,1),(1674,'1','V255982','008747','2017-07-12',16,2),(1675,'1','MJEDTWH','019950','2017-07-12',9,1),(1676,'1','10WZ35553406','004018','2017-07-12',13,3),(1677,'1','V1AWG38','008750','2017-07-12',16,2),(1678,'1','MJEDTYD','019951','2017-07-12',9,1),(1679,'1','V1PP825','019944','2017-07-12',16,2),(1680,'1','MJGMCNV','024107','2017-07-12',9,1),(1681,'1','V9-006ZXB','015717','2017-07-12',20,2),(1682,'1','MJEDVNK','014774','2017-07-12',9,1),(1683,'1','10WZ39655132','004249','2017-07-12',13,3),(1684,'1','V1AWG17','008763','2017-07-12',16,2),(1685,'1','MJEDPW','024972','2017-07-12',9,1),(1686,'1','V1AW635','008722','2017-07-12',16,2),(1687,'1','MJYE093','024922','2017-07-12',7,1),(1688,'1','V1BCP89','008732','2017-07-12',16,2),(1689,'1','MJVDCX8','024655','2017-07-12',9,1),(1690,'1','V1PR610','010435','2017-07-12',16,2),(1691,'1','MJPWG08','019927','2017-07-12',6,1),(1692,'1','V1BLX05','010793','2017-07-12',16,2),(1693,'1','MXL039XNB','024664','2017-07-12',12,1),(1694,'1','V1BCP28','010049','2017-07-12',16,2),(1695,'1','MJHEDMG','024077','2017-07-12',3,1),(1696,'1','VNABZTC','010500','2017-07-12',19,2),(1697,'1','MJPWK71','011246','2017-07-12',6,1),(1698,'1','VNB1N9G','002062','2017-07-12',19,2),(1699,'1','MJFNPX4','014543','2017-07-12',3,1),(1700,'1','V1AW620','008694','2017-07-12',16,2),(1701,'1','MJEDRAT','011196','2017-07-12',9,1),(1702,'1','V1ZT631','010094','2017-07-12',16,2),(1703,'1','MJEDVGM','024557','2017-07-12',9,1),(1704,'1','V1ALK50','019989','2017-07-12',16,2),(1705,'1','MJEDRDV','024992','2017-07-12',9,1),(1706,'1','V1AWF78','008740','2017-07-12',16,2),(1707,'1','MJPZC25','000840','2017-07-12',5,1),(1708,'1','V1AW629','008714','2017-07-12',16,2),(1709,'1','MJEDVMG','017436','2017-07-12',9,1),(1710,'1','V1ALF43','011109','2017-07-12',16,2),(1711,'1','MJPWK76','024993','2017-07-12',6,1),(1712,'1','V1PR699','008760','2017-07-12',16,2),(1713,'1','MJVKTM5','014552','2017-07-12',5,1),(1714,'1','V1PC466','008693','2017-07-12',16,2),(1715,'1','MJYE036','024146','2017-07-12',4,1),(1716,'1','V1PC338','008752','2017-07-12',16,2),(1717,'1','MJEDVAW','024925','2017-07-12',9,1),(1718,'1','V1ZT579','010357','2017-07-12',19,2),(1719,'1','MJYE039','001703','2017-07-12',4,1),(1720,'1','V1ALK57','011113','2017-07-12',16,2),(1721,'1','MJ018XXN','024792','2017-07-12',12,1),(1722,'1','15WZ522704VT','024610','2017-07-12',13,3),(1723,'1','VNABY3T','001696','2017-07-12',19,2),(1724,'1','MJEDTTY','010773','2017-07-12',9,1),(1725,'1','V1PC475','024526','2017-07-12',19,2),(1726,'1','MJEDVCM','024525','2017-07-12',9,1),(1727,'1','CNT93568B2','024194','2017-07-12',24,2),(1728,'1','MJGMCND','017203','2017-07-12',9,1),(1729,'1','VNAAD7W','001708','2017-07-12',19,2),(1730,'1','MJEDZD6','024235','2017-07-12',9,1),(1731,'1','V1BMF70','010084','2017-07-12',16,2),(1732,'1','MJ02XN4E','026057','2017-07-12',1,1),(1733,'1','V1PR578','024204','2017-07-12',16,2),(1734,'1','MJEDVDF','024203','2017-07-12',9,1),(1735,'1','V1PR616','011135','2017-07-12',16,2),(1736,'1','MJPWH26','014784','2017-07-12',9,1),(1737,'1','V1AWF95','008716','2017-07-12',16,2),(1738,'1','MJ018XUX','024931','2017-07-12',5,1),(1739,'1','VNA4D5T','001676','2017-07-12',19,2),(1740,'1','MJ018XX0','024096','2017-07-12',5,1),(1741,'1','V1PR752','010159','2017-07-12',16,2),(1742,'1','MJEDPXR','014526','2017-07-12',9,1),(1743,'1','V1BCP67','010160','2017-07-12',16,2),(1744,'1','MJEDVDT','014525','2017-07-12',9,1),(1745,'1','CN-OR229K-74261-8C9-3FTL','001904','2017-08-16',28,2),(1746,'1','MJYE688','019875','2017-07-12',4,1),(1747,'1','V1PW192','010157','2017-07-12',16,2),(1748,'1','MJEDVAN','019876','2017-07-12',9,1),(1749,'1','V1PP804','010158','2017-07-12',16,2),(1750,'1','MJEDVDM','019854','2017-07-12',9,1),(1751,'1','V1PW210','010161','2017-07-12',16,2),(1752,'1','MJERDPW','019880','2017-07-12',9,1),(1753,'1','V1PW212','010162','2017-07-12',16,2),(1754,'1','MJGMCNA','024890','2017-07-12',9,1),(1755,'1','CNC038NQJD','002314','2017-07-12',23,2),(1756,'1','MXL04001BF','011300','2017-07-12',10,1),(1757,'1','V1PW251','010175','2017-07-12',16,2),(1758,'1','MJEDVKA','014523','2017-07-12',9,1),(1759,'1','V1BMG20','010174','2017-07-12',16,2),(1760,'1','MJEDVDX','014522','2017-07-12',9,1),(1761,'1','V1PP824','010177','2017-07-12',16,2),(1762,'1','MJGMCPD','012774','2017-07-12',9,1),(1763,'1','V1BMG35','010176','2017-07-12',16,2),(1764,'1','MJEDVGL','014521','2017-07-12',9,1),(1765,'1','VNABY5X','002311','2017-07-12',19,2),(1766,'1','MJGMCPP','024153','2017-07-12',9,1),(1767,'1','V1BCP78','010449','2017-07-12',16,2),(1768,'1','MJERDRA','008907','2017-07-12',9,1),(1769,'1','V255708','000194','2017-07-12',16,2),(1770,'1','MJEDTTZ','024111','2017-07-12',9,1),(1771,'1','VNABWNK','002212','2017-07-12',19,2),(1772,'1','MJEDZAG','024112','2017-07-12',9,1),(1773,'1','V255706','000200','2017-07-12',16,2),(1774,'1','MJEDVNB','012783','2017-07-12',9,1),(1775,'1','V255551','000086','2017-07-12',16,2),(1776,'1','MJERDRH','024113','2017-07-12',9,1),(1777,'1','CNC038NNR5','002318','2017-07-12',23,2),(1778,'1','MXL040190Z','014518','2017-07-12',10,1),(1779,'1','CNC038NP15','002319','2017-07-12',23,2),(1780,'1','MXL040190T','019847','2017-07-12',10,1),(1781,'1','CNC038NNYC','002320','2017-07-12',23,2),(1782,'1','MXL0390XQB','019851','2017-07-12',10,1),(1783,'1','CNC038NPJJ','002321','2017-07-12',23,2),(1784,'1','MXL04018Z7','014515','2017-07-12',10,1),(1785,'1','CNC038NP5R','002322','2017-07-12',23,2),(1786,'1','MXL04018WR','019852','2017-07-12',10,1),(1787,'1','CNC038NQC6','002323','2017-07-12',23,2),(1788,'1','MXL04018XH','019866','2017-07-12',10,1),(1789,'1','CNC038NQBK','002324','2017-07-12',23,2),(1790,'1','MXL0390XNQ','024114','2017-07-12',10,1),(1791,'1','CNC038NQY2','002325','2017-07-12',23,2),(1792,'1','MJEDVBP','011257','2017-08-22',9,1),(1793,'1','CNC038NQ2L','002326','2017-07-12',23,2),(1794,'1','MXL040014K','019868','2017-07-12',10,1),(1795,'1','CNC038NQJ5','002327','2017-07-12',23,2),(1796,'1','MXL04001B6','019853','2017-07-12',10,1),(1797,'1','CNC038NQCH','002328','2017-07-12',23,2),(1798,'1','MXL04018WB','019867','2017-07-12',10,1),(1799,'1','CNC038NQDD','002188','2017-07-12',23,2),(1800,'1','MXL04018ZG','019879','2017-07-12',10,1),(1801,'1','CNC038NP5H','002195','2017-07-12',23,2),(1802,'1','MXL0390XPQ','019878','2017-07-12',10,1),(1803,'1','CNC038NQBD','002197','2017-07-12',23,2),(1804,'1','MXL040018R','019877','2017-07-12',10,1),(1805,'1','CNC038NQJP','002194','2017-07-12',23,2),(1806,'1','MXL040016P','024868','2017-08-22',10,1),(1807,'1','CNC038NP3G','002190','2017-07-12',23,2),(1808,'1','MJGMCMM','014732','2017-07-12',9,1),(1809,'1','V1BCP38','008696','2017-07-12',16,2),(1810,'1','MJPWG06','014713','2017-08-22',6,1),(1811,'1','CNC038NQ94','002193','2017-07-12',23,2),(1812,'1','MXL04001CB','014514','2017-07-12',10,1),(1813,'1','CNC038NQJH','002189','2017-07-12',23,2),(1814,'1','MXL0390XPN','024115','2017-08-22',10,1),(1815,'1','VNA4D8G','001846','2017-07-12',19,2),(1816,'1','MJEDTYX','014724','2017-08-22',9,1),(1817,'1','VNA4D86','002351','2017-07-12',19,2),(1818,'1','MJ018XXC','020614','2017-08-22',12,1),(1819,'1','V335830','000325','2017-07-12',17,2),(1820,'1','MXL04018WT','024116','2017-07-12',10,1),(1821,'1','V1ZT630','010151','2017-07-12',16,2),(1822,'1','MJEDPZC','014511','2017-07-12',9,1),(1823,'1','VNABY6B','001750','2017-07-12',19,2),(1824,'1','MX104018ZC','019846','2017-07-12',10,1),(1825,'1','V1PR707','010093','2017-08-22',16,2),(1826,'1','MJPWH11','019844','2017-07-12',6,1),(1827,'1','V255697','000080','2017-07-12',16,2),(1828,'1','MJPWH25','019884','2017-07-12',6,1),(1829,'1','CNC038NNTH','002192','2017-07-12',23,2),(1830,'1','MJEDZCZ','019841','2017-07-12',9,1),(1831,'1','CNC038NR55','002316','2017-07-12',23,2),(1832,'1','MXL0390XN6','011341','2017-07-12',10,1),(1833,'1','CNC038NP3B','002317','2017-07-12',23,2),(1834,'1','MJEDTRA','019815','2017-07-12',9,1),(1835,'1','V256670','008748','2017-07-12',16,2),(1836,'1','MJEDVLL','014508','2017-07-12',9,1),(1837,'1','VNABWP7','002215','2017-07-12',19,2),(1838,'1','MJYE062','019817','2017-07-12',4,1),(1839,'1','V9-006ZY3','019864','2017-07-12',20,2),(1840,'1','MJ018Y2P','019816','2017-07-12',12,1),(1841,'1','V9-006ZYX','019812','2017-07-12',20,2),(1842,'1','MJ018Y2N','019848','2017-08-22',12,1),(1843,'1','V9-006YFN','019891','2017-07-12',20,2),(1844,'1','MJ018XXJ','019823','2017-07-12',12,1),(1845,'1','V9-006YF3','020641','2017-07-12',20,2),(1846,'1','MXL04018WS','024335','2017-07-12',10,1),(1847,'1','V9-006ZXV','019818','2017-07-12',20,2),(1848,'1','MJPWG09','019827','2017-07-12',6,1),(1849,'1','V9-006YFV','019832','2017-07-12',20,2),(1850,'1','MJPWH27','002398','2017-07-12',6,1),(1851,'1','V9-006YF5','019869','2017-08-22',20,2),(1852,'1','MJ018Y0T','019861','2017-08-22',12,1),(1853,'1','V9-006YFH','019829','2017-07-12',20,2),(1854,'1','MJEDVFF','010201','2017-07-12',9,1),(1855,'1','V9-006YFT','019849','2017-07-12',20,2),(1856,'1','MJYE047','016482','2017-08-19',4,1),(1857,'1','V9-006YFG','019801','2017-08-22',20,2),(1858,'1','MJEDTPH','024683','2017-07-12',9,1),(1859,'1','V9-006ZYF','019813','2017-07-12',20,2),(1860,'1','MJERDRB','024762','2017-07-12',9,1),(1861,'1','VNALZRN','001305','2017-08-22',19,2),(1862,'1','MJ018XXF','019862','2017-07-12',12,1),(1863,'1','VNABWPR','002399','2017-07-12',19,2),(1864,'1','MJ018Y1F','019863','2017-07-12',12,1),(1865,'1','V1BMC02','010010','2017-07-12',16,2),(1866,'1','MJEDVPA','011197','2017-07-12',9,1),(1867,'1','V1ZT558','008767','2017-07-12',16,2),(1868,'1','MJEDVMW','011319','2017-07-12',9,1),(1869,'1','V1AWM12','008712','2017-07-12',16,2),(1870,'1','MJGMCNF','017417','2017-07-12',9,1),(1871,'1','VNA4D6H','002210','2017-07-12',19,2),(1872,'1','MJEDRBT','019883','2017-07-12',9,1),(1873,'1','VNA4D6T','002282','2017-07-12',19,2),(1874,'1','MJWCM65','024117','2017-08-22',34,1),(1875,'1','V1PR617','024343','2017-07-12',16,2),(1876,'1','MJERDRN','014626','2017-07-12',9,1),(1877,'1','V1PP828','010075','2017-08-14',16,2),(1878,'1','MJEDRCB','014507','2017-08-22',9,1),(1879,'1','VNABWNY','002105','2017-08-14',19,2),(1880,'1','MJEDRCK','029816','2017-08-14',9,1),(1881,'1','VNABY7M','002227','2017-07-12',19,2),(1882,'1','MJERDRF','011340','2017-07-12',9,1),(1883,'1','VNA4D5W','002271','2017-07-12',19,2),(1884,'1','MJEDRBD','011559','2017-07-12',9,1),(1885,'1','VNA4D68','002225','2017-07-12',19,2),(1886,'1','MJEDVGB','019838','2017-07-12',9,1),(1887,'1','VNA4D8A','002275','2017-07-12',19,2),(1888,'1','MJERDRG','024964','2017-07-12',9,1),(1889,'1','VNA4D66','002273','2017-07-12',19,2),(1890,'1','MJGMCPC','024057','2017-07-12',9,1),(1891,'1','V256452','000206','2017-07-12',16,2),(1892,'1','MJEDYZN','012758','2017-07-12',9,1),(1893,'1','VNABWPC','002291','2017-07-12',19,2),(1894,'1','MJEDVHV','024154','2017-07-12',9,1),(1895,'1','V256671','008709','2017-07-12',16,2),(1896,'1','MJEDVGZ','011556','2017-07-12',9,1),(1897,'1','VNA4D71','002237','2017-07-12',19,2),(1898,'1','MJEDRBY','014627','2017-07-12',9,1),(1899,'1','V1PC471','008772','2017-07-12',16,2),(1900,'1','MJEDRBG','014501','2017-07-12',9,1),(1901,'1','VNABWPF','002289','2017-07-12',19,2),(1902,'1','MJEDRAM','014502','2017-07-12',9,1),(1903,'1','V1BMG33','010134','2017-07-12',16,2),(1904,'1','MJEDRCF','011337','2017-07-12',9,1),(1905,'1','VNABZHP','002287','2017-07-12',19,2),(1906,'1','MJYE976','014503','2017-07-12',4,1),(1907,'1','VNAC1W8','002297','2017-07-12',19,2),(1908,'1','MJYE060','011557','2017-07-12',4,1),(1909,'1','VNA4D8F','002280','2017-07-12',19,2),(1910,'1','MJEDVBC','014504','2017-07-12',9,1),(1911,'1','VNA4D80','002277','2017-07-12',19,2),(1912,'1','MJEDVCV','011558','2017-07-12',9,1),(1913,'1','VNABWNB','002501','2017-07-12',19,2),(1914,'1','MJEDRCE','019839','2017-07-12',9,1),(1915,'1','VNABY75','002514','2017-07-12',19,2),(1916,'1','MJEDYYW','011310','2017-07-12',9,1),(1917,'1','V257153','000198','2017-07-12',16,2),(1918,'1','MJGMCPY','024118','2017-07-12',9,1),(1919,'1','V1ZT542','008146','2017-07-12',16,2),(1920,'1','MJYE053','011336','2017-08-22',4,1),(1921,'1','V1BCR10','010718','2017-07-12',16,2),(1922,'1','MJEY050','019814','2017-07-12',4,1),(1923,'1','V256009','008703','2017-07-12',16,2),(1924,'1','MJEDVNY','014710','2017-07-12',9,1),(1925,'1','V1AWF93','008782','2017-07-12',16,2),(1926,'1','MJEDZAT','014709','2017-07-12',9,1),(1927,'1','V256517','008697','2017-07-12',16,2),(1928,'1','MJEDPXA','014708','2017-07-12',9,1),(1929,'1','V1PC467','008144','2017-07-12',16,2),(1930,'1','MJEDRCV','014707','2017-07-12',9,1),(1931,'1','V256018','008710','2017-07-12',16,2),(1932,'1','MJEDRDC','014705','2017-07-12',9,1),(1933,'1','VNABY17','002368','2017-07-12',19,2),(1934,'1','MJEDRCY','014706','2017-07-12',9,1),(1935,'1','V255743','000208','2017-07-12',16,2),(1936,'1','MJPVF07','011555','2017-07-12',6,1),(1937,'1','VNAC1V9','002529','2017-07-12',19,2),(1938,'1','MJEDVMV','014702','2017-07-12',9,1),(1939,'1','VNABWP2','002293','2017-07-12',19,2),(1940,'1','MJERDNV','011312','2017-07-12',9,1),(1941,'1','VNABWP0','002299','2017-07-12',19,2),(1942,'1','MJPWG10','019840','2017-07-12',6,1),(1943,'1','V1AWG63','008140','2017-07-12',16,2),(1944,'1','MJYMR04','014605','2017-08-22',4,1),(1945,'1','VNABWNF','002391','2017-07-12',19,2),(1946,'1','MJEDRDE','024999','2017-07-12',9,1),(1947,'1','VNAC1VK','002366','2017-07-12',19,2),(1948,'1','MJEDTWZ','024038','2017-07-12',9,1),(1949,'1','VNA4D7P','002355','2017-07-12',19,2),(1950,'1','MJPWK60','020664','2017-07-12',6,1),(1951,'1','V1PP821','029831','2017-08-22',16,2),(1952,'1','MJPWF34','024121','2017-07-12',6,1),(1953,'1','VNA4D65','002247','2017-07-12',19,2),(1954,'1','MJPVZ22','011317','2017-07-12',6,1),(1955,'1','V1ZT389','008774','2017-07-12',16,2),(1956,'1','MJPWF95','014714','2017-07-12',6,1),(1957,'1','V1AWG66','024120','2017-07-12',16,2),(1958,'1','MJYE075','024991','2017-08-22',4,1),(1959,'1','V1PR750','010639','2017-07-12',16,2),(1960,'1','MJPWH84','011304','2017-07-12',6,1),(1961,'1','V1BMG11','008754','2017-07-12',16,2),(1962,'1','MJGMCMH','012709','2017-07-12',9,1),(1963,'1','V335827','000329','2017-07-12',16,2),(1964,'1','MJEDVEE','019810','2017-08-22',9,1),(1965,'1','V255717','000122','2017-07-12',16,2),(1966,'1','MJEDVFL','024119','2017-07-12',9,1),(1967,'1','VNAC21Z','002503','2017-07-12',19,2),(1968,'1','MJEDPZM','011326','2017-07-12',9,1),(1969,'1','V1A4D6G','002261','2017-07-12',19,2),(1970,'1','MJ018XXG','019860','2017-07-12',12,1),(1971,'1','V1ZT636','010350','2017-07-12',16,2),(1972,'1','MJVDDA2','024340','2017-07-12',7,1),(1973,'1','V1AWD83','008141','2017-07-12',16,2),(1974,'1','MJPWK74','024122','2017-07-12',6,1),(1975,'1','V1ZT572','008766','2017-07-12',16,2),(1976,'1','MJEDPZA','019865','2017-07-12',9,1),(1977,'1','V1PV940','010238','2017-07-12',16,2),(1978,'1','MJYE046','014715','2017-07-12',4,1),(1979,'1','V1PC472','008711','2017-07-12',16,2),(1980,'1','MJGMCNK','014733','2017-07-12',9,1),(1981,'1','VNABY7K','002113','2017-07-12',19,2),(1982,'1','MJPZC22','024212','2017-07-12',6,1),(1983,'1','VNALZT1','001424','2017-07-12',19,2),(1984,'1','MJPWH22','024140','2017-07-12',6,1),(1985,'1','V1PR724','010076','2017-07-12',16,2),(1986,'1','MJGMCNC','017418','2017-08-22',9,1),(1987,'1','V1AWG65','008148','2017-07-12',16,2),(1988,'1','MJPWH97','011323','2017-07-12',6,1),(1989,'1','V1BMF92','008759','2017-07-12',16,2),(1990,'1','MJBFXBC','019783','2017-07-12',6,1),(1991,'1','VNA4D5Z','002349','2017-07-12',19,2),(1992,'1','MJPWA55','024849','2017-08-22',6,1),(1993,'1','V256669','017515','2017-07-12',16,2),(1994,'1','MJPWH91','017505','2017-07-12',6,1),(1995,'1','V1PR662','017477','2017-07-12',16,2),(1996,'1','MJEDRAF','024061','2017-07-12',9,1),(1997,'1','V1ALK65','011114','2017-07-12',16,2),(1998,'1','MJPWK09','024763','2017-07-12',6,1),(1999,'1','VNA4D5V','002267','2017-07-12',19,2),(2000,'1','MJPWF88','024643','2017-07-12',6,1),(2001,'1','VNA4D6C','002241','2017-07-12',19,2),(2002,'1','MJYE974','011315','2017-07-12',4,1),(2003,'1','VNA4D6B','002249','2017-07-12',19,2),(2004,'1','MJYE979','024126','2017-07-12',4,1),(2005,'1','VNA4D6F','002251','2017-07-12',19,2),(2006,'1','MJYE035','024125','2017-07-12',4,1),(2007,'1','VNA4CDX','002253','2017-07-12',19,2),(2008,'1','MJYE894','011324','2017-07-12',4,1),(2009,'1','VNA4D6D','002255','2017-07-12',19,2),(2010,'1','MJYE052','011339','2017-07-12',4,1),(2011,'1','VN4D5X','002258','2017-08-22',19,2),(2012,'1','MJYE056','019888','2017-07-12',4,1),(2013,'1','V1BMF73','010065','2017-07-12',16,2),(2014,'1','MJGMCRD','012740','2017-07-12',9,1),(2015,'1','VNA4D8C','002406','2017-07-12',19,2),(2016,'1','MJYE057','014716','2017-07-12',4,1),(2017,'1','VNA4D60','002520','2017-07-12',19,2),(2018,'1','MJEDTRC','019889','2017-07-12',9,1),(2019,'1','V1PP890','010125','2017-07-12',16,2),(2020,'1','MJEDVCX','011256','2017-07-12',9,1),(2021,'1','VNA4D6X','002217','2017-07-12',19,2),(2022,'1','MJ018XYQ','020618','2017-07-12',12,1),(2023,'1','V1PC347','008770','2017-07-12',16,2),(2024,'1','MJ018XXK','019857','2017-08-22',12,1),(2025,'1','VNA4D6P','002221','2017-07-12',19,2),(2026,'1','MJDEZBZ','014722','2017-07-12',9,1),(2027,'1','VNA4D6V','002269','2017-08-22',19,2),(2028,'1','MJZHK39','014790','2017-07-12',6,1),(2029,'1','VNA4D83','002243','2017-08-22',19,2),(2030,'1','MJEDZCC','024129','2017-07-12',9,1),(2031,'1','V1BMG30','010153','2017-08-22',16,2),(2032,'1','MJEDPYB','019806','2017-07-12',9,1),(2033,'1','VNABY6V','002229','2017-07-12',19,2),(2034,'1','MJEDPXF','019826','2017-07-12',9,1),(2035,'1','VNA4D8D','002231','2017-07-12',19,2),(2036,'1','MJYE059','019819','2017-07-12',4,1),(2037,'1','VNA4D89','002233','2017-08-16',19,2),(2038,'1','MJYE044','019890','2017-07-12',4,1),(2039,'1','VNA4D62','002235','2017-07-12',19,2),(2040,'1','MJPVE87','001441','2017-07-12',6,1),(2041,'1','V1ZT567','010128','2017-07-12',16,2),(2042,'1','MJWYBP2','014718','2017-07-12',7,1),(2043,'1','CNT93363ZK','024128','2017-07-12',24,2),(2044,'1','MJYE054','014717','2017-07-12',4,1),(2045,'1','MJEDR6H','024548','2017-07-12',9,1),(2046,'1','V1BMG24','010045','2017-08-22',16,2),(2047,'1','V1ALK08','014999','2017-08-15',16,2),(2048,'1','MJEDTXH','024177','2017-07-12',9,1),(2049,'1','VNB11XL','024198','2017-08-22',19,2),(2050,'1','MJYE078','024533','2017-07-12',4,1),(2051,'1','VNAC28X','001454','2017-07-12',19,2),(2052,'1','MJZHK28','024597','2017-08-15',6,1),(2053,'1','VNABYMR','001303','2017-07-12',19,2),(2054,'1','MJEDTTV','014768','2017-07-12',9,1),(2055,'1','V256531','008698','2017-08-19',16,2),(2056,'1','MJEDVLB','024860','2017-07-12',9,1),(2057,'1','CNC038NQJZ','002020','2017-08-22',23,2),(2058,'1','MJPWG68','024591','2017-07-12',6,1),(2059,'1','VNABYNX','000922','2017-07-12',19,2),(2060,'1','MXL04018TT','029807','2017-08-14',10,1),(2061,'1','VNA4D6R','002223','2017-08-22',19,2),(2062,'1','MXL04018YZ','024041','2017-07-12',10,1),(2063,'1','V1ZT606','010118','2017-07-12',16,2),(2064,'1','MJGMCNX','019914','2017-07-12',9,1),(2065,'1','VNABY19','000904','2017-07-12',19,2),(2066,'1','MJVDDBG','024130','2017-07-12',7,1),(2067,'1','V1PW211','010454','2017-07-12',16,2),(2068,'1','MJEDZ8W','017425','2017-07-12',9,1),(2069,'1','V9-006YG5','024837','2017-08-22',20,2),(2070,'1','MJ018X5A','014997','2017-07-12',12,1),(2071,'1','V1BMG18','010131','2017-07-12',16,2),(2072,'1','MJPWK69','002511','2017-07-12',6,1),(2073,'1','V1AZT563','010207','2017-07-12',16,2),(2074,'1','MJ018Y2S','019824','2017-07-12',12,1),(2075,'1','V1ZT577','010156','2017-07-12',16,2),(2076,'1','MJPWG26','002211','2017-08-22',6,1),(2077,'1','VNAC1VP','002516','2017-07-12',19,2),(2078,'1','MJEDPYC','024039','2017-08-22',9,1),(2079,'1','V1PP834','010184','2017-07-12',16,2),(2080,'1','MJPWH63','029814','2017-08-14',6,1),(2081,'1','VNABY6H','002524','2017-07-12',19,2),(2082,'1','MJEDTVB','019820','2017-07-12',9,1),(2083,'1','V1BMG23','010183','2017-07-12',16,2),(2084,'1','MJEDYNO','024159','2017-07-12',9,1),(2085,'1','V1BCP63','010152','2017-07-12',16,2),(2086,'1','MJEDVEC','011499','2017-07-12',9,1),(2087,'1','VNABWN7','002522','2017-07-12',19,2),(2088,'1','MJEDPXD','024257','2017-07-12',9,1),(2089,'1','VNAC1R9','002518','2017-07-12',19,2),(2090,'1','MJEDTZE','010205','2017-07-12',9,1),(2091,'1','V1PR691','010150','2017-07-12',16,2),(2092,'1','MJYE034','002515','2017-07-12',4,1),(2093,'1','VNABY7B','002313','2017-07-12',19,2),(2094,'1','MJEDZAL','024258','2017-08-22',9,1),(2095,'1','V1ALK34','010674','2017-07-12',16,2),(2096,'1','MJEDZAH','011305','2017-07-12',9,1),(2097,'1','V1ZT598','010206','2017-07-12',16,2),(2098,'1','MJPWF01','014711','2017-07-12',6,1),(2099,'1','VNABY61','002401','2017-07-12',19,2),(2100,'1','MJPWF86','002521','2017-07-12',6,1),(2101,'1','V9-006YFD','019843','2017-07-12',20,2),(2102,'1','MJEDPXB','024259','2017-07-12',9,1),(2103,'1','V1ZT610','010149','2017-07-12',16,2),(2104,'1','MJEDTYP','010198','2017-07-12',9,1),(2105,'1','V1BM649','010182','2017-07-12',16,2),(2106,'1','MJPWA78','014712','2017-07-12',6,1),(2107,'1','V1AWG25','008718','2017-07-12',16,2),(2108,'1','MJZDTZK','024260','2017-07-12',9,1),(2109,'1','V1BMD52','010180','2017-07-12',16,2),(2110,'1','MJEDRCG','008906','2017-07-12',9,1),(2111,'1','VNABWPK','002397','2017-07-12',19,2),(2112,'1','MJPWH12','019856','2017-07-12',6,1),(2113,'1','VNA4D85','002388','2017-07-12',19,2),(2114,'1','MJ018XX5','019834','2017-07-12',12,1),(2115,'1','CNC038NQDO','002207','2017-07-12',23,2),(2116,'1','MJEDTPG','024160','2017-07-12',9,1),(2117,'1','VNABY6D','002395','2017-07-12',19,2),(2118,'1','MJBFXCZ','014505','2017-08-22',2,1),(2119,'1','VNA4D63','002239','2017-07-12',19,2),(2120,'1','MJEDTPE','024263','2017-07-12',9,1),(2121,'1','V9-006YFC','015712','2017-07-12',20,2),(2122,'1','MJEDZCY','024262','2017-07-12',9,1),(2123,'1','V1BMG12','010148','2017-07-12',16,2),(2124,'1','MJ018Y13','015710','2017-07-12',12,1),(2125,'1','V1BMG02','010155','2017-07-12',16,2),(2126,'1','MJYEDTYT','010191','2017-07-12',9,1),(2127,'1','V1ZT571','010178','2017-07-12',16,2),(2128,'1','MJEDVHG','024123','2017-07-12',9,1),(2129,'1','V9-006YG3','019833','2017-07-12',20,2),(2130,'1','MJ018Y1P','014981','2017-07-12',12,1),(2131,'1','VNA4D5R','002284','2017-07-12',19,2),(2132,'1','MJEDYTL','010193','2017-07-12',9,1),(2133,'1','VNAC136','002404','2017-07-12',19,2),(2134,'1','MJYE058','024566','2017-07-12',4,1),(2135,'1','V9-006YFX','019828','2017-08-16',20,2),(2136,'1','MJ018XS7','024967','2017-07-12',12,1),(2137,'1','VNABWNP','002338','2017-07-12',19,2),(2138,'1','MJEDTYW','014599','2017-07-12',9,1),(2139,'1','VNA4COB','002263','2017-07-12',19,2),(2140,'1','MJ018XS9','014985','2017-07-12',12,1),(2141,'1','V1AWG21','019803','2017-08-16',16,2),(2142,'1','MJYE975','002213','2017-08-16',4,1),(2143,'1','VNAC25B','001219','2017-07-12',19,2),(2144,'1','MJZKX61','001127','2017-07-12',6,1),(2145,'1','V1BMF98','010210','2017-07-12',16,2),(2146,'1','MJPVZ66','001776','2017-07-12',6,1),(2147,'1','V1ZT615','010219','2017-07-12',16,2),(2148,'1','MJPWH80','018406','2017-07-12',6,1),(2149,'1','VNABWMB','012710','2017-07-12',19,2),(2150,'1','MJPWA86','024545','2017-07-12',6,1),(2151,'1','VNALZNY','001041','2017-07-12',19,2),(2152,'1','MJEDVKN','020949','2017-07-12',9,1),(2153,'1','VNAC011','001436','2017-07-12',19,2),(2154,'1','MJEDVNL','024852','2017-07-12',9,1),(2155,'1','VNAC25Y','000877','2017-07-12',19,2),(2156,'1','MJEDTVV','024851','2017-07-12',9,1),(2157,'1','VNAC25P','001439','2017-07-12',19,2),(2158,'1','MJEDVHP','019912','2017-07-12',9,1),(2159,'1','99-VNABZRD','9001460','2017-07-12',19,2),(2160,'1','MJPWH45','020630','2017-07-12',6,1),(2161,'1','V1ZT565','010003','2017-07-12',16,2),(2162,'1','MJPWA14','024345','2017-07-12',6,1),(2163,'1','V1ZT665','011125','2017-07-12',16,2),(2164,'1','MJZKW21','020687','2017-07-12',6,1),(2165,'1','VNABYM5','001201','2017-07-12',19,2),(2166,'1','MJZKH33','020621','2017-07-12',6,1),(2167,'1','VNABY5Y','001791','2017-07-12',19,2),(2168,'1','MJPWA57','024656','2017-07-12',6,1),(2169,'1','VNABYLX','001457','2017-07-12',19,2),(2170,'1','MJPWG41','020610','2017-07-12',6,1),(2171,'1','VNABYMB','001055','2017-07-12',19,2),(2172,'1','MJPWF43','024215','2017-07-12',6,1),(2173,'1','VNALZT8','001409','2017-07-12',19,2),(2174,'1','MJPWH92','011335','2017-07-12',6,1),(2175,'1','VNABZTB','001448','2017-07-12',19,2),(2176,'1','MJGMCPW','014737','2017-07-12',9,1),(2177,'1','V1PP837','010246','2017-07-12',16,2),(2178,'1','MJPZC42','020623','2017-07-12',6,1),(2179,'1','V1ALH94','012750','2017-07-12',16,2),(2180,'1','MJZHH65','018433','2017-07-12',6,1),(2181,'1','VNAC26B','001081','2017-07-12',19,2),(2182,'1','MJPWF17','000948','2017-07-12',6,1),(2183,'1','V1BCP73','011128','2017-07-12',16,2),(2184,'1','MJPWF36','014606','2017-07-12',6,1),(2185,'1','V1BMF75','010369','2017-07-12',16,2),(2186,'1','MJPWF16','000815','2017-07-12',6,1),(2187,'1','V1BMF69','010244','2017-07-12',16,2),(2188,'1','MJZHK21','001150','2017-07-12',6,1),(2189,'1','V256557','000161','2017-07-12',16,2),(2190,'1','MJZKG49','020609','2017-07-12',6,1),(2191,'1','V1PR575','010660','2017-07-12',16,2),(2192,'1','MJZKH29','020662','2017-07-12',6,1),(2193,'1','V1BMF74','010376','2017-07-12',16,2),(2194,'1','MJPWA00','020643','2017-07-12',6,1),(2195,'1','V1PR660','010306','2017-07-12',16,2),(2196,'1','MJZHK31','020622','2017-07-12',6,1),(2197,'1','V1BCP62','010377','2017-07-12',16,2),(2198,'1','MJZHK17','020619','2017-07-12',6,1),(2199,'1','VNALZRP','000791','2017-07-12',19,2),(2200,'1','MJZHH59','020603','2017-07-12',6,1),(2201,'1','V1PR628','010375','2017-07-12',16,2),(2202,'1','MJZHK25','020665','2017-07-12',6,1),(2203,'1','V1ZT638','010374','2017-07-12',16,2),(2204,'1','MJZHK35','9024016','2017-07-12',6,1),(2205,'1','V1BCP97','010243','2017-07-12',16,2),(2206,'1','MJPVF05','000906','2017-07-12',6,1),(2207,'1','V1ALK60','011142','2017-07-12',16,2),(2208,'1','MJPVZ80','024015','2017-07-12',6,1),(2209,'1','V1BMG45','010214','2017-07-12',16,2),(2210,'1','MJZKF02','020681','2017-07-12',6,1),(2211,'1','V1PP680','010213','2017-07-12',16,2),(2212,'1','MJZKE99','020638','2017-07-12',6,1),(2213,'1','V1BMF96','010727','2017-07-12',16,2),(2214,'1','MJZHK42','020602','2017-07-12',6,1),(2215,'1','V1BCP92','010212','2017-07-12',16,2),(2216,'1','MJZHK23','020649','2017-07-12',6,1),(2217,'1','VNABZVH','001023','2017-07-12',19,2),(2218,'1','MJPWG54','014610','2017-07-12',6,1),(2219,'1','V1PP835','010209','2017-07-12',16,2),(2220,'1','MJZHH66','020693','2017-07-12',6,1),(2221,'1','V1ALK43','012721','2017-07-12',19,2),(2222,'1','MJPVZ13','001083','2017-07-12',6,1),(2223,'1','VNABYN1','000958','2017-07-12',19,2),(2224,'1','MJEDTYN','024034','2017-07-12',9,1),(2225,'1','VNAC00R','001210','2017-07-12',19,2),(2226,'1','MJGMCMV','017467','2017-07-12',9,1),(2227,'1','V1ALK01','011139','2017-07-12',16,2),(2228,'1','MJPWF02','001066','2017-07-12',6,1),(2229,'1','VNALZRM','001008','2017-07-12',19,2),(2230,'1','MJPWF15','014795','2017-08-16',6,1),(2231,'1','V1BCP98','010304','2017-07-12',16,2),(2232,'1','MJPVD69','014776','2017-07-12',6,1),(2233,'1','VNALZV8','001026','2017-07-12',19,2),(2234,'1','MJPVZ51','020632','2017-07-12',6,1),(2235,'1','VNALZPZ','001035','2017-07-12',19,2),(2236,'1','MJZHK27','024012','2017-07-12',6,1),(2237,'1','VNABWNW','001869','2017-07-12',19,2),(2238,'1','MJZKX72','024011','2017-07-12',6,1),(2239,'1','VNALZT7','001029','2017-07-12',19,2),(2240,'1','MJPWH47','024010','2017-07-12',6,1),(2241,'1','VNAC27N','001053','2017-07-12',19,2),(2242,'1','MJPVE85','020660','2017-07-12',6,1),(2243,'1','VNALZRH','001038','2017-07-12',19,2),(2244,'1','MJZHK34','024214','2017-07-12',6,1),(2245,'1','VNALZRX','001044','2017-07-12',19,2),(2246,'1','MJPWE99','020616','2017-07-12',6,1),(2247,'1','VNALZTL','001047','2017-07-12',19,2),(2248,'1','MJZKX83','001046','2017-07-12',6,1),(2249,'1','VNAHP7B','001050','2017-07-12',19,2),(2250,'1','MJZHK37','024313','2017-07-12',6,1),(2251,'1','VNALZRG','001163','2017-07-12',19,2),(2252,'1','MJPVD56','000831','2017-07-12',6,1),(2253,'1','VNALZV6','001166','2017-07-12',19,2),(2254,'1','MJZKX69','020608','2017-07-12',6,1),(2255,'1','VNALZRT','001169','2017-07-12',19,2),(2256,'1','MJPV204','014601','2017-07-12',6,1),(2257,'1','VNALZV9','001172','2017-07-12',19,2),(2258,'1','MJPZC15','020631','2017-07-12',6,1),(2259,'1','VNALZRV','001175','2017-07-12',19,2),(2260,'1','MJPZKX70','020669','2017-07-12',6,1),(2261,'1','V1BCP93','010305','2017-07-12',16,2),(2262,'1','MJZHK18','001043','2017-07-12',6,1),(2263,'1','VNALZRF','001181','2017-07-12',19,2),(2264,'1','MJPWF03','001447','2017-07-12',6,1),(2265,'1','VNALZML','001184','2017-07-12',19,2),(2266,'1','MJPWF89','024640','2017-07-12',6,1),(2267,'1','VNALZVG','001187','2017-07-12',19,2),(2268,'1','MJPWG75','020694','2017-07-12',6,1),(2269,'1','CNC038NR1Y','001993','2017-07-12',23,2),(2270,'1','MJZHK13','024847','2017-07-12',6,1),(2271,'1','VNALZRD','001421','2017-07-12',19,2),(2272,'1','MJPWH46','9014794','2017-07-12',6,1),(2273,'1','VNABYLV','001213','2017-07-12',19,2),(2274,'1','MJEDRBE','014701','2017-07-12',9,1),(2275,'1','V1PR696','010043','2017-07-12',16,2),(2276,'1','MJGMCPK','019902','2017-07-12',9,1),(2277,'1','VNAC265','000998','2017-07-12',19,2),(2278,'1','MJEDTTE','018438','2017-07-12',9,1),(2279,'1','V256507','008695','2017-07-12',16,2),(2280,'1','MJPWF44','017524','2017-07-12',6,1),(2281,'1','V1PR650','011140','2017-07-12',16,2),(2282,'1','MJEDVAF','024333','2017-07-12',9,1),(2283,'1','VNALZRR','001418','2017-07-12',19,2),(2284,'1','MJPWH09','017532','2017-07-12',6,1),(2285,'1','VNALZT9','001415','2017-07-12',19,2),(2286,'1','MJZKW44','014775','2017-07-12',6,1),(2287,'1','VNALZV4','001412','2017-07-12',19,2),(2288,'1','MJZKW79','001153','2017-07-12',6,1),(2289,'1','VNABYNV','001237','2017-07-12',19,2),(2290,'1','MJZHK40','010667','2017-07-12',6,1),(2291,'1','VNALZTM','001406','2017-07-12',19,2),(2292,'1','MJZKH31','014789','2017-07-12',6,1),(2293,'1','VNALZT6','001403','2017-07-12',19,2),(2294,'1','MJEDPXL','024007','2017-07-12',9,1),(2295,'1','VNABZT2','001100','2017-07-12',19,2),(2296,'1','MJERDRC','024176','2017-07-12',6,1),(2297,'1','VNAC259','001070','2017-07-12',19,2),(2298,'1','MJZHK24','020679','2017-07-12',6,1),(2299,'1','VNABYNG','001094','2017-07-12',19,2),(2300,'1','MJPWK11','019822','2017-07-12',6,1),(2301,'1','V1PR671','014616','2017-07-12',16,2),(2302,'1','MJZKH39','020696','2017-07-12',6,1),(2303,'1','VNABYMH','001087','2017-07-12',19,2),(2304,'1','MJPWA02','017526','2017-07-12',6,1),(2305,'1','V1ZT578','010311','2017-07-12',16,2),(2306,'1','MJPWH78','001086','2017-07-12',6,1),(2307,'1','VNABYMN','001084','2017-07-12',19,2),(2308,'1','MJPWK29','017502','2017-07-12',6,1),(2309,'1','VNAC28Z','001079','2017-07-12',19,2),(2310,'1','MJPVY93','020628','2017-07-12',6,1),(2311,'1','VNABYLL','001076','2017-07-12',19,2),(2312,'1','MJPVE21','020678','2017-07-12',6,1),(2313,'1','VNABYMX','001073','2017-07-12',19,2),(2314,'1','MJPWG57','020653','2017-07-12',6,1),(2315,'1','VNABYLB','001097','2017-07-12',19,2),(2316,'1','MJZKH62','020658','2017-07-12',6,1),(2317,'1','VNABY7W','001067','2017-07-12',19,2),(2318,'1','MJZKW81','020652','2017-07-12',6,1),(2319,'1','VNALZTA','001014','2017-08-16',19,2),(2320,'1','MJPWA05','024109','2017-07-12',6,1),(2321,'1','VNABYLW','001061','2017-07-12',19,2),(2322,'1','MJZHK29','020620','2017-07-12',6,1),(2323,'1','V1ZT549','010215','2017-07-12',16,2),(2324,'1','MJPWH89','017559','2017-07-12',6,1),(2325,'1','VNABYM9','001340','2017-07-12',19,2),(2326,'1','MJPVZ20','017520','2017-07-12',6,1),(2327,'1','V1PR679','010283','2017-07-12',16,2),(2328,'1','MJGMCNT','014761','2017-07-12',9,1),(2329,'1','VNABZR7','000871','2017-07-12',19,2),(2330,'1','MJGMCPR','014753','2017-07-12',9,1),(2331,'1','VNABZRW','001311','2017-07-12',19,2),(2332,'1','MJPVF09','020648','2017-07-12',6,1),(2333,'1','VNALZTO','001137','2017-07-12',19,2),(2334,'1','MJZHK15','014777','2017-07-12',6,1),(2335,'1','VNABWP4','9001773','2017-07-12',19,2),(2336,'1','MJPWK59','024344','2017-07-12',6,1),(2337,'1','VNAC257','001445','2017-07-12',19,2),(2338,'1','MJZHK26','020684','2017-07-12',6,1),(2339,'1','VNABZR4','001463','2017-07-12',19,2),(2340,'1','MJZKF03','024217','2017-07-12',6,1),(2341,'1','VNABYML','001466','2017-07-12',19,2),(2342,'1','MJPWG28','018411','2017-07-12',6,1),(2343,'1','VNABYN3','001469','2017-07-12',19,2),(2344,'1','MJPWK63','001054','2017-07-12',6,1),(2345,'1','VNAC28N','001472','2017-07-12',19,2),(2346,'1','MJPWF22','020699','2017-07-12',6,1),(2347,'1','VNABZR8','001475','2017-07-12',19,2),(2348,'1','MJPWH44','024218','2017-07-12',6,1),(2349,'1','VNAC28W','001478','2017-07-12',19,2),(2350,'1','MJKCK92','018500','2017-07-12',6,1),(2351,'1','VNAC214','001481','2017-07-12',19,2),(2352,'1','MJPWF40','001480','2017-07-12',6,1),(2353,'1','VNABZT8','001484','2017-07-12',19,2),(2354,'1','MJPWH48','024856','2017-07-12',6,1),(2355,'1','VNALZLK','001128','2017-07-12',19,2),(2356,'1','MJVDCZ9','018434','2017-08-16',7,1),(2357,'1','VNABYLD','001337','2017-07-12',19,2),(2358,'1','MJPWF33','024854','2017-07-12',6,1),(2359,'1','VNABZRB','001335','2017-07-12',19,2),(2360,'1','MJPWG39','024219','2017-07-12',6,1),(2361,'1','VNABYN5','001331','2017-07-12',19,2),(2362,'1','MJPVE23','001069','2017-07-12',6,1),(2363,'1','VNAC25C','001328','2017-07-12',19,2),(2364,'1','MJPVZ11','020689','2017-07-12',6,1),(2365,'1','VNABZPK','001325','2017-07-12',19,2),(2366,'1','MJZHH58','014783','2017-07-12',6,1),(2367,'1','VNAC25H','001322','2017-07-12',19,2),(2368,'1','MJPVE58','001078','2017-07-12',6,1),(2369,'1','VNABZR3','001319','2017-07-12',19,2),(2370,'1','MJPVY99','024220','2017-07-12',6,1),(2371,'1','VNABYM7','001317','2017-07-12',19,2),(2372,'1','MJPVY97','001474','2017-07-12',6,1),(2373,'1','V1PR713','010087','2017-07-12',16,2),(2374,'1','MJPWF13','020690','2017-07-12',6,1),(2375,'1','VNABYNB','001427','2017-07-12',19,2),(2376,'1','MJZHH62','020685','2017-07-12',6,1),(2377,'1','V1ALK03','010490','2017-07-12',16,2),(2378,'1','MJEDTWM','024594','2017-07-12',9,1),(2379,'1','VNALZRY','001125','2017-07-12',19,2),(2380,'1','MJGMCPT','014568','2017-07-12',9,1),(2381,'1','VNALZTN','001005','2017-07-12',19,2),(2382,'1','MJPWA69','018432','2017-07-12',6,1),(2383,'1','V1PR684','010037','2017-07-12',16,2),(2384,'1','MJPWE91','029888','2017-08-14',6,1),(2385,'1','VNALZV3','001196','2017-07-12',19,2),(2386,'1','MJEDVND','024179','2017-07-12',9,1),(2387,'1','VNAC281','001282','2017-07-12',19,2),(2388,'1','MJZHH63','020613','2017-07-12',6,1),(2389,'1','VNALK53','011630','2017-07-12',16,2),(2390,'1','MJPVZ12','020633','2017-07-12',6,1),(2391,'1','VNABYM0','001308','2017-08-16',19,2),(2392,'1','MJZKW25','014786','2017-08-18',6,1),(2393,'1','VNAC250','001273','2017-07-12',19,2),(2394,'1','MJPWH51','020676','2017-07-12',6,1),(2395,'1','VNABZW5','001270','2017-07-12',19,2),(2396,'1','MJDZB92','020654','2017-07-12',6,1),(2397,'1','VNACOF1','001267','2017-07-12',19,2),(2398,'1','MJPVZ54','001215','2017-07-12',6,1),(2399,'1','V1ALK02','010488','2017-07-12',16,2),(2400,'1','MJPWF11','014785','2017-07-12',6,1),(2401,'1','VNAC25T','001294','2017-07-12',19,2),(2402,'1','MJZKH66','020671','2017-07-12',6,1),(2403,'1','VNALZT4','001134','2017-07-12',19,2),(2404,'1','MJPWA68','014798','2017-07-12',6,1),(2405,'1','VNABYLY','001255','2017-07-12',19,2),(2406,'1','MJPWK70','012713','2017-07-12',6,1),(2407,'1','VNABYMZ','001252','2017-07-12',19,2),(2408,'1','MJPWG56','024221','2017-07-12',6,1),(2409,'1','VNABYMF','001249','2017-07-12',19,2),(2410,'1','MJPZD4D','020637','2017-07-12',6,1),(2411,'1','VNABYM2','001011','2017-08-16',19,2),(2412,'1','MJPVE18','014782','2017-07-12',6,1),(2413,'1','V1ADB83','002080','2017-07-12',16,2),(2414,'1','MJBFWYX','024145','2017-07-12',2,1),(2415,'1','V1ZT601','010023','2017-07-12',16,2),(2416,'1','MJZKF17','001031','2017-07-12',6,1),(2417,'1','VNALZTD','9011190','2017-07-12',19,2),(2418,'1','MJZHK30','020672','2017-07-12',6,1),(2419,'1','VNABZRX','001234','2017-07-12',19,2),(2420,'1','MJPWF38','001063','2017-07-12',6,1),(2421,'1','V1PW200','010218','2017-07-12',16,2),(2422,'1','MJZKW48','014779','2017-07-12',6,1),(2423,'1','VNABZRA','001288','2017-07-12',19,2),(2424,'1','MJPWE87','014781','2017-07-12',6,1),(2425,'1','V1ZT545','010310','2017-07-12',16,2),(2426,'1','MJPWA40','014788','2017-07-12',6,1),(2427,'1','VNALZV1','001285','2017-07-12',19,2),(2428,'1','MJZKW78','029886','2017-08-14',6,1),(2429,'1','VNABYLR','001314','2017-07-12',19,2),(2430,'1','MJPWG84','001186','2017-07-12',6,1),(2431,'1','VNALZNX','001178','2017-07-12',19,2),(2432,'1','MJEDUNK','010780','2017-07-12',9,1),(2433,'1','VNABWPN','002138','2017-07-12',19,2),(2434,'1','MJPWF04','024013','2017-07-12',6,1),(2435,'1','MJEDTXV','019905','2017-07-12',9,1),(2436,'1','VNAC267','001058','2017-07-12',19,2),(2437,'1','V1BMG14','010260','2017-07-12',16,2),(2438,'1','MJPWAB1','002312','2017-07-12',6,1),(2439,'1','VNABZTR','001204','2017-07-12',19,2),(2440,'1','MJPVZ79','029885','2017-08-14',6,1),(2441,'1','VNAC24Z','000974','2017-07-12',19,2),(2442,'1','MJKCH99','024222','2017-07-12',6,1),(2443,'1','VNABYLZ','000979','2017-07-12',19,2),(2444,'1','MJPVZ55','014787','2017-07-12',6,1),(2445,'1','VNABYLG','000995','2017-07-12',19,2),(2446,'1','MJPWK61','024044','2017-07-12',6,1),(2447,'1','VNAC25A','000992','2017-07-12',19,2),(2448,'1','MJPWF12','001080','2017-07-12',6,1),(2449,'1','VNAC218','000989','2017-07-12',19,2),(2450,'1','MJPWA61','024030','2017-07-12',6,1),(2451,'1','VNAC216','000986','2017-07-12',19,2),(2452,'1','MJPWK43','024104','2017-07-12',6,1),(2453,'1','VNABYNT','000943','2017-07-12',19,2),(2454,'1','MJPWA73','029889','2017-08-14',6,1),(2455,'1','VNAC21A','001207','2017-07-12',19,2),(2456,'1','MJPWA77','011232','2017-07-12',6,1),(2457,'1','VNABZRM','001002','2017-07-12',19,2),(2458,'1','MJ2KW50','024005','2017-07-12',6,1),(2459,'1','VNABZRF','000973','2017-07-12',19,2),(2460,'1','MJYPVF08','014791','2017-07-12',6,1),(2461,'1','VNAC28K','000970','2017-07-12',19,2),(2462,'1','MJZKW36','020607','2017-07-12',6,1),(2463,'1','CNC038NR58','001995','2017-07-12',23,2),(2464,'1','MJPWG55','014780','2017-07-12',6,1),(2465,'1','VNABYM3','000964','2017-07-12',19,2),(2466,'1','MJPWE97','014792','2017-07-12',6,1),(2467,'1','V1PR735','010378','2017-07-12',16,2),(2468,'1','MJPWF14','001096','2017-07-12',6,1),(2469,'1','V1PR608','010682','2017-07-12',16,2),(2470,'1','MJZHK36','020686','2017-07-12',6,1),(2471,'1','V1BCP53','010267','2017-07-12',16,2),(2472,'1','MJPWK67','020670','2017-07-12',6,1),(2473,'1','V90070XT','015753','2017-07-12',20,2),(2474,'1','MJEDVEH','024169','2017-07-12',9,1),(2475,'1','VNABYM1','000967','2017-07-12',19,2),(2476,'1','MJEDVBK','011195','2017-07-12',9,1),(2477,'1','V1PR624','010240','2017-07-12',16,2),(2478,'1','MJPVF01','014796','2017-07-12',6,1),(2479,'1','VNALYYD','001145','2017-07-12',19,2),(2480,'1','MJPWH18','024261','2017-07-12',6,1),(2481,'1','VNABZWM','000874','2017-07-12',19,2),(2482,'1','MJPVE13','029898','2017-08-14',6,1),(2483,'1','V1BMG27','010269','2017-07-12',16,2),(2484,'1','MJPWF39','020666','2017-07-12',6,1),(2485,'1','V1BFM80','010287','2017-07-12',16,2),(2486,'1','MJPWH33','000918','2017-07-12',6,1),(2487,'1','V1PR661','010491','2017-07-12',16,2),(2488,'1','MJPWA04','024855','2017-07-12',6,1),(2489,'1','V1PR702','010263','2017-07-12',16,2),(2490,'1','MJPWH79','014793','2017-07-12',6,1),(2491,'1','V1PR717','010262','2017-07-12',16,2),(2492,'1','MJPVZ61','024032','2017-07-12',6,1),(2493,'1','V1HKD90','014799','2017-07-12',16,2),(2494,'1','MJPWA90','014721','2017-07-12',6,1),(2495,'1','V1BMG22','010264','2017-07-12',16,2),(2496,'1','MJZKE97','020647','2017-07-12',6,1),(2497,'1','V1PR670','010288','2017-07-12',16,2),(2498,'1','MJPWE98','020617','2017-07-12',6,1),(2499,'1','VNABZT5','001279','2017-07-12',19,2),(2500,'1','MJPWG58','024846','2017-07-12',6,1),(2501,'1','V1ZT597','010266','2017-07-12',16,2),(2502,'1','MJPWF41','020673','2017-07-12',6,1),(2503,'1','V1ZT617','010265','2017-07-12',16,2),(2504,'1','MJEDTXM','032678','2017-07-12',9,1),(2505,'1','V1ZT590','010248','2017-07-12',16,2),(2506,'1','MJPVZ02','018400','2017-07-12',6,1),(2507,'1','V1PR683','010247','2017-07-12',16,2),(2508,'1','MJPWH28','024033','2017-07-12',6,1),(2509,'1','VNA4087','002136','2017-07-12',16,2),(2510,'1','MJPZC23','014778','2017-07-12',6,1),(2511,'1','VNALZR0','001193','2017-07-12',19,2),(2512,'1','MJPVZ86','001477','2017-07-12',6,1),(2513,'1','V1BMF97','010720','2017-07-12',19,2),(2514,'1','MJZKW71','024110','2017-07-12',6,1),(2515,'1','VNAR7R9','000850','2017-07-12',19,2),(2516,'1','MJPWF37','001236','2017-07-12',6,1),(2517,'1','V1BMG01','010018','2017-07-12',16,2),(2518,'1','MJPWF10','029884','2017-08-14',6,1),(2519,'1','V1PR710','010006','2017-07-12',16,2),(2520,'1','MJEDVMY','010274','2017-07-12',9,1),(2521,'1','V1PR681','010220','2017-07-12',16,2),(2522,'1','MJZHK19','014602','2017-07-12',6,1),(2523,'1','V1ALK55','010497','2017-07-12',16,2),(2524,'1','MJPWH53','014797','2017-07-12',6,1),(2525,'1','V9-006YFA','024017','2017-07-12',20,2),(2526,'1','MJPVZ76','019845','2017-07-12',6,1),(2527,'1','VNABY7Y','000841','2017-07-12',19,2),(2528,'1','MJEDTWG','010733','2017-07-12',9,1),(2529,'1','V9-006YFK','024016','2017-07-12',20,2),(2530,'1','MJZHK20','017503','2017-07-12',6,1),(2531,'1','V256597','000088','2017-07-12',16,2),(2532,'1','MJEDTZY','024158','2017-07-12',9,1),(2533,'1','VNABZTN','000862','2017-07-12',19,2),(2534,'1','MJZKG40','000849','2017-07-12',6,1),(2535,'1','V256024','008691','2017-07-12',16,2),(2536,'1','MJPWK12','029892','2017-08-14',6,1),(2537,'1','VNABZM9','000946','2017-07-12',19,2),(2538,'1','MJYE074','014703','2017-07-12',4,1),(2539,'1','VNAC26D','000940','2017-07-12',19,2),(2540,'1','MJPVY94','029891','2017-08-14',6,1),(2541,'1','VNBK7X1','011688','2017-07-12',19,2),(2542,'1','MJYE661','019887','2017-07-12',4,1),(2543,'1','VNA4D6A','002353','2017-07-12',19,2),(2544,'1','MJPWH95','018485','2017-07-12',6,1),(2545,'1','VNALZTC','001142','2017-07-12',19,2),(2546,'1','MJPWF99','024553','2017-07-12',6,1),(2547,'1','V1BCP71','010013','2017-07-12',16,2),(2548,'1','MJPWA85','018420','2017-07-12',6,1),(2549,'1','VNAL1VT','004613','2017-07-12',19,2),(2550,'1','MJZKX65','024759','2017-07-12',6,1),(2551,'1','MJPWF51','001296','2017-07-12',6,1),(2552,'1','VNALZTG','001020','2017-07-12',19,2),(2553,'1','VNALZVD','001118','2017-07-12',19,2),(2554,'1','MJPWF83','024767','2017-07-12',6,1),(2555,'1','VNAC00Z','000976','2017-07-12',19,2),(2556,'1','MJ018XU3','029883','2017-08-14',12,1),(2557,'1','VNABWR0','001852','2017-07-12',19,2),(2558,'1','MJEDVNF','014734','2017-07-12',9,1),(2559,'1','VNAC260','000883','2017-07-12',19,2),(2560,'1','MJEDVMP','018419','2017-08-16',9,1),(2561,'1','VNABN1V','029893','2017-08-14',19,2),(2562,'1','MJPVF06','024040','2017-07-12',6,1),(2563,'1','VNABZT4','000835','2017-07-12',19,2),(2564,'1','MJEDRAC','014735','2017-07-12',9,1),(2565,'1','CN-OKW14V-74261-45E-1L5B','015762','2017-08-16',30,2),(2566,'1','5D71Y12','015760','2017-08-16',29,1),(2567,'1','CN-OKW14V-74261-45E-1KYB','024002','2017-08-16',30,2),(2568,'1','5D70Y12','024001','2017-08-16',29,1),(2569,'1','CN-OKW14V-74261-45E-1LEB','015763','2017-08-16',30,2),(2570,'1','5D72Y12','024035','2017-08-16',29,1),(2571,'1','CN-OKW14V-74261-45E-1KWB','015765','2017-08-16',30,2),(2572,'1','5D62X12','015759','2017-08-16',29,1),(2573,'1','CN-OKW14V-74261-45E-1MHB','015766','2017-08-16',30,2),(2574,'1','5D73Y12','014998','2017-08-16',29,1),(2575,'1','VNBMF90','010355','2017-08-15',16,2),(2576,'1','MJGMCMN','024193','2017-08-15',9,1),(2577,'1','V1ALK36','014747','2017-07-12',16,2),(2578,'1','MJPVE96','020682','2017-07-12',6,1),(2579,'1','CNC038NQ6V','001997','2017-07-12',23,2),(2580,'1','MJPWF91','011334','2017-08-16',6,1),(2581,'1','CNC038NNY9','002001','2017-07-12',23,2),(2582,'1','MJEDZBG','019718','2017-08-15',9,1),(2583,'1','V1BCP99','010348','2017-08-15',16,2),(2584,'1','MJEDVCR','024504','2017-07-12',9,1),(2585,'1','V1BCP57','010367','2017-08-04',16,2),(2586,'1','MJPVE17','020668','2017-07-12',6,1),(2587,'1','V1BCP58','010285','2017-08-19',16,2),(2588,'1','MJPVEJ0','020634','2017-07-12',6,1),(2589,'1','V1ALH99','010485','2017-08-04',16,2),(2590,'1','MJEDVFT','014567','2017-07-12',9,1),(2591,'1','VNALZVA','001032','2017-07-12',19,2),(2592,'1','MJERDPG','008892','2017-07-12',9,1),(2593,'1','V1ALK10','010428','2017-08-18',16,2),(2594,'1','MJEDPZK','010251','2017-07-12',9,1),(2595,'1','V255744','024757','2017-08-04',16,2),(2596,'1','MJVDCV4','016452','2017-08-21',7,1),(2597,'1','99-V1PR729','9010268','2017-08-15',16,2),(2598,'1','MJWEFW4','018417','2017-08-21',5,1),(2599,'1','V1PR729','010268','2017-08-14',16,2),(2600,'1','MJYE065','017517','2017-08-15',4,1),(2601,'1','V1ALK49','012753','2017-08-19',16,2),(2602,'1','MJGMCNW','024162','2017-08-15',9,1),(2603,'1','V9-006ZYP','024921','2017-08-19',20,2),(2604,'1','MJ018Y28','017205','2017-08-15',12,1),(2605,'1','VNABZT9','001300','2017-07-12',19,2),(2606,'1','MJ018XT2','024042','2017-07-12',12,1),(2607,'1','V1ALK72','018484','2017-08-17',16,2),(2608,'1','MXL04001C5','999908','2017-08-16',10,1),(2609,'1','V1ZT582','010308','2017-08-15',16,2),(2610,'1','MXL04001BD','999909','2017-08-16',10,1),(2611,'1','V1PR680','010073','2017-08-15',16,2),(2612,'1','MJVDDF1','024758','2017-08-19',7,1),(2613,'1','V1ZT629','018413','2017-08-19',16,2),(2614,'1','MJPWK13','011230','2017-08-19',6,1),(2615,'1','V1PR690','010292','2017-08-18',16,2),(2616,'1','MJPWH42','020691','2017-08-19',6,1),(2617,'1','V1PR656','018488','2017-08-18',16,2),(2618,'1','MJYE982','011311','2017-07-12',4,1),(2619,'1','V1BCM51','010368','2017-08-18',16,2),(2620,'1','MJPWH49','020601','2017-07-12',6,1),(2621,'1','V9-006YFR','020635','2017-07-12',20,2),(2622,'1','MJPVE99','024542','2017-07-12',6,1),(2623,'1','V1PW266','010349','2017-07-12',16,2),(2624,'1','MJEDVAE','014762','2017-08-15',9,1),(2625,'1','VNABZRN','000853','2017-07-12',19,2),(2626,'1','MJZHH57','024014','2017-08-15',6,1),(2627,'1','V1PW213','017577','2017-07-12',16,2),(2628,'1','MJPVF03','024555','2017-07-12',6,1),(2629,'1','CNC038NR41','002006','2017-07-12',23,2),(2630,'1','MJEDTWV','024187','2017-08-15',9,1),(2631,'1','V1ALK39','024062','2017-07-12',16,2),(2632,'1','MJGMCNP','024099','2017-07-12',9,1),(2633,'1','VNALZTT','001115','2017-08-17',19,2),(2634,'1','MJEDVNM','017491','2017-08-15',9,1),(2635,'1','VNAB2TV','024075','2017-08-17',19,2),(2636,'1','MJEDTZZ','017458','2017-08-17',9,1),(2637,'1','V1ZT594','010050','2017-08-19',16,2),(2638,'1','MJEDZBH','012790','2017-08-19',9,1),(2639,'1','V1PC545','008731','2017-08-19',19,2),(2640,'1','MJ018X58','024551','2017-07-12',12,1),(2641,'1','MJEDTYM','024188','2017-08-19',9,1),(2642,'1','V257191','008688','2017-08-04',16,2),(2643,'1','VNALZR6','001222','2017-08-17',19,2),(2644,'1','MJGMCNY','012724','2017-07-12',9,1),(2645,'1','VNABY6T','000802','2017-08-17',19,2),(2646,'1','MJEDTRK','024797','2017-07-12',9,1),(2647,'1','VNABY66','001891','2017-08-17',19,2),(2648,'1','MJEDRDR','024186','2017-07-12',9,1),(2649,'1','VNAC1V5','001789','2017-08-19',19,2),(2650,'1','MJEDPYF','014736','2017-07-12',9,1),(2651,'1','VNABZTD','001243','2017-08-19',19,2),(2652,'1','MJEDTZT','018422','2017-08-18',9,1),(2653,'1','VNABYGZ','000913','2017-07-12',19,2),(2654,'1','MJEDYYX','018495','2017-08-19',9,1),(2655,'1','VNABZRL','000907','2017-07-12',19,2),(2656,'1','MJBFXBT','024180','2017-08-21',2,1),(2657,'1','VNABY73','001610','2017-07-12',16,2),(2658,'1','MJEDTVT','024185','2017-08-19',9,1),(2659,'1','VNALZTF','001430','2017-07-12',19,2),(2660,'1','MJEDVAL','024786','2017-08-18',9,1),(2661,'1','V1ZT639','024803','2017-07-12',16,2),(2662,'1','MJEDYZD','014562','2017-07-12',9,1),(2663,'1','VNAC1R7','001773','2017-08-19',19,2),(2664,'1','MJGMCRL','024195','2017-07-12',9,1),(2665,'1','99-V1PR655','9019740','2017-07-12',16,2),(2666,'1','MJ018Y0P','024756','2017-07-12',12,1),(2667,'1','V1BMF72','010098','2017-07-12',16,2),(2668,'1','MJEDVAM','012797','2017-07-12',9,1),(2669,'1','CNT933629L','014974','2017-07-12',24,2),(2670,'1','MJGMCPE','024962','2017-07-12',9,1),(2671,'1','V1BCR04','010133','2017-07-12',16,2),(2672,'1','MJEDVGT','014566','2017-07-12',9,1),(2673,'1','V1PC445','008713','2017-07-12',16,2),(2674,'1','MJGMCMY','014746','2017-07-12',9,1),(2675,'1','MJGMCPL','024773','2017-07-12',9,1),(2676,'1','CNC038NR12','002014','2017-07-12',23,2),(2677,'1','MJEDZCN','024184','2017-07-12',9,1),(2678,'1','V1PR701','010237','2017-07-12',19,2),(2679,'1','MJEDVEK','011190','2017-08-22',9,1),(2680,'1','V1ALH97','024866','2017-08-14',16,2),(2681,'1','MJGMCML','024183','2017-07-12',9,1),(2682,'1','V1PR553','010313','2017-07-12',16,2),(2683,'1','V1PR714','010123','2017-08-04',16,2),(2684,'1','99-MJEDVER','9012788','2017-07-12',9,1),(2685,'1','V1PR655','019740','2017-07-12',16,2),(2686,'1','MJEDVER','012788','2017-08-04',9,1),(2687,'1','VNABWPV','001775','2017-08-15',19,2),(2688,'1','MJEDTWK','024932','2017-08-19',9,1),(2689,'1','VNALZRW','000785','2017-08-15',19,2),(2690,'1','MJEDVFK','024163','2017-07-12',9,1),(2691,'1','V255739','000126','2017-07-12',16,2),(2692,'1','MJEDTRT','024339','2017-07-12',9,1),(2693,'1','V12T574','010705','2017-07-12',16,2),(2694,'1','MJEDVFM','024342','2017-08-04',9,1),(2695,'1','V1PR700','010048','2017-07-12',16,2),(2696,'1','MJBFWZP','017432','2017-07-12',2,1),(2697,'1','VNAB2RC','000898','2017-08-15',19,2),(2698,'1','MJEDRDZ','024774','2017-07-12',9,1),(2699,'1','V1BMG36','024076','2017-07-12',16,2),(2700,'1','MJEDTXD','024172','2017-07-12',9,1),(2701,'1','V1BMF64','010092','2017-08-19',16,2),(2702,'1','MJEDTZM','018436','2017-08-19',9,1),(2703,'1','CNC038NPBB','002016','2017-08-18',23,2),(2704,'1','MJGMCPG','024166','2017-08-19',9,1),(2705,'1','V255705','000010','2017-08-19',16,2),(2706,'1','MJEDPYH','014742','2017-08-19',9,1),(2707,'1','V1PR658','010109','2017-08-18',16,2),(2708,'1','MJGMCMZ','024168','2017-08-19',9,1),(2709,'1','V1ZT600','010114','2017-08-15',16,2),(2710,'1','MJGMCPU','014752','2017-08-15',9,1),(2711,'1','V1PR719','010085','2017-08-15',16,2),(2712,'1','MJGMCMT','024081','2017-08-15',9,1),(2713,'1','CNC038NP39','002010','2017-08-15',23,2),(2714,'1','MJEDVHC','024170','2017-08-15',9,1),(2715,'1','V1ALH93','024182','2017-08-17',16,2),(2716,'1','MJEDTZN','024190','2017-08-17',9,1),(2717,'1','V1PR572','011141','2017-07-12',16,2),(2718,'1','MJEDTPZ','024164','2017-07-12',9,1),(2719,'1','V1AWB54','024079','2017-07-12',16,2),(2720,'1','MJEDVED','024089','2017-07-12',9,1),(2721,'1','V255690','000124','2017-07-12',16,2),(2722,'1','MJEDVDE','024088','2017-07-12',9,1),(2723,'1','V256600','000146','2017-07-12',16,2),(2724,'1','MJO10XW7','015745','2017-07-12',9,1),(2725,'1','V1ZT599','010354','2017-08-19',16,2),(2726,'1','MJEDRCP','024085','2017-08-19',9,1),(2727,'1','V255693','000202','2017-08-18',16,2),(2728,'1','MJBFWZK','018487','2017-08-19',2,1),(2729,'1','V1PR725','010016','2017-08-19',16,2),(2730,'1','MJEDZBV','024882','2017-08-19',9,1),(2731,'1','V1PP826','010301','2017-07-12',16,2),(2732,'1','MJEDTPX','024083','2017-07-12',9,1),(2733,'1','V1PR620','010208','2017-07-12',16,2),(2734,'1','MJEDTZC','024171','2017-07-12',9,1),(2735,'1','V1BMG21','018407','2017-07-12',16,2),(2736,'1','MJEDVCT','024530','2017-07-12',9,1),(2737,'1','V1BMF81','010046','2017-07-12',16,2),(2738,'1','MJEDVEL','024780','2017-07-12',9,1),(2739,'1','V1PW215','010042','2017-07-12',16,2),(2740,'1','MJEDRBA','024302','2017-07-12',9,1),(2741,'1','V1ZT602','024059','2017-07-12',16,2),(2742,'1','MJEDTVA','012717','2017-07-12',9,1),(2743,'1','V1ZT422','008717','2017-07-12',16,2),(2744,'1','MJGMCRG','014757','2017-07-12',9,1),(2745,'1','V1ALK05','010668','2017-07-12',16,2),(2746,'1','MJGMCRF','024531','2017-07-12',9,1),(2747,'1','V12T611','011252','2017-07-12',16,2),(2748,'1','MJGMCNM','017430','2017-07-12',9,1),(2749,'1','V1ALF40','024072','2017-07-12',16,2),(2750,'1','MJEPPYZ','014794','2017-07-12',9,1),(2751,'1','V1BMF77','010012','2017-07-12',16,2),(2752,'1','MJEDYMF','024074','2017-07-12',9,1),(2753,'1','V1ALH92','010425','2017-07-12',16,2),(2754,'1','MJGMCRH','024599','2017-07-12',9,1),(2755,'1','V1BMG31','010079','2017-07-12',16,2),(2756,'1','MJGMCMW','014739','2017-07-12',9,1),(2757,'1','V1PP836','010060','2017-07-12',16,2),(2758,'1','MJ018XX6','019859','2017-07-12',12,1),(2759,'1','V335714','000331','2017-07-12',17,2),(2760,'1','MJPWH32','002337','2017-07-12',6,1),(2761,'1','V1BMF86','010078','2017-07-12',16,2),(2762,'1','MJEDTWT','024060','2017-07-12',9,1),(2763,'1','V335802','012635','2017-07-12',17,2),(2764,'1','MJPVF29','014720','2017-07-12',6,1),(2765,'1','V1ALK41','024067','2017-08-22',16,2),(2766,'1','MJEDVFD','024066','2017-07-12',9,1),(2767,'1','CNC038NNT8','000071','2017-07-12',23,2),(2768,'1','MJEDTZB','024307','2017-07-12',9,1),(2769,'1','VNAL2TP','000782','2017-07-12',19,2),(2770,'1','MJGMCRN','024063','2017-07-12',9,1),(2771,'1','V1ALK69','012800','2017-07-12',16,2),(2772,'1','MJPWH83','017420','2017-07-12',6,1),(2773,'1','V1PR682','010333','2017-07-12',16,2),(2774,'1','MJYE064','024336','2017-07-12',4,1),(2775,'1','VNABYMD','000919','2017-07-12',19,2),(2776,'1','MJEDTRX','014763','2017-07-12',9,1),(2777,'1','V1ALK40','024309','2017-07-12',16,2),(2778,'1','MJPVE14','024308','2017-07-12',6,1),(2779,'1','V1BCP69','024068','2017-07-12',16,2),(2780,'1','99-MJGMCNC','9017418','2017-08-22',9,1),(2781,'1','V1BMF82','024071','2017-07-12',16,2),(2782,'1','MJEDTWL','024073','2017-07-12',9,1),(2783,'1','V1ALK45','024069','2017-07-12',16,2),(2784,'1','MJVDDD2','024611','2017-07-12',7,1),(2785,'1','VNALZTY','001106','2017-07-12',16,2),(2786,'1','MJEDTWA','012770','2017-07-12',9,1),(2787,'1','V275720','017421','2017-07-12',16,2),(2788,'1','MJEDTTK','019909','2017-08-15',9,1),(2789,'1','V255749','000002','2017-07-12',16,2),(2790,'1','MJ6MCRB','024064','2017-07-12',9,1),(2791,'1','V1PR753','010108','2017-07-12',16,2),(2792,'1','MJPWA76','024141','2017-07-12',6,1),(2793,'1','V9-006ZYT','017600','2017-08-08',20,2),(2794,'1','MJDTHYN','014628','2017-08-08',8,1),(2795,'1','V9-0070M9','014975','2017-07-12',20,2),(2796,'1','MJEDZAK','008938','2017-07-12',9,1),(2797,'1','10W235551872','004246','2017-07-12',13,3),(2798,'1','V9-0070XX','014977','2017-07-12',20,2),(2799,'1','MJ018XVE','015734','2017-07-12',12,1),(2800,'1','10W735532436','003975','2017-07-12',13,3),(2801,'1','V1ALK00','014629','2017-07-12',16,2),(2802,'1','MJEDRDT','008887','2017-07-12',9,1),(2803,'1','V255975','008715','2017-07-12',16,2),(2804,'1','MJYE076','002135','2017-07-12',4,1),(2805,'1','14W2443702RK','015658','2017-07-12',13,3),(2806,'1','V1ALH96','010648','2017-07-12',16,2),(2807,'1','MJ018XVM','014973','2017-07-12',12,1),(2808,'1','14WZ443702SV','015659','2017-07-12',13,3),(2809,'1','V255731','000128','2017-07-12',16,2),(2810,'1','MJERDRV','008913','2017-07-12',9,1),(2811,'1','10WZ35552407','006878','2017-07-12',13,3),(2812,'1','V1BMF68','010719','2017-07-12',16,2),(2813,'1','MJVDDE2','000131','2017-07-12',7,1),(2814,'1','15WZ522704UT','024316','2017-08-23',13,3),(2815,'1','PF0AYW8R','024703','2017-08-22',26,9),(2816,'1','MJEDVCP','010723','2017-07-12',9,1),(2817,'1','VNABWNM','001871','2017-07-12',19,2),(2818,'1','MJPWG07','001872','2017-07-12',6,1),(2819,'1','VNABWN9','001873','2017-07-12',19,2),(2820,'1','CNJ8F7Z234','014898','2017-07-12',25,2),(2821,'1','MJGMCP8','024303','2017-07-12',9,1),(2822,'1','VNABXCB','001875','2017-07-12',19,2),(2823,'1','MJPWH59','012612','2017-07-12',6,1),(2824,'1','VNABY6A','001877','2017-07-12',19,2),(2825,'1','0004F2F18ECF','011066','2017-08-15',27,3),(2826,'1','MJEDYYV','029808','2017-08-15',9,1),(2827,'1','VNALZTX','000779','2017-08-16',19,2),(2828,'1','MJYE892','011328','2017-08-16',4,1),(2829,'1','VNABZT6','000825','2017-07-12',19,2),(2830,'1','MJ018XSO','017553','2017-07-12',12,1),(2831,'1','081620301063','024668','2017-07-12',14,3),(2832,'1','VNAC00V','000828','2017-07-12',19,2),(2833,'1','MJ018Y19','017569','2017-07-12',12,1),(2834,'1','081620302575','014902','2017-07-12',14,3),(2835,'1','VNAC28T','000822','2017-07-12',19,2),(2836,'1','MJ018X56','017552','2017-07-12',12,1),(2837,'1','081620301035','014877','2017-07-12',14,3),(2838,'1','VNABYMC','000816','2017-07-12',19,2),(2839,'1','MJ018Y2E','015751','2017-07-12',12,1),(2840,'1','081621302999','014691','2017-07-12',14,3),(2841,'1','VNALZVK','000819','2017-07-12',19,2),(2842,'1','MJ018XVY','015741','2017-07-12',12,1),(2843,'1','081636604256','014910','2017-07-12',14,3),(2844,'1','VNABZRK','000813','2017-07-12',19,2),(2845,'1','MJ018XT9','015719','2017-07-12',12,1),(2846,'1','081621303005','024661','2017-07-12',14,3),(2847,'1','V90070WM','014976','2017-07-12',20,2),(2848,'1','VNB1N9P','024549','2017-07-12',19,2),(2849,'1','MJPWA26','017525','2017-07-12',6,1),(2850,'1','V9006ZY6','018435','2017-07-12',20,2),(2851,'1','MJPVE15','020695','2017-07-12',6,1),(2852,'1','V9-0070XH','015754','2017-07-12',20,2),(2853,'1','MJPWH35','024783','2017-07-12',6,1),(2854,'1','V1BM605','017519','2017-07-12',16,2),(2855,'1','MXJ9430277','018437','2017-07-12',99,1),(2856,'1','V9-0070X7','014993','2017-07-12',20,2),(2857,'1','MJYE071','024996','2017-07-12',4,1),(2858,'1','V9-006ZY1','017217','2017-07-12',20,2),(2859,'1','MJPVZ05','024540','2017-07-12',6,1),(2860,'1','VNALZTW','000788','2017-07-12',19,2),(2861,'1','MJEDVCN','024135','2017-07-12',9,1),(2862,'1','VNAC1VD','001606','2017-07-12',19,2),(2863,'1','MJEDTVH','011309','2017-07-12',9,1),(2864,'1','V335832','000319','2017-07-12',17,2),(2865,'1','MJPVF22','024785','2017-07-12',6,1),(2866,'1','V9-006Z7Y','015749','2017-07-12',20,2),(2867,'1','MJEDTVZ','024244','2017-07-12',9,1),(2868,'1','V1ZT587','008758','2017-07-12',16,2),(2869,'1','MJYE890','024143','2017-07-12',4,1),(2870,'1','V9-0070X6','015752','2017-07-12',20,2),(2871,'1','MJPZD14','012714','2017-07-12',6,1),(2872,'1','V90070XC','014984','2017-07-12',20,2),(2873,'1','VNB1N73','002050','2017-07-12',19,2),(2874,'1','MJPVZ53','000824','2017-08-16',6,1),(2875,'1','V9-006ZK3','015747','2017-07-12',20,2),(2876,'1','MJVDDG2','024148','2017-07-12',7,1),(2877,'1','V9-006ZXF','017567','2017-07-12',20,2),(2878,'1','MJVKTM7','014553','2017-07-12',5,1),(2879,'1','CNC038NNB3','002018','2017-07-12',23,2),(2880,'1','MJPWQ00','011233','2017-07-12',6,1),(2881,'1','V335787','024537','2017-07-12',17,2),(2882,'1','MJZHK44','014607','2017-07-12',6,1),(2883,'1','V1BCP29','010072','2017-08-21',16,2),(2884,'1','MJVDDN7','024094','2017-08-21',7,1),(2885,'1','V1BMC70','010302','2017-08-21',16,2),(2886,'1','MJVDDP3','024095','2017-08-21',7,1),(2887,'1','V256709','000147','2017-08-21',16,2),(2888,'1','MJPWH94','019872','2017-08-21',6,1),(2889,'1','V1ZT559','010020','2017-08-21',16,2),(2890,'1','MXL04018TV','019850','2017-08-21',10,1),(2891,'1','V1BCP74','010067','2017-08-21',16,2),(2892,'1','MXL0390XMW','024036','2017-08-21',10,1),(2893,'1','V1ZT620','010029','2017-08-21',16,2),(2894,'1','MJFNPT3','017456','2017-08-21',3,1),(2895,'1','MJVDDF4','017204','2017-08-21',7,1),(2896,'1','V1BMG10','010309','2017-08-21',16,2),(2897,'1','V9-0070W3','024538','2017-08-21',20,2),(2898,'1','MJPWH23','018482','2017-08-21',6,1),(2899,'1','V1ALF30','024086','2017-08-21',16,2),(2900,'1','MXL04001CJ','029809','2017-08-21',10,1),(2901,'1','V1PP889','010066','2017-08-21',16,2),(2902,'1','MXL0400144','002019','2017-08-21',10,1),(2903,'1','V335856','000228','2017-08-21',17,2),(2904,'1','MJYE006','001876','2017-08-21',4,1),(2905,'1','V1ALH98','024642','2017-08-21',16,2),(2906,'1','MXL0400198','019901','2017-08-21',10,1),(2907,'1','V255723','000144','2017-08-21',16,2),(2908,'1','MJPVE20','016301','2017-08-21',6,1),(2909,'1','V1PR686','010245','2017-08-21',16,2),(2910,'1','MJPWG35','024534','2017-08-21',6,1),(2911,'1','VNABY67','024550','2017-08-21',19,2),(2912,'1','MJYE068','011552','2017-08-21',4,1),(2913,'1','V9-0070X4','014971','2017-08-21',20,2),(2914,'1','MXL0401911','019874','2017-08-21',10,1),(2915,'1','V90-070WW','015748','2017-08-21',20,2),(2916,'1','MJPVF04','024782','2017-08-21',6,1),(2917,'1','V255710','000155','2017-08-21',16,2),(2918,'1','MJPWK30','024791','2017-08-21',6,1),(2919,'1','V1BMG42','010001','2017-08-21',16,2),(2920,'1','MJVDDA0','024338','2017-08-19',7,1),(2921,'1','CNC038NNQH','001989','2017-07-12',23,2),(2922,'1','MJPWF90','017527','2017-07-12',6,1),(2923,'1','V1ALK73','029810','2017-07-12',16,2),(2924,'1','VNALZT5','018403','2017-07-12',19,2),(2925,'1','MXJ8390DJ6','017521','2017-07-12',99,1),(2926,'1','VNAC25L','000937','2017-07-12',19,2),(2927,'1','V256464','000172','2017-07-12',16,2),(2928,'1','MXL039XNS','011116','2017-08-16',10,1),(2929,'1','V1PR694','017522','2017-07-12',16,2),(2930,'1','V1KTB41','012789','2017-07-12',16,2),(2931,'1','MJPVE09','018480','2017-07-12',6,1),(2932,'1','V1PP830','010127','2017-07-12',16,2),(2933,'1','V1BCP56','010126','2017-07-12',16,2),(2934,'1','VNAC25W','024197','2017-07-12',19,2),(2935,'1','HA17H9NP431329L','024196','2017-07-12',99,2),(2936,'1','MJVDDH7','019940','2017-07-12',7,1),(2937,'1','V9-0070XR','015746','2017-07-12',20,2),(2938,'1','V1ZT555','010102','2017-07-12',16,2),(2939,'1','VNALZTH','001122','2017-07-12',19,2),(2940,'1','VNABZRD','001460','2017-07-12',19,2),(2941,'1','VNABYN9','018440','2017-07-12',19,2),(2942,'1','VNA4D7T','001688','2017-07-12',19,2),(2943,'1','VNABWMD','001783','2017-07-12',19,2),(2944,'1','VNAC1W3','001656','2017-07-12',19,2),(2945,'1','VNABWPA','001785','2017-07-12',19,2),(2946,'1','MJYE069','024127','2017-07-12',4,1),(2947,'1','VNAC13L','001779','2017-07-12',19,2),(2948,'1','MJVDCX4','018481','2017-07-12',7,1),(2949,'1','CNC038NQDW','001999','2017-07-12',23,2),(2950,'1','MJVDDE1','024506','2017-07-12',7,1),(2951,'1','V255552','000216','2017-07-12',16,2),(2952,'1','MJFNPA1','024911','2017-08-19',3,1),(2953,'1','V1ZT568','024546','2017-08-19',16,2),(2954,'1','MJ018Y2L','024278','2017-08-19',12,1),(2955,'1','V9-0032BX','017518','2017-08-19',20,2),(2956,'1','MJVDDK1','017560','2017-08-19',7,1),(2957,'1','V9-006ZXT','015714','2017-08-19',20,2),(2958,'1','MXL040015Q','012757','2017-08-19',10,1),(2959,'1','V9-006YFP','014957','2017-08-19',20,2),(2960,'1','MJVDDM0','029819','2017-08-19',7,1),(2961,'1','VNABZRT','029803','2017-08-21',19,2),(2962,'1','MJVDDN5','000143','2017-08-21',7,1),(2963,'1','VNALZT2','001112','2017-08-19',19,2),(2964,'1','MJVDDA4','024865','2017-08-21',7,1),(2965,'1','V9-006YF9','015716','2017-08-19',20,2),(2966,'1','V1PR619','011249','2017-08-21',16,2),(2967,'1','MXJ943026S','014951','2017-08-21',10,1),(2968,'1','V1BCR00','010063','2017-08-21',16,2),(2969,'1','VNABZT1','000955','2017-08-21',19,2),(2970,'1','MXL0390XM6','029820','2017-08-21',10,1),(2971,'1','VNA4D8H','001740','2017-08-19',19,2),(2972,'1','MXJ94302CF','024022','2017-08-21',10,1),(2973,'1','V1PR674','010096','2017-07-12',16,2),(2974,'1','V1PP891','010724','2017-07-12',16,2),(2975,'1','MJPWF29','024150','2017-08-21',6,1),(2976,'1','V1ALK07','010678','2017-08-21',16,2),(2977,'1','MJVDDK0','024535','2017-08-21',7,1),(2978,'1','V1PR667','010097','2017-08-19',16,2),(2979,'1','MJZKH64','024142','2017-08-19',4,1),(2980,'1','V1PR669','010359','2017-07-12',16,2),(2981,'1','MJ018XS2','029801','2017-08-19',12,1),(2982,'1','V1ZT569','010031','2017-07-12',16,2),(2983,'1','MJVDDM4','024543','2017-07-12',7,1),(2984,'1','V9-006YFF','018494','2017-07-12',20,2),(2985,'1','MJ018XWU','015732','2017-07-12',12,1),(2986,'1','V255740','000084','2017-07-12',16,2),(2987,'1','MJ018XS5','014980','2017-07-12',12,1),(2988,'1','V1ALK47','024080','2017-07-12',16,2),(2989,'1','MJPWH90','001438','2017-07-12',6,1),(2990,'1','CNC038NP6C','002008','2017-07-12',23,2),(2991,'1','MJPZD73','024133','2017-07-12',6,1),(2992,'1','V1BCR03','010025','2017-07-12',16,2),(2993,'1','MJVDDA6','024997','2017-07-12',7,1),(2994,'1','VNABWPM','001799','2017-08-15',19,2),(2995,'1','MJZKH28','000846','2017-08-15',6,1),(2996,'1','V1ZT547','010289','2017-08-15',16,2),(2997,'1','MJZHK14','014611','2017-08-15',6,1),(2998,'1','V1BMF62','010366','2017-07-12',16,2),(2999,'1','MJEDTYK','024006','2017-08-15',9,1),(3000,'1','V1ZT537','010371','2017-08-15',16,2),(3001,'1','MJEDVHR','024078','2017-08-15',9,1),(3002,'1','V1BMF63','010291','2017-08-15',16,2),(3003,'1','MJPVY96','024598','2017-08-15',6,1),(3004,'1','CNC038NNQG','002024','2017-07-12',23,2),(3005,'1','MJZKH65','020629','2017-07-12',6,1),(3006,'1','V1BMF66','010290','2017-08-15',16,2),(3007,'1','MJEDTWD','024600','2017-08-15',9,1),(3008,'1','V1BMG43','024764','2017-08-15',16,2),(3009,'1','MJPVE16','020606','2017-08-15',6,1),(3010,'1','V1BMF65','010373','2017-08-17',16,2),(3011,'1','MJPWK28','000864','2017-08-17',6,1),(3012,'1','V1PR677','010117','2017-08-15',16,2),(3013,'1','MJPWA87','024801','2017-08-15',6,1),(3014,'1','V1BCP22','010370','2017-08-15',16,2),(3015,'1','MJEDTXX','019906','2017-08-15',9,1),(3017,'1','V1PC469','008702','2017-08-19',16,2),(3104,'1','MJ018YOY','014991','2017-08-07',12,1),(3106,'1','MJ018Y26','029766','2017-08-07',12,1),(3107,'1','MJ018XWD','024539','2017-08-07',12,1),(3108,'1','MJO18Y18','017275','2017-08-07',12,1),(3109,'1','MJEDVMD','014524','2017-08-17',12,1),(3110,'1','CNC038NP12','002191','2017-08-08',23,2),(3111,'1','VNAC012','000805','2017-08-19',19,2),(3112,'1','VNAC269','001297','2017-08-19',19,2),(3113,'1','VNALZPN','001433','2017-08-19',19,2),(3114,'1','VNABZT3','000949','2017-08-19',19,2),(3115,'1','MJGMCNN','024301','2017-08-21',9,1),(3116,'1','MJEDVAP','029839','2017-08-21',9,1),(3117,'1','V9-006YFM','024020','2017-08-21',20,2),(3118,'1','10WZ35553218','003901','2017-08-21',13,3),(3119,'1','10WZ19551751','004212','2017-08-21',13,3),(3120,'1','10WZ31651131','004608','2017-08-21',13,3),(3121,'1','V1PR722','010124','2017-08-21',16,2),(3122,'1','MJEDVLN','011325','2017-08-21',9,1),(3123,'1','V1BCP21','010221','2017-08-21',16,2),(3124,'1','MJVDDL5','011250','2017-08-21',7,1),(3125,'1','MJEDVMM','024144','2017-08-21',9,1),(3126,'1','FJRCXZ1','012999','2017-08-22',31,1),(3127,'1','MP10KLXA','025771','2017-08-22',32,1),(3128,'1','PB-02DDZ4','012997','2017-08-22',33,1),(3129,'1','MJGMCNE','017431','2017-08-22',9,1),(3130,'1','555555-PRUEBA','555555','2017-08-23',9,1),(3131,'1','15WZ522704VJ','024613','2017-08-23',35,3),(3132,'1','V1ALK09','024556','2017-08-23',16,2),(3133,'1','MJEDVMK','011228','2017-08-23',9,1);
/*!40000 ALTER TABLE `articulos` ENABLE KEYS */;
UNLOCK TABLES;

--
-- Table structure for table `bodegas`
--

DROP TABLE IF EXISTS `bodegas`;
/*!40101 SET @saved_cs_client     = @@character_set_client */;
/*!40101 SET character_set_client = utf8 */;
CREATE TABLE `bodegas` (
  `id_bodega` int(11) NOT NULL AUTO_INCREMENT,
  `nombre_bodega` varchar(45) DEFAULT NULL,
  `fk_sede` int(11) NOT NULL,
  PRIMARY KEY (`id_bodega`),
  KEY `id_sede_idx` (`fk_sede`),
  CONSTRAINT `fk_sede_bod` FOREIGN KEY (`fk_sede`) REFERENCES `sedes` (`id_sede`) ON DELETE NO ACTION ON UPDATE NO ACTION
) ENGINE=InnoDB AUTO_INCREMENT=22 DEFAULT CHARSET=utf8;
/*!40101 SET character_set_client = @saved_cs_client */;

--
-- Dumping data for table `bodegas`
--

LOCK TABLES `bodegas` WRITE;
/*!40000 ALTER TABLE `bodegas` DISABLE KEYS */;
INSERT INTO `bodegas` VALUES (1,'BODEGA 1',1),(2,'BODEGA 2',1),(3,'BODEGA 3',1),(4,'BODEGA 4',1),(5,'ADMINISTRATIVA',1),(6,'LABORAL',1),(7,'BODEGA 1 - ENCERRAMIENTO',1),(8,'BODEGA 3 - CLIENTES BCS',1),(9,'BODEGA 4 - ENCERRAMIENTO',1),(10,'SALA DE FORMACION 1',1),(11,'SALA DE FORMACION 2',1),(12,'SALA DE FORMACION 3',1),(13,'SALA DE FORMACION 4',1),(14,'SALA DE FORMACION 5',1),(15,'SALA DE JUNTAS',1),(16,'KIOSKO',1),(17,'BODEGA TECNOLOGIA',1),(18,'DATACENTER',1),(19,'CENTRO CABLEADO BODEGA 1',1),(20,'CENTRO CABLEADO BODEGA 2',1),(21,'CENTRO CABLEADO BODEGA 3',1);
/*!40000 ALTER TABLE `bodegas` ENABLE KEYS */;
UNLOCK TABLES;

--
-- Table structure for table `campaign`
--

DROP TABLE IF EXISTS `campaign`;
/*!40101 SET @saved_cs_client     = @@character_set_client */;
/*!40101 SET character_set_client = utf8 */;
CREATE TABLE `campaign` (
  `id_campaign` int(11) NOT NULL AUTO_INCREMENT,
  `nombre_campaign` varchar(45) NOT NULL,
  `cliente_campaign` varchar(45) NOT NULL,
  `fk_sede` int(11) NOT NULL,
  PRIMARY KEY (`id_campaign`),
  KEY `fk_sede_idx` (`fk_sede`),
  CONSTRAINT `fk_sede_campaign` FOREIGN KEY (`fk_sede`) REFERENCES `sedes` (`id_sede`) ON DELETE NO ACTION ON UPDATE NO ACTION
) ENGINE=InnoDB AUTO_INCREMENT=20 DEFAULT CHARSET=utf8;
/*!40101 SET character_set_client = @saved_cs_client */;

--
-- Dumping data for table `campaign`
--

LOCK TABLES `campaign` WRITE;
/*!40000 ALTER TABLE `campaign` DISABLE KEYS */;
INSERT INTO `campaign` VALUES (1,'COLMENA SEGUROS','FUNDACION SOCIAL',1),(2,'TELEVENTAS ARL','FUNDACION SOCIAL',1),(3,'BANCO CAJA SOCIAL','FUNDACION SOCIAL',1),(4,'COBRANZAS BCS','FUNDACION SOCIAL',1),(5,'RETENCION BCS','FUNDACION SOCIAL',1),(6,'MOVISTAR FIJA','MOVISTAR COLOMBIA',1),(7,'MOVISTAR MOVIL','MOVISTAR COLOMBIA',1),(8,'CHILE FIJA','MOVISTAR CHILE',1),(9,'HELPDESK','DIGITEX INTERNACIONAL',1),(10,'SELECCION','DIGITEX INTERNACIONAL',1),(11,'LABORAL','DIGITEX INTERNACIONAL',1),(12,'SERVICIOS GENERALES','DIGITEX INTERNACIONAL',1),(13,'FORMACION','DIGITEX INTERNACIONAL',1),(14,'DEVOLUCION','DEVOLUCION',1),(15,'DESARROLLO','DIGITEX INTERNACIONAL',1),(16,'SALUD OCUPACIONAL','DIGITEX INTERNACIONAL',1),(17,'CODENSA','DIGITEX INTERNACIONAL',1),(18,'RECOBRO COLMENA','FUNDACION SOCIAL',1),(19,'SISTEMAS','DIGITEX INTERNACIONAL',1);
/*!40000 ALTER TABLE `campaign` ENABLE KEYS */;
UNLOCK TABLES;

--
-- Table structure for table `estados`
--

DROP TABLE IF EXISTS `estados`;
/*!40101 SET @saved_cs_client     = @@character_set_client */;
/*!40101 SET character_set_client = utf8 */;
CREATE TABLE `estados` (
  `id_estados` int(11) NOT NULL AUTO_INCREMENT,
  `nombre_estado` varchar(45) DEFAULT NULL,
  PRIMARY KEY (`id_estados`)
) ENGINE=InnoDB AUTO_INCREMENT=4 DEFAULT CHARSET=utf8;
/*!40101 SET character_set_client = @saved_cs_client */;

--
-- Dumping data for table `estados`
--

LOCK TABLES `estados` WRITE;
/*!40000 ALTER TABLE `estados` DISABLE KEYS */;
INSERT INTO `estados` VALUES (1,'ACTIVO'),(2,'DEVUELTO'),(3,'DE BAJA');
/*!40000 ALTER TABLE `estados` ENABLE KEYS */;
UNLOCK TABLES;

--
-- Table structure for table `fabricante`
--

DROP TABLE IF EXISTS `fabricante`;
/*!40101 SET @saved_cs_client     = @@character_set_client */;
/*!40101 SET character_set_client = utf8 */;
CREATE TABLE `fabricante` (
  `id_fabricante` int(11) NOT NULL AUTO_INCREMENT,
  `nombre_fabricante` varchar(45) DEFAULT NULL,
  PRIMARY KEY (`id_fabricante`)
) ENGINE=InnoDB AUTO_INCREMENT=100 DEFAULT CHARSET=utf8;
/*!40101 SET character_set_client = @saved_cs_client */;

--
-- Dumping data for table `fabricante`
--

LOCK TABLES `fabricante` WRITE;
/*!40000 ALTER TABLE `fabricante` DISABLE KEYS */;
INSERT INTO `fabricante` VALUES (1,'LENOVO'),(2,'HEWLETT PACKARD'),(3,'DELL'),(4,'AVAYA'),(5,'CISCO'),(6,'SAMSUNG'),(99,'REVISAR');
/*!40000 ALTER TABLE `fabricante` ENABLE KEYS */;
UNLOCK TABLES;

--
-- Table structure for table `items`
--

DROP TABLE IF EXISTS `items`;
/*!40101 SET @saved_cs_client     = @@character_set_client */;
/*!40101 SET character_set_client = utf8 */;
CREATE TABLE `items` (
  `id_item` int(11) NOT NULL AUTO_INCREMENT,
  `nombre_item` varchar(45) DEFAULT NULL,
  `modelo_item` varchar(45) DEFAULT NULL,
  `modelo_item_2` varchar(45) DEFAULT NULL,
  `fk_fabricante` int(11) NOT NULL,
  `activo` int(11) NOT NULL DEFAULT '1',
  `tipo` int(11) DEFAULT NULL,
  PRIMARY KEY (`id_item`),
  KEY `id_fabricante_idx` (`fk_fabricante`),
  CONSTRAINT `fk_fabricante_item` FOREIGN KEY (`fk_fabricante`) REFERENCES `fabricante` (`id_fabricante`) ON DELETE NO ACTION ON UPDATE NO ACTION
) ENGINE=InnoDB AUTO_INCREMENT=100 DEFAULT CHARSET=utf8;
/*!40101 SET character_set_client = @saved_cs_client */;

--
-- Dumping data for table `items`
--

LOCK TABLES `items` WRITE;
/*!40000 ALTER TABLE `items` DISABLE KEYS */;
INSERT INTO `items` VALUES (1,'CPU','A1H400',NULL,1,1,1),(2,'CPU','C5S',NULL,1,1,1),(3,'CPU','D3S',NULL,1,1,1),(4,'CPU','D9S',NULL,1,1,1),(5,'CPU','E1S',NULL,1,1,1),(6,'CPU','F3S',NULL,1,1,1),(7,'CPU','FB9',NULL,1,1,1),(8,'CPU','B3S',NULL,1,1,1),(9,'CPU','PR7',NULL,1,1,1),(10,'CPU','SFF',NULL,2,1,1),(12,'CPU','003TLS',NULL,1,1,1),(13,'HARDPHONE','1616-I','1616D01A',4,1,3),(14,'HARDPHONE','4621SW','4621D01A',4,1,3),(15,'MONITOR','1431-HEI',NULL,1,1,2),(16,'MONITOR','2580-AB1',NULL,1,1,2),(17,'MONITOR','4434-HE1',NULL,1,1,2),(18,'MONITOR','4750-HB2',NULL,1,1,2),(19,'MONITOR','5047-HB2',NULL,1,1,2),(20,'MONITOR','60B8-AAR6',NULL,1,1,2),(22,'MONITOR','L1710',NULL,2,1,2),(23,'MONITOR','S1933',NULL,2,1,2),(24,'MONITOR','V185ES',NULL,2,1,2),(25,'IMPRESORA','HP',NULL,2,1,4),(26,'LAPTOP','Thinkpad L450',NULL,1,1,5),(27,'HARDPHONE','1692-IP',NULL,4,1,3),(28,'MONITOR','E178FPb',NULL,3,1,2),(29,'CPU','OPTIPLEX 9020',NULL,3,1,1),(30,'MONITOR','P2214Hb',NULL,3,1,2),(31,'LAPTOP','Lattitude E7440',NULL,3,1,5),(32,'LAPTOP','B40-80 80F6',NULL,1,1,5),(33,'LAPTOP','X240',NULL,1,1,5),(34,'CPU','E7U',NULL,1,1,1),(35,'HARPHONE','1608-I','1608D02A',4,1,3),(99,'REVISAR','REVISAR',NULL,1,1,9);
/*!40000 ALTER TABLE `items` ENABLE KEYS */;
UNLOCK TABLES;

--
-- Table structure for table `movimientos`
--

DROP TABLE IF EXISTS `movimientos`;
/*!40101 SET @saved_cs_client     = @@character_set_client */;
/*!40101 SET character_set_client = utf8 */;
CREATE TABLE `movimientos` (
  `id_movimiento` int(11) NOT NULL AUTO_INCREMENT,
  `ori_puestoId` int(11) NOT NULL,
  `ori_campana` int(11) NOT NULL,
  `dest_puestoId` int(11) NOT NULL,
  `dest_campana` int(11) NOT NULL,
  `ticket` int(11) NOT NULL,
  `fecha_mov` date NOT NULL,
  `fk_usuario` int(11) NOT NULL,
  `fk_articulos` int(11) NOT NULL,
  PRIMARY KEY (`id_movimiento`),
  KEY `id_usuario_idx` (`fk_usuario`),
  KEY `fk_articulos_mov_idx` (`fk_articulos`),
  CONSTRAINT `fk_articulos_mov` FOREIGN KEY (`fk_articulos`) REFERENCES `articulos` (`id_articulos`) ON DELETE NO ACTION ON UPDATE NO ACTION,
  CONSTRAINT `fk_usuario_mov` FOREIGN KEY (`fk_usuario`) REFERENCES `usuarios` (`id_usuario`) ON DELETE NO ACTION ON UPDATE NO ACTION
) ENGINE=InnoDB AUTO_INCREMENT=5 DEFAULT CHARSET=utf8;
/*!40101 SET character_set_client = @saved_cs_client */;

--
-- Dumping data for table `movimientos`
--

LOCK TABLES `movimientos` WRITE;
/*!40000 ALTER TABLE `movimientos` DISABLE KEYS */;
INSERT INTO `movimientos` VALUES (1,528,9,330,2,666666,'2017-08-12',1,2157),(2,529,9,328,2,666666,'2017-08-12',1,2159),(3,533,9,332,2,666666,'2017-08-12',1,2167),(4,533,9,333,2,666666,'2017-08-12',1,2167);
/*!40000 ALTER TABLE `movimientos` ENABLE KEYS */;
UNLOCK TABLES;

--
-- Table structure for table `ocupacion`
--

DROP TABLE IF EXISTS `ocupacion`;
/*!40101 SET @saved_cs_client     = @@character_set_client */;
/*!40101 SET character_set_client = utf8 */;
CREATE TABLE `ocupacion` (
  `id_ocupacion` int(11) NOT NULL AUTO_INCREMENT,
  `fk_id_puesto` int(11) DEFAULT NULL,
  `fk_id_articulos` int(11) DEFAULT NULL,
  `fecha_ocupacion` date DEFAULT NULL,
  PRIMARY KEY (`id_ocupacion`),
  KEY `fk_idpuesto_idx` (`fk_id_puesto`),
  KEY `fk_idarticulos_idx` (`fk_id_articulos`),
  CONSTRAINT `fk_idarticulos` FOREIGN KEY (`fk_id_articulos`) REFERENCES `articulos` (`id_articulos`) ON DELETE NO ACTION ON UPDATE NO ACTION,
  CONSTRAINT `fk_idpuesto` FOREIGN KEY (`fk_id_puesto`) REFERENCES `puestos` (`id_puesto`) ON DELETE NO ACTION ON UPDATE NO ACTION
) ENGINE=InnoDB AUTO_INCREMENT=2075 DEFAULT CHARSET=utf8;
/*!40101 SET character_set_client = @saved_cs_client */;

--
-- Dumping data for table `ocupacion`
--

LOCK TABLES `ocupacion` WRITE;
/*!40000 ALTER TABLE `ocupacion` DISABLE KEYS */;
INSERT INTO `ocupacion` VALUES (1,39,1039,'2017-08-07'),(2,39,1040,'2017-08-07'),(3,39,1041,'2017-08-07'),(4,40,1042,'2017-08-07'),(5,40,1043,'2017-08-07'),(6,40,1044,'2017-08-07'),(7,41,1045,'2017-08-07'),(8,41,1046,'2017-08-07'),(9,41,1047,'2017-08-07'),(10,42,1048,'2017-08-07'),(11,42,1049,'2017-08-07'),(12,42,1050,'2017-08-07'),(13,43,1051,'2017-08-07'),(14,43,1052,'2017-08-07'),(15,43,1053,'2017-08-07'),(16,44,1054,'2017-08-07'),(17,44,1055,'2017-08-07'),(18,44,1056,'2017-08-07'),(19,45,1057,'2017-08-07'),(20,45,1058,'2017-08-07'),(21,45,1059,'2017-08-07'),(22,46,1060,'2017-08-07'),(23,46,1061,'2017-08-07'),(24,46,1062,'2017-08-07'),(25,47,1063,'2017-08-07'),(26,47,1064,'2017-08-07'),(27,48,1065,'2017-08-07'),(28,48,1066,'2017-08-07'),(29,48,1067,'2017-08-07'),(30,49,1068,'2017-08-07'),(31,49,1069,'2017-08-07'),(32,49,1070,'2017-08-07'),(33,50,1071,'2017-08-16'),(34,50,1072,'2017-08-07'),(35,50,1073,'2017-08-07'),(36,51,1074,'2017-08-07'),(37,51,1075,'2017-08-14'),(38,51,1076,'2017-08-07'),(39,52,1077,'2017-08-07'),(40,52,1078,'2017-08-07'),(41,52,1079,'2017-08-07'),(42,53,1080,'2017-08-07'),(43,53,1081,'2017-08-14'),(44,53,1082,'2017-08-07'),(45,54,1083,'2017-08-07'),(46,54,1084,'2017-08-16'),(47,54,1085,'2017-08-07'),(48,55,1086,'2017-08-07'),(49,55,1087,'2017-08-07'),(50,55,1088,'2017-08-07'),(51,56,1089,'2017-08-07'),(52,56,1090,'2017-08-07'),(53,56,1091,'2017-08-07'),(54,57,1092,'2017-08-07'),(55,57,1093,'2017-08-07'),(56,57,1094,'2017-08-07'),(57,58,1095,'2017-08-07'),(58,58,1096,'2017-08-07'),(59,58,1097,'2017-08-07'),(60,59,1098,'2017-08-07'),(61,59,1099,'2017-08-07'),(62,59,1100,'2017-08-07'),(63,60,1101,'2017-08-07'),(64,60,1102,'2017-08-07'),(65,60,1103,'2017-08-07'),(66,61,1104,'2017-08-07'),(67,61,1105,'2017-08-16'),(68,61,1106,'2017-08-07'),(69,62,1107,'2017-08-07'),(70,62,1108,'2017-08-07'),(71,62,1109,'2017-08-07'),(72,63,1110,'2017-08-07'),(73,63,1111,'2017-08-07'),(74,63,1112,'2017-08-07'),(75,64,1113,'2017-08-07'),(76,64,1114,'2017-08-07'),(77,64,1115,'2017-08-07'),(78,65,1116,'2017-08-07'),(79,65,1117,'2017-08-14'),(80,65,1118,'2017-08-07'),(81,109,1119,'2017-08-15'),(82,109,1120,'2017-08-15'),(83,67,1121,'2017-08-07'),(84,67,1122,'2017-08-07'),(85,67,1123,'2017-08-07'),(86,68,1124,'2017-08-07'),(87,68,1125,'2017-08-07'),(88,68,1126,'2017-08-07'),(89,69,1127,'2017-08-07'),(90,69,1128,'2017-08-07'),(91,69,1129,'2017-08-07'),(92,70,1130,'2017-08-07'),(93,70,1131,'2017-08-07'),(94,70,1132,'2017-08-07'),(95,71,1133,'2017-08-07'),(96,71,1134,'2017-08-07'),(97,71,1135,'2017-08-07'),(98,72,1136,'2017-08-07'),(99,72,1137,'2017-08-07'),(100,72,1138,'2017-08-07'),(101,73,1139,'2017-08-07'),(102,73,1140,'2017-08-07'),(103,73,1141,'2017-08-07'),(104,74,1142,'2017-08-07'),(105,74,1143,'2017-08-07'),(106,74,1144,'2017-08-07'),(107,75,1145,'2017-08-07'),(108,75,1146,'2017-08-07'),(109,75,1147,'2017-08-07'),(110,76,1148,'2017-08-07'),(111,76,1149,'2017-08-07'),(112,76,1150,'2017-08-07'),(113,77,1151,'2017-08-07'),(114,77,1152,'2017-08-07'),(115,78,1153,'2017-08-07'),(116,78,1154,'2017-08-07'),(117,78,1155,'2017-08-07'),(118,79,1156,'2017-08-07'),(119,79,1157,'2017-08-14'),(120,80,1158,'2017-08-07'),(121,80,1159,'2017-08-07'),(122,80,1160,'2017-08-07'),(123,81,1161,'2017-08-07'),(124,81,1162,'2017-08-07'),(125,82,1163,'2017-08-07'),(126,82,1164,'2017-08-07'),(127,83,1165,'2017-08-07'),(128,83,1166,'2017-08-07'),(129,84,1167,'2017-08-07'),(130,84,1168,'2017-08-07'),(131,85,1169,'2017-08-07'),(132,85,1170,'2017-08-07'),(133,86,1171,'2017-08-07'),(134,86,1172,'2017-08-07'),(135,86,1173,'2017-08-07'),(136,87,1174,'2017-08-07'),(137,87,1175,'2017-08-07'),(138,87,1176,'2017-08-07'),(139,88,1177,'2017-08-07'),(140,88,1178,'2017-08-07'),(141,88,1179,'2017-08-07'),(142,89,1180,'2017-08-07'),(143,986,1181,'2017-08-22'),(144,90,1182,'2017-08-07'),(145,90,1183,'2017-08-07'),(146,91,1184,'2017-08-07'),(147,91,1185,'2017-08-14'),(148,92,1186,'2017-08-07'),(149,92,1187,'2017-08-07'),(150,93,1188,'2017-08-07'),(151,93,1189,'2017-08-07'),(152,94,1190,'2017-08-07'),(153,94,1191,'2017-08-07'),(154,95,1192,'2017-08-07'),(155,95,1193,'2017-08-07'),(156,96,1194,'2017-08-07'),(157,96,1195,'2017-08-07'),(158,97,1196,'2017-08-07'),(159,97,1197,'2017-08-07'),(160,98,1198,'2017-08-07'),(161,98,1199,'2017-08-07'),(162,99,1200,'2017-08-07'),(163,99,1201,'2017-08-07'),(164,100,1202,'2017-08-07'),(165,100,1203,'2017-08-07'),(166,101,1204,'2017-08-07'),(167,101,1205,'2017-08-07'),(168,102,1206,'2017-08-07'),(169,102,1207,'2017-08-07'),(170,103,1208,'2017-08-07'),(171,103,1209,'2017-08-07'),(172,104,1210,'2017-08-07'),(173,104,1211,'2017-08-07'),(174,105,1212,'2017-08-07'),(175,105,1213,'2017-08-07'),(176,106,1214,'2017-08-07'),(177,106,1215,'2017-08-07'),(178,107,1216,'2017-08-07'),(179,107,1217,'2017-08-07'),(180,108,1218,'2017-08-07'),(181,108,1219,'2017-08-07'),(182,108,1220,'2017-08-07'),(183,179,1221,'2017-08-15'),(184,179,1222,'2017-08-15'),(185,38,1223,'2017-08-21'),(186,110,1224,'2017-08-07'),(187,110,1225,'2017-08-07'),(188,110,1226,'2017-08-07'),(189,111,1227,'2017-08-07'),(190,111,1228,'2017-08-07'),(191,112,1229,'2017-08-07'),(192,112,1230,'2017-08-07'),(193,112,1231,'2017-08-07'),(194,113,1232,'2017-08-07'),(195,66,1233,'2017-08-14'),(196,113,1234,'2017-08-07'),(197,114,1235,'2017-08-07'),(198,114,1236,'2017-08-07'),(199,115,1237,'2017-08-07'),(200,115,1238,'2017-08-07'),(201,115,1239,'2017-08-07'),(202,116,1240,'2017-08-07'),(203,116,1241,'2017-08-07'),(204,117,1242,'2017-08-07'),(205,117,1243,'2017-08-07'),(206,117,1244,'2017-08-07'),(207,118,1245,'2017-08-07'),(208,118,1246,'2017-08-07'),(209,118,1247,'2017-08-07'),(210,119,1248,'2017-08-07'),(211,119,1249,'2017-08-07'),(212,119,1250,'2017-08-07'),(213,120,1251,'2017-08-07'),(214,120,1252,'2017-08-07'),(215,120,1253,'2017-08-07'),(216,121,1254,'2017-08-07'),(217,121,1255,'2017-08-07'),(218,121,1256,'2017-08-07'),(219,122,1257,'2017-08-07'),(220,122,1258,'2017-08-07'),(221,122,1259,'2017-08-07'),(222,123,1260,'2017-08-07'),(223,123,1261,'2017-08-07'),(224,123,1262,'2017-08-07'),(225,124,1263,'2017-08-07'),(226,124,1264,'2017-08-07'),(227,124,1265,'2017-08-07'),(228,126,1266,'2017-08-07'),(229,126,1267,'2017-08-07'),(230,126,1268,'2017-08-07'),(231,127,1269,'2017-08-07'),(232,127,1270,'2017-08-07'),(233,127,1271,'2017-08-07'),(234,128,1272,'2017-08-07'),(235,128,1273,'2017-08-07'),(236,128,1274,'2017-08-07'),(237,129,1275,'2017-08-07'),(238,129,1276,'2017-08-07'),(239,129,1277,'2017-08-07'),(240,130,1278,'2017-08-07'),(241,130,1279,'2017-08-07'),(242,130,1280,'2017-08-07'),(243,131,1281,'2017-08-07'),(244,131,1282,'2017-08-07'),(245,132,1283,'2017-08-07'),(246,132,1284,'2017-08-07'),(247,132,1285,'2017-08-07'),(248,133,1286,'2017-08-07'),(249,133,1287,'2017-08-07'),(250,133,1288,'2017-08-07'),(251,134,1289,'2017-08-07'),(252,134,1290,'2017-08-07'),(253,134,1291,'2017-08-07'),(254,135,1292,'2017-08-07'),(255,135,1293,'2017-08-07'),(256,135,1294,'2017-08-07'),(257,136,1295,'2017-08-07'),(258,136,1296,'2017-08-07'),(259,136,1297,'2017-08-07'),(260,137,1298,'2017-08-07'),(261,137,1299,'2017-08-07'),(262,137,1300,'2017-08-07'),(263,138,1301,'2017-08-07'),(264,138,1302,'2017-08-07'),(265,138,1303,'2017-08-07'),(266,139,1304,'2017-08-07'),(267,139,1305,'2017-08-07'),(268,139,1306,'2017-08-07'),(269,140,1307,'2017-08-07'),(270,140,1308,'2017-08-07'),(271,140,1309,'2017-08-07'),(272,141,1310,'2017-08-07'),(273,141,1311,'2017-08-07'),(274,141,1312,'2017-08-07'),(275,142,1313,'2017-08-07'),(276,142,1314,'2017-08-07'),(277,142,1315,'2017-08-07'),(278,143,1316,'2017-08-07'),(279,143,1317,'2017-08-07'),(280,143,1318,'2017-08-07'),(281,144,1319,'2017-08-07'),(282,144,1320,'2017-08-07'),(283,144,1321,'2017-08-07'),(284,150,1332,'2017-08-07'),(285,150,1333,'2017-08-07'),(286,151,1334,'2017-08-07'),(287,151,1335,'2017-08-07'),(288,152,1336,'2017-08-07'),(289,152,1337,'2017-08-07'),(290,152,1338,'2017-08-07'),(291,153,1339,'2017-08-07'),(292,153,1340,'2017-08-07'),(293,153,1341,'2017-08-07'),(294,154,1342,'2017-08-07'),(295,154,1343,'2017-08-07'),(296,154,1344,'2017-08-07'),(297,155,1345,'2017-08-07'),(298,155,1346,'2017-08-07'),(299,155,1347,'2017-08-07'),(300,156,1348,'2017-08-07'),(301,156,1349,'2017-08-07'),(302,156,1350,'2017-08-07'),(303,157,1351,'2017-08-07'),(304,157,1352,'2017-08-07'),(305,158,1353,'2017-08-07'),(306,158,1354,'2017-08-07'),(307,159,1355,'2017-08-07'),(308,159,1356,'2017-08-07'),(309,160,1357,'2017-08-07'),(310,160,1358,'2017-08-07'),(311,160,1359,'2017-08-07'),(312,161,1360,'2017-08-07'),(313,161,1361,'2017-08-07'),(314,161,1362,'2017-08-07'),(315,162,1363,'2017-08-07'),(316,162,1364,'2017-08-07'),(317,162,1365,'2017-08-07'),(318,163,1366,'2017-08-07'),(319,163,1367,'2017-08-07'),(320,163,1368,'2017-08-07'),(321,164,1369,'2017-08-07'),(322,164,1370,'2017-08-07'),(323,164,1371,'2017-08-07'),(324,165,1372,'2017-08-07'),(325,165,1373,'2017-08-07'),(326,165,1374,'2017-08-07'),(327,166,1375,'2017-08-07'),(328,166,1376,'2017-08-07'),(329,166,1377,'2017-08-07'),(330,167,1378,'2017-08-07'),(331,167,1379,'2017-08-07'),(332,167,1380,'2017-08-07'),(333,168,1381,'2017-08-07'),(334,168,1382,'2017-08-07'),(335,168,1383,'2017-08-07'),(336,169,1384,'2017-08-07'),(337,169,1385,'2017-08-07'),(338,170,1386,'2017-08-07'),(339,170,1387,'2017-08-07'),(340,171,1388,'2017-08-07'),(341,171,1389,'2017-08-07'),(342,171,1390,'2017-08-07'),(343,172,1391,'2017-08-07'),(344,172,1392,'2017-08-07'),(345,172,1393,'2017-08-07'),(346,173,1394,'2017-08-07'),(347,173,1395,'2017-08-07'),(348,173,1396,'2017-08-07'),(349,174,1397,'2017-08-07'),(350,174,1398,'2017-08-07'),(351,174,1399,'2017-08-07'),(352,175,1400,'2017-08-15'),(353,175,1401,'2017-08-07'),(354,175,1402,'2017-08-07'),(355,176,1403,'2017-08-14'),(356,176,1404,'2017-08-07'),(357,176,1405,'2017-08-07'),(358,177,1406,'2017-08-07'),(359,177,1407,'2017-08-07'),(360,177,1408,'2017-08-07'),(361,178,1409,'2017-08-07'),(362,178,1410,'2017-08-07'),(363,178,1411,'2017-08-07'),(364,66,1412,'2017-08-15'),(365,113,1413,'2017-08-14'),(366,179,1414,'2017-08-07'),(367,180,1415,'2017-08-07'),(368,180,1416,'2017-08-07'),(369,180,1417,'2017-08-07'),(370,181,1418,'2017-08-07'),(371,181,1419,'2017-08-07'),(372,181,1420,'2017-08-07'),(373,182,1421,'2017-08-07'),(374,182,1422,'2017-08-07'),(375,182,1423,'2017-08-07'),(376,183,1424,'2017-08-07'),(377,183,1425,'2017-08-07'),(378,183,1426,'2017-08-07'),(379,184,1427,'2017-08-07'),(380,184,1428,'2017-08-07'),(381,184,1429,'2017-08-07'),(382,185,1430,'2017-08-07'),(383,185,1431,'2017-08-07'),(384,185,1432,'2017-08-07'),(385,186,1433,'2017-08-07'),(386,186,1434,'2017-08-07'),(387,186,1435,'2017-08-07'),(388,187,1436,'2017-08-07'),(389,187,1437,'2017-08-07'),(390,187,1438,'2017-08-07'),(391,188,1439,'2017-08-07'),(392,188,1440,'2017-08-07'),(393,188,1441,'2017-08-07'),(394,189,1442,'2017-08-07'),(395,189,1443,'2017-08-07'),(396,189,1444,'2017-08-07'),(397,190,1445,'2017-08-07'),(398,190,1446,'2017-08-07'),(399,190,1447,'2017-08-07'),(400,191,1448,'2017-08-07'),(401,191,1449,'2017-08-07'),(402,191,1450,'2017-08-07'),(403,192,1451,'2017-08-07'),(404,200,1452,'2017-08-16'),(405,192,1453,'2017-08-07'),(406,193,1454,'2017-08-07'),(407,193,1455,'2017-08-07'),(408,193,1456,'2017-08-07'),(409,194,1457,'2017-08-07'),(410,194,1458,'2017-08-07'),(411,194,1459,'2017-08-07'),(412,195,1460,'2017-08-07'),(413,195,1461,'2017-08-07'),(414,195,1462,'2017-08-07'),(415,196,1463,'2017-08-07'),(416,196,1464,'2017-08-07'),(417,196,1465,'2017-08-07'),(418,197,1466,'2017-08-07'),(419,197,1467,'2017-08-07'),(420,198,1468,'2017-08-07'),(421,198,1469,'2017-08-07'),(422,199,1470,'2017-08-07'),(423,199,1471,'2017-08-07'),(424,200,1472,'2017-08-16'),(425,192,1473,'2017-08-16'),(426,200,1474,'2017-08-07'),(427,201,1475,'2017-08-07'),(428,201,1476,'2017-08-07'),(429,201,1477,'2017-08-07'),(430,202,1478,'2017-08-07'),(431,202,1479,'2017-08-07'),(432,202,1480,'2017-08-07'),(433,203,1481,'2017-08-07'),(434,203,1482,'2017-08-07'),(435,203,1483,'2017-08-07'),(436,204,1484,'2017-08-07'),(437,204,1485,'2017-08-07'),(438,204,1486,'2017-08-07'),(439,205,1487,'2017-08-07'),(440,205,1488,'2017-08-07'),(441,205,1489,'2017-08-07'),(442,206,1490,'2017-08-07'),(443,206,1491,'2017-08-14'),(444,206,1492,'2017-08-07'),(445,207,1493,'2017-08-07'),(446,207,1494,'2017-08-07'),(447,207,1495,'2017-08-07'),(448,208,1496,'2017-08-07'),(449,208,1497,'2017-08-07'),(450,208,1498,'2017-08-07'),(451,209,1499,'2017-08-07'),(452,209,1500,'2017-08-07'),(453,209,1501,'2017-08-07'),(454,210,1502,'2017-08-07'),(455,210,1503,'2017-08-07'),(456,210,1504,'2017-08-07'),(457,211,1505,'2017-08-07'),(458,211,1506,'2017-08-07'),(459,212,1507,'2017-08-07'),(460,212,1508,'2017-08-07'),(461,213,1509,'2017-08-07'),(462,213,1510,'2017-08-07'),(463,213,1511,'2017-08-07'),(464,214,1512,'2017-08-07'),(465,214,1513,'2017-08-07'),(466,214,1514,'2017-08-07'),(467,215,1515,'2017-08-07'),(468,215,1516,'2017-08-07'),(469,215,1517,'2017-08-07'),(470,216,1518,'2017-08-07'),(471,216,1519,'2017-08-07'),(472,216,1520,'2017-08-07'),(473,217,1521,'2017-08-07'),(474,217,1522,'2017-08-07'),(475,217,1523,'2017-08-07'),(476,218,1524,'2017-08-07'),(477,218,1525,'2017-08-07'),(478,219,1526,'2017-08-07'),(479,219,1527,'2017-08-07'),(480,220,1528,'2017-08-07'),(481,220,1529,'2017-08-07'),(482,221,1530,'2017-08-07'),(483,221,1531,'2017-08-07'),(484,222,1532,'2017-08-07'),(485,222,1533,'2017-08-07'),(486,223,1534,'2017-08-07'),(487,223,1535,'2017-08-07'),(488,224,1536,'2017-08-07'),(489,224,1537,'2017-08-07'),(490,224,1538,'2017-08-07'),(491,225,1539,'2017-08-07'),(492,225,1540,'2017-08-07'),(493,225,1541,'2017-08-07'),(494,226,1542,'2017-08-07'),(495,226,1543,'2017-08-07'),(496,226,1544,'2017-08-07'),(497,227,1545,'2017-08-07'),(498,227,1546,'2017-08-07'),(499,227,1547,'2017-08-07'),(500,228,1548,'2017-08-07'),(501,228,1549,'2017-08-07'),(502,228,1550,'2017-08-07'),(503,229,1551,'2017-08-07'),(504,229,1552,'2017-08-07'),(505,229,1553,'2017-08-07'),(506,230,1554,'2017-08-07'),(507,230,1555,'2017-08-07'),(508,230,1556,'2017-08-07'),(509,231,1557,'2017-08-07'),(510,231,1558,'2017-08-07'),(511,231,1559,'2017-08-07'),(512,232,1560,'2017-08-07'),(513,232,1561,'2017-08-07'),(514,232,1562,'2017-08-07'),(515,233,1563,'2017-08-07'),(516,233,1564,'2017-08-07'),(517,233,1565,'2017-08-07'),(518,234,1566,'2017-08-07'),(519,234,1567,'2017-08-07'),(520,234,1568,'2017-08-07'),(521,145,1322,'2017-08-07'),(522,145,1323,'2017-08-07'),(523,146,1324,'2017-08-07'),(524,146,1325,'2017-08-07'),(525,147,1326,'2017-08-07'),(526,147,1327,'2017-08-07'),(527,148,1328,'2017-08-07'),(528,148,1329,'2017-08-07'),(529,149,1330,'2017-08-07'),(530,149,1331,'2017-08-07'),(531,235,1569,'2017-08-07'),(532,235,1570,'2017-08-07'),(533,236,1571,'2017-08-07'),(534,236,1572,'2017-08-07'),(535,237,1573,'2017-08-07'),(536,237,1574,'2017-08-07'),(537,238,1575,'2017-08-07'),(538,238,1576,'2017-08-07'),(539,239,1577,'2017-08-07'),(540,239,1578,'2017-08-07'),(541,240,1579,'2017-08-07'),(542,240,1580,'2017-08-07'),(543,241,1581,'2017-08-07'),(544,241,1582,'2017-08-07'),(545,242,1583,'2017-08-07'),(546,242,1584,'2017-08-07'),(547,243,1585,'2017-08-07'),(548,243,1586,'2017-08-07'),(549,244,1587,'2017-08-07'),(550,244,1588,'2017-08-07'),(551,245,1589,'2017-08-07'),(552,245,1590,'2017-08-07'),(553,246,1591,'2017-08-07'),(554,246,1592,'2017-08-07'),(555,247,1593,'2017-08-07'),(556,256,1594,'2017-08-14'),(557,248,1595,'2017-08-07'),(558,248,1596,'2017-08-07'),(559,249,1597,'2017-08-07'),(560,249,1598,'2017-08-07'),(561,250,1599,'2017-08-07'),(562,250,1600,'2017-08-14'),(563,251,1601,'2017-08-07'),(564,251,1602,'2017-08-07'),(565,252,1603,'2017-08-07'),(566,252,1604,'2017-08-07'),(567,253,1605,'2017-08-07'),(568,253,1606,'2017-08-07'),(569,254,1607,'2017-08-07'),(570,254,1608,'2017-08-07'),(571,255,1609,'2017-08-07'),(572,255,1610,'2017-08-07'),(573,256,1611,'2017-08-07'),(574,247,1612,'2017-08-14'),(575,257,1613,'2017-08-07'),(576,257,1614,'2017-08-07'),(577,257,1615,'2017-08-07'),(578,258,1616,'2017-08-07'),(579,258,1617,'2017-08-07'),(580,259,1618,'2017-08-07'),(581,259,1619,'2017-08-07'),(582,260,1620,'2017-08-07'),(583,260,1621,'2017-08-07'),(584,986,1622,'2017-08-14'),(585,261,1623,'2017-08-07'),(586,262,1624,'2017-08-07'),(587,262,1625,'2017-08-07'),(588,263,1626,'2017-08-07'),(589,263,1627,'2017-08-07'),(590,264,1628,'2017-08-07'),(591,264,1629,'2017-08-07'),(592,265,1630,'2017-08-07'),(593,265,1631,'2017-08-07'),(594,986,1632,'2017-08-14'),(595,266,1633,'2017-08-14'),(596,267,1634,'2017-08-07'),(597,267,1635,'2017-08-07'),(598,268,1636,'2017-08-07'),(599,268,1637,'2017-08-07'),(600,269,1638,'2017-08-07'),(601,269,1639,'2017-08-07'),(602,270,1640,'2017-08-07'),(603,270,1641,'2017-08-07'),(604,986,1642,'2017-08-14'),(605,271,1643,'2017-08-07'),(606,272,1644,'2017-08-07'),(607,272,1645,'2017-08-07'),(608,273,1646,'2017-08-07'),(609,273,1647,'2017-08-14'),(610,274,1648,'2017-08-07'),(611,274,1649,'2017-08-07'),(612,275,1650,'2017-08-07'),(613,275,1651,'2017-08-07'),(614,276,1652,'2017-08-07'),(615,276,1653,'2017-08-07'),(616,277,1654,'2017-08-07'),(617,277,1655,'2017-08-07'),(618,278,1656,'2017-08-07'),(619,278,1657,'2017-08-07'),(620,279,1658,'2017-08-07'),(621,279,1659,'2017-08-07'),(622,280,1660,'2017-08-07'),(623,280,1661,'2017-08-07'),(624,281,1662,'2017-08-07'),(625,281,1663,'2017-08-07'),(626,282,1664,'2017-08-16'),(627,282,1665,'2017-08-07'),(628,283,1666,'2017-08-07'),(629,283,1667,'2017-08-07'),(630,284,1668,'2017-08-07'),(631,284,1669,'2017-08-07'),(632,285,1670,'2017-08-07'),(633,285,1671,'2017-08-07'),(634,286,1672,'2017-08-07'),(635,286,1673,'2017-08-07'),(636,287,1674,'2017-08-07'),(637,287,1675,'2017-08-07'),(638,287,1676,'2017-08-07'),(639,288,1677,'2017-08-07'),(640,288,1678,'2017-08-07'),(641,289,1679,'2017-08-07'),(642,289,1680,'2017-08-07'),(643,290,1681,'2017-08-07'),(644,290,1682,'2017-08-07'),(645,290,1683,'2017-08-07'),(646,291,1684,'2017-08-07'),(647,291,1685,'2017-08-07'),(648,292,1686,'2017-08-07'),(649,292,1687,'2017-08-07'),(650,293,1688,'2017-08-07'),(651,293,1689,'2017-08-07'),(652,294,1690,'2017-08-07'),(653,294,1691,'2017-08-07'),(654,295,1692,'2017-08-07'),(655,295,1693,'2017-08-07'),(656,296,1694,'2017-08-07'),(657,296,1695,'2017-08-07'),(658,297,1696,'2017-08-07'),(659,297,1697,'2017-08-07'),(660,298,1698,'2017-08-07'),(661,298,1699,'2017-08-07'),(662,299,1700,'2017-08-07'),(663,299,1701,'2017-08-07'),(664,300,1702,'2017-08-07'),(665,300,1703,'2017-08-07'),(666,301,1704,'2017-08-07'),(667,301,1705,'2017-08-07'),(668,302,1706,'2017-08-07'),(669,302,1707,'2017-08-07'),(670,303,1708,'2017-08-07'),(671,303,1709,'2017-08-07'),(672,304,1710,'2017-08-07'),(673,304,1711,'2017-08-07'),(674,305,1712,'2017-08-07'),(675,305,1713,'2017-08-07'),(676,306,1714,'2017-08-07'),(677,306,1715,'2017-08-07'),(678,307,1716,'2017-08-07'),(679,307,1717,'2017-08-07'),(680,308,1718,'2017-08-07'),(681,308,1719,'2017-08-07'),(682,309,1720,'2017-08-07'),(683,309,1721,'2017-08-07'),(684,309,1722,'2017-08-07'),(685,310,1723,'2017-08-07'),(686,310,1724,'2017-08-07'),(687,311,1725,'2017-08-07'),(688,311,1726,'2017-08-07'),(689,312,1727,'2017-08-07'),(690,312,1728,'2017-08-07'),(691,313,1729,'2017-08-07'),(692,313,1730,'2017-08-07'),(693,314,1731,'2017-08-07'),(694,314,1732,'2017-08-07'),(695,315,1733,'2017-08-07'),(696,315,1734,'2017-08-07'),(697,316,1735,'2017-08-07'),(698,316,1736,'2017-08-07'),(699,317,1737,'2017-08-07'),(700,317,1738,'2017-08-07'),(701,318,1739,'2017-08-07'),(702,318,1740,'2017-08-07'),(703,319,1741,'2017-08-07'),(704,319,1742,'2017-08-07'),(705,320,1743,'2017-08-07'),(706,320,1744,'2017-08-07'),(707,321,1745,'2017-08-16'),(708,321,1746,'2017-08-07'),(709,322,1747,'2017-08-07'),(710,322,1748,'2017-08-07'),(711,323,1749,'2017-08-07'),(712,323,1750,'2017-08-07'),(713,324,1751,'2017-08-07'),(714,324,1752,'2017-08-07'),(715,325,1753,'2017-08-07'),(716,325,1754,'2017-08-07'),(717,326,1755,'2017-08-07'),(718,326,1756,'2017-08-07'),(719,327,1757,'2017-08-07'),(720,327,1758,'2017-08-07'),(721,328,1759,'2017-08-07'),(722,328,1760,'2017-08-07'),(723,329,1761,'2017-08-07'),(724,329,1762,'2017-08-07'),(725,330,1763,'2017-08-07'),(726,330,1764,'2017-08-07'),(727,331,1765,'2017-08-07'),(728,331,1766,'2017-08-07'),(729,332,1767,'2017-08-07'),(730,332,1768,'2017-08-07'),(731,333,1769,'2017-08-07'),(732,333,1770,'2017-08-07'),(733,334,1771,'2017-08-07'),(734,334,1772,'2017-08-07'),(735,335,1773,'2017-08-07'),(736,335,1774,'2017-08-07'),(737,336,1775,'2017-08-07'),(738,336,1776,'2017-08-07'),(739,337,1777,'2017-08-07'),(740,337,1778,'2017-08-07'),(741,338,1779,'2017-08-07'),(742,338,1780,'2017-08-07'),(743,339,1781,'2017-08-07'),(744,339,1782,'2017-08-07'),(745,340,1783,'2017-08-07'),(746,340,1784,'2017-08-07'),(747,341,1785,'2017-08-07'),(748,341,1786,'2017-08-07'),(749,342,1787,'2017-08-07'),(750,342,1788,'2017-08-07'),(751,343,1789,'2017-08-07'),(752,343,1790,'2017-08-07'),(753,344,1791,'2017-08-07'),(754,344,1792,'2017-08-22'),(755,345,1793,'2017-08-07'),(756,345,1794,'2017-08-07'),(757,346,1795,'2017-08-07'),(758,346,1796,'2017-08-07'),(759,347,1797,'2017-08-07'),(760,347,1798,'2017-08-07'),(761,348,1799,'2017-08-07'),(762,348,1800,'2017-08-07'),(763,349,1801,'2017-08-07'),(764,349,1802,'2017-08-07'),(765,350,1803,'2017-08-07'),(766,350,1804,'2017-08-07'),(767,351,1805,'2017-08-07'),(768,351,1806,'2017-08-22'),(769,352,1807,'2017-08-07'),(770,352,1808,'2017-08-07'),(771,353,1809,'2017-08-07'),(772,353,1810,'2017-08-22'),(773,354,1811,'2017-08-07'),(774,354,1812,'2017-08-07'),(775,355,1813,'2017-08-07'),(776,355,1814,'2017-08-22'),(777,356,1815,'2017-08-07'),(778,507,1816,'2017-08-22'),(779,357,1817,'2017-08-07'),(780,357,1818,'2017-08-22'),(781,358,1819,'2017-08-07'),(782,358,1820,'2017-08-07'),(783,359,1821,'2017-08-07'),(784,359,1822,'2017-08-07'),(785,360,1823,'2017-08-07'),(786,360,1824,'2017-08-07'),(787,361,1825,'2017-08-22'),(788,361,1826,'2017-08-07'),(789,362,1827,'2017-08-07'),(790,362,1828,'2017-08-07'),(791,363,1829,'2017-08-07'),(792,363,1830,'2017-08-07'),(793,364,1831,'2017-08-07'),(794,364,1832,'2017-08-07'),(795,365,1833,'2017-08-07'),(796,365,1834,'2017-08-07'),(797,366,1835,'2017-08-07'),(798,366,1836,'2017-08-07'),(799,367,1837,'2017-08-07'),(800,367,1838,'2017-08-07'),(801,368,1839,'2017-08-07'),(802,368,1840,'2017-08-07'),(803,369,1841,'2017-08-07'),(804,369,1842,'2017-08-22'),(805,370,1843,'2017-08-07'),(806,370,1844,'2017-08-07'),(807,371,1845,'2017-08-07'),(808,371,1846,'2017-08-07'),(809,372,1847,'2017-08-07'),(810,372,1848,'2017-08-07'),(811,373,1849,'2017-08-07'),(812,373,1850,'2017-08-07'),(813,374,1851,'2017-08-22'),(814,495,1852,'2017-08-22'),(815,375,1853,'2017-08-07'),(816,375,1854,'2017-08-07'),(817,376,1855,'2017-08-07'),(818,963,1856,'2017-08-19'),(819,377,1857,'2017-08-22'),(820,377,1858,'2017-08-07'),(821,378,1859,'2017-08-07'),(822,378,1860,'2017-08-07'),(823,379,1861,'2017-08-22'),(824,379,1862,'2017-08-07'),(825,380,1863,'2017-08-07'),(826,380,1864,'2017-08-07'),(827,381,1865,'2017-08-07'),(828,381,1866,'2017-08-07'),(829,382,1867,'2017-08-07'),(830,382,1868,'2017-08-07'),(831,383,1869,'2017-08-07'),(832,383,1870,'2017-08-07'),(833,384,1871,'2017-08-07'),(834,384,1872,'2017-08-07'),(835,385,1873,'2017-08-07'),(836,385,1874,'2017-08-22'),(837,386,1875,'2017-08-07'),(838,386,1876,'2017-08-07'),(839,388,1877,'2017-08-14'),(840,387,1878,'2017-08-22'),(841,387,1879,'2017-08-14'),(842,388,1880,'2017-08-14'),(843,389,1881,'2017-08-07'),(844,389,1882,'2017-08-07'),(845,390,1883,'2017-08-07'),(846,390,1884,'2017-08-07'),(847,391,1885,'2017-08-07'),(848,391,1886,'2017-08-07'),(849,392,1887,'2017-08-07'),(850,392,1888,'2017-08-07'),(851,393,1889,'2017-08-07'),(852,393,1890,'2017-08-07'),(853,394,1891,'2017-08-07'),(854,394,1892,'2017-08-07'),(855,395,1893,'2017-08-07'),(856,395,1894,'2017-08-07'),(857,396,1895,'2017-08-07'),(858,396,1896,'2017-08-07'),(859,397,1897,'2017-08-07'),(860,397,1898,'2017-08-07'),(861,398,1899,'2017-08-07'),(862,398,1900,'2017-08-07'),(863,399,1901,'2017-08-07'),(864,399,1902,'2017-08-07'),(865,400,1903,'2017-08-07'),(866,400,1904,'2017-08-07'),(867,401,1905,'2017-08-07'),(868,401,1906,'2017-08-07'),(869,402,1907,'2017-08-07'),(870,402,1908,'2017-08-07'),(871,403,1909,'2017-08-07'),(872,403,1910,'2017-08-07'),(873,404,1911,'2017-08-07'),(874,404,1912,'2017-08-07'),(875,405,1913,'2017-08-07'),(876,405,1914,'2017-08-07'),(877,406,1915,'2017-08-07'),(878,406,1916,'2017-08-07'),(879,407,1917,'2017-08-07'),(880,407,1918,'2017-08-07'),(881,408,1919,'2017-08-07'),(882,408,1920,'2017-08-22'),(883,409,1921,'2017-08-07'),(884,409,1922,'2017-08-07'),(885,410,1923,'2017-08-07'),(886,410,1924,'2017-08-07'),(887,411,1925,'2017-08-07'),(888,411,1926,'2017-08-07'),(889,412,1927,'2017-08-07'),(890,412,1928,'2017-08-07'),(891,413,1929,'2017-08-07'),(892,413,1930,'2017-08-07'),(893,414,1931,'2017-08-07'),(894,414,1932,'2017-08-07'),(895,415,1933,'2017-08-07'),(896,415,1934,'2017-08-07'),(897,416,1935,'2017-08-07'),(898,416,1936,'2017-08-07'),(899,417,1937,'2017-08-07'),(900,417,1938,'2017-08-07'),(901,418,1939,'2017-08-07'),(902,418,1940,'2017-08-07'),(903,419,1941,'2017-08-07'),(904,419,1942,'2017-08-07'),(905,420,1943,'2017-08-07'),(906,420,1944,'2017-08-22'),(907,421,1945,'2017-08-07'),(908,421,1946,'2017-08-07'),(909,422,1947,'2017-08-07'),(910,422,1948,'2017-08-07'),(911,423,1949,'2017-08-07'),(912,423,1950,'2017-08-07'),(913,424,1951,'2017-08-22'),(914,424,1952,'2017-08-07'),(915,425,1953,'2017-08-07'),(916,425,1954,'2017-08-07'),(917,426,1955,'2017-08-07'),(918,426,1956,'2017-08-07'),(919,427,1957,'2017-08-07'),(920,427,1958,'2017-08-22'),(921,428,1959,'2017-08-07'),(922,428,1960,'2017-08-07'),(923,429,1961,'2017-08-07'),(924,429,1962,'2017-08-07'),(925,430,1963,'2017-08-07'),(926,486,1964,'2017-08-22'),(927,431,1965,'2017-08-07'),(928,431,1966,'2017-08-07'),(929,432,1967,'2017-08-07'),(930,432,1968,'2017-08-07'),(931,433,1969,'2017-08-07'),(932,433,1970,'2017-08-07'),(933,434,1971,'2017-08-07'),(934,434,1972,'2017-08-07'),(935,435,1973,'2017-08-07'),(936,435,1974,'2017-08-07'),(937,436,1975,'2017-08-07'),(938,436,1976,'2017-08-07'),(939,437,1977,'2017-08-07'),(940,437,1978,'2017-08-07'),(941,438,1979,'2017-08-07'),(942,438,1980,'2017-08-07'),(943,439,1981,'2017-08-07'),(944,439,1982,'2017-08-07'),(945,440,1983,'2017-08-07'),(946,440,1984,'2017-08-07'),(947,441,1985,'2017-08-07'),(948,441,1986,'2017-08-22'),(949,442,1987,'2017-08-07'),(950,442,1988,'2017-08-07'),(951,443,1989,'2017-08-07'),(952,443,1990,'2017-08-07'),(953,444,1991,'2017-08-07'),(954,444,1992,'2017-08-22'),(955,445,1993,'2017-08-07'),(956,445,1994,'2017-08-07'),(957,446,1995,'2017-08-07'),(958,446,1996,'2017-08-07'),(959,447,1997,'2017-08-07'),(960,447,1998,'2017-08-07'),(961,448,1999,'2017-08-07'),(962,448,2000,'2017-08-07'),(963,449,2001,'2017-08-07'),(964,449,2002,'2017-08-07'),(965,450,2003,'2017-08-07'),(966,450,2004,'2017-08-07'),(967,451,2005,'2017-08-07'),(968,451,2006,'2017-08-07'),(969,452,2007,'2017-08-07'),(970,452,2008,'2017-08-07'),(971,453,2009,'2017-08-07'),(972,453,2010,'2017-08-07'),(973,462,2011,'2017-08-22'),(974,454,2012,'2017-08-07'),(975,455,2013,'2017-08-07'),(976,455,2014,'2017-08-07'),(977,456,2015,'2017-08-07'),(978,456,2016,'2017-08-07'),(979,457,2017,'2017-08-07'),(980,457,2018,'2017-08-07'),(981,458,2019,'2017-08-07'),(982,458,2020,'2017-08-07'),(983,459,2021,'2017-08-07'),(984,459,2022,'2017-08-07'),(985,460,2023,'2017-08-07'),(986,460,2024,'2017-08-22'),(987,461,2025,'2017-08-07'),(988,461,2026,'2017-08-07'),(989,463,2027,'2017-08-22'),(990,462,2028,'2017-08-07'),(991,464,2029,'2017-08-22'),(992,463,2030,'2017-08-07'),(993,454,2031,'2017-08-22'),(994,464,2032,'2017-08-07'),(995,465,2033,'2017-08-07'),(996,465,2034,'2017-08-07'),(997,466,2035,'2017-08-07'),(998,466,2036,'2017-08-07'),(999,467,2037,'2017-08-16'),(1000,467,2038,'2017-08-07'),(1001,468,2039,'2017-08-07'),(1002,468,2040,'2017-08-07'),(1003,469,2041,'2017-08-07'),(1004,469,2042,'2017-08-07'),(1005,470,2043,'2017-08-07'),(1006,470,2044,'2017-08-07'),(1007,471,2045,'2017-08-07'),(1008,479,2046,'2017-08-22'),(1009,473,2047,'2017-08-15'),(1010,472,2048,'2017-08-07'),(1011,472,2049,'2017-08-22'),(1012,473,2050,'2017-08-07'),(1013,474,2051,'2017-08-07'),(1014,474,2052,'2017-08-15'),(1015,475,2053,'2017-08-07'),(1016,475,2054,'2017-08-07'),(1017,961,2055,'2017-08-19'),(1018,476,2056,'2017-08-07'),(1019,476,2057,'2017-08-22'),(1020,477,2058,'2017-08-07'),(1021,478,2059,'2017-08-07'),(1022,478,2060,'2017-08-14'),(1023,471,2061,'2017-08-22'),(1024,479,2062,'2017-08-07'),(1025,480,2063,'2017-08-07'),(1026,480,2064,'2017-08-07'),(1027,481,2065,'2017-08-07'),(1028,481,2066,'2017-08-07'),(1029,482,2067,'2017-08-07'),(1030,482,2068,'2017-08-07'),(1031,483,2069,'2017-08-22'),(1032,483,2070,'2017-08-07'),(1033,484,2071,'2017-08-07'),(1034,484,2072,'2017-08-07'),(1035,485,2073,'2017-08-07'),(1036,485,2074,'2017-08-07'),(1037,486,2075,'2017-08-07'),(1038,430,2076,'2017-08-22'),(1039,487,2077,'2017-08-07'),(1040,487,2078,'2017-08-22'),(1041,488,2079,'2017-08-07'),(1042,488,2080,'2017-08-14'),(1043,489,2081,'2017-08-07'),(1044,489,2082,'2017-08-07'),(1045,490,2083,'2017-08-07'),(1046,490,2084,'2017-08-07'),(1047,491,2085,'2017-08-07'),(1048,491,2086,'2017-08-07'),(1049,492,2087,'2017-08-07'),(1050,492,2088,'2017-08-07'),(1051,493,2089,'2017-08-07'),(1052,493,2090,'2017-08-07'),(1053,494,2091,'2017-08-07'),(1054,494,2092,'2017-08-07'),(1055,495,2093,'2017-08-07'),(1056,374,2094,'2017-08-22'),(1057,496,2095,'2017-08-07'),(1058,496,2096,'2017-08-07'),(1059,497,2097,'2017-08-07'),(1060,497,2098,'2017-08-07'),(1061,498,2099,'2017-08-07'),(1062,498,2100,'2017-08-07'),(1063,499,2101,'2017-08-07'),(1064,499,2102,'2017-08-07'),(1065,500,2103,'2017-08-07'),(1066,500,2104,'2017-08-07'),(1067,501,2105,'2017-08-07'),(1068,501,2106,'2017-08-07'),(1069,502,2107,'2017-08-07'),(1070,502,2108,'2017-08-07'),(1071,503,2109,'2017-08-07'),(1072,503,2110,'2017-08-07'),(1073,504,2111,'2017-08-07'),(1074,504,2112,'2017-08-07'),(1075,505,2113,'2017-08-07'),(1076,505,2114,'2017-08-07'),(1077,506,2115,'2017-08-07'),(1078,506,2116,'2017-08-07'),(1079,507,2117,'2017-08-07'),(1080,356,2118,'2017-08-22'),(1081,508,2119,'2017-08-07'),(1082,508,2120,'2017-08-07'),(1083,509,2121,'2017-08-07'),(1084,509,2122,'2017-08-07'),(1085,510,2123,'2017-08-07'),(1086,510,2124,'2017-08-07'),(1087,511,2125,'2017-08-07'),(1088,511,2126,'2017-08-07'),(1089,512,2127,'2017-08-07'),(1090,512,2128,'2017-08-07'),(1091,513,2129,'2017-08-07'),(1092,513,2130,'2017-08-07'),(1093,514,2131,'2017-08-07'),(1094,514,2132,'2017-08-07'),(1095,515,2133,'2017-08-07'),(1096,515,2134,'2017-08-07'),(1097,516,2135,'2017-08-16'),(1098,516,2136,'2017-08-07'),(1099,517,2137,'2017-08-07'),(1100,517,2138,'2017-08-07'),(1101,518,2139,'2017-08-07'),(1102,518,2140,'2017-08-07'),(1103,520,2141,'2017-08-16'),(1104,520,2142,'2017-08-16'),(1105,521,2143,'2017-08-07'),(1106,521,2144,'2017-08-07'),(1107,522,2145,'2017-08-07'),(1108,522,2146,'2017-08-07'),(1109,523,2147,'2017-08-07'),(1110,523,2148,'2017-08-07'),(1111,524,2149,'2017-08-07'),(1112,524,2150,'2017-08-07'),(1113,525,2151,'2017-08-07'),(1114,525,2152,'2017-08-07'),(1115,526,2153,'2017-08-07'),(1116,526,2154,'2017-08-07'),(1117,527,2155,'2017-08-07'),(1118,527,2156,'2017-08-07'),(1119,528,2157,'2017-08-07'),(1120,528,2158,'2017-08-07'),(1121,529,2159,'2017-08-07'),(1122,529,2160,'2017-08-07'),(1123,530,2161,'2017-08-07'),(1124,530,2162,'2017-08-07'),(1125,531,2163,'2017-08-07'),(1126,531,2164,'2017-08-07'),(1127,532,2165,'2017-08-07'),(1128,532,2166,'2017-08-07'),(1129,533,2167,'2017-08-07'),(1130,533,2168,'2017-08-07'),(1131,534,2169,'2017-08-07'),(1132,534,2170,'2017-08-07'),(1133,535,2171,'2017-08-07'),(1134,535,2172,'2017-08-07'),(1135,536,2173,'2017-08-07'),(1136,536,2174,'2017-08-07'),(1137,537,2175,'2017-08-07'),(1138,537,2176,'2017-08-07'),(1139,538,2177,'2017-08-07'),(1140,538,2178,'2017-08-07'),(1141,539,2179,'2017-08-07'),(1142,539,2180,'2017-08-07'),(1143,540,2181,'2017-08-07'),(1144,540,2182,'2017-08-07'),(1145,541,2183,'2017-08-07'),(1146,541,2184,'2017-08-07'),(1147,542,2185,'2017-08-07'),(1148,542,2186,'2017-08-07'),(1149,543,2187,'2017-08-07'),(1150,543,2188,'2017-08-07'),(1151,544,2189,'2017-08-07'),(1152,544,2190,'2017-08-07'),(1153,545,2191,'2017-08-07'),(1154,545,2192,'2017-08-07'),(1155,546,2193,'2017-08-07'),(1156,546,2194,'2017-08-07'),(1157,547,2195,'2017-08-07'),(1158,547,2196,'2017-08-07'),(1159,548,2197,'2017-08-07'),(1160,548,2198,'2017-08-07'),(1161,549,2199,'2017-08-07'),(1162,549,2200,'2017-08-07'),(1163,550,2201,'2017-08-07'),(1164,550,2202,'2017-08-07'),(1165,551,2203,'2017-08-07'),(1166,551,2204,'2017-08-07'),(1167,552,2205,'2017-08-07'),(1168,552,2206,'2017-08-07'),(1169,553,2207,'2017-08-07'),(1170,553,2208,'2017-08-07'),(1171,554,2209,'2017-08-07'),(1172,554,2210,'2017-08-07'),(1173,555,2211,'2017-08-07'),(1174,555,2212,'2017-08-07'),(1175,556,2213,'2017-08-07'),(1176,556,2214,'2017-08-07'),(1177,557,2215,'2017-08-07'),(1178,557,2216,'2017-08-07'),(1179,558,2217,'2017-08-07'),(1180,558,2218,'2017-08-07'),(1181,559,2219,'2017-08-07'),(1182,559,2220,'2017-08-07'),(1183,560,2221,'2017-08-07'),(1184,560,2222,'2017-08-07'),(1185,561,2223,'2017-08-07'),(1186,561,2224,'2017-08-07'),(1187,562,2225,'2017-08-07'),(1188,562,2226,'2017-08-07'),(1189,563,2227,'2017-08-07'),(1190,563,2228,'2017-08-07'),(1191,564,2229,'2017-08-07'),(1192,564,2230,'2017-08-16'),(1193,565,2231,'2017-08-07'),(1194,565,2232,'2017-08-07'),(1195,566,2233,'2017-08-07'),(1196,566,2234,'2017-08-07'),(1197,567,2235,'2017-08-07'),(1198,567,2236,'2017-08-07'),(1199,568,2237,'2017-08-07'),(1200,568,2238,'2017-08-07'),(1201,569,2239,'2017-08-07'),(1202,569,2240,'2017-08-07'),(1203,570,2241,'2017-08-07'),(1204,570,2242,'2017-08-07'),(1205,571,2243,'2017-08-07'),(1206,571,2244,'2017-08-07'),(1207,572,2245,'2017-08-07'),(1208,572,2246,'2017-08-07'),(1209,573,2247,'2017-08-07'),(1210,573,2248,'2017-08-07'),(1211,574,2249,'2017-08-07'),(1212,574,2250,'2017-08-07'),(1213,575,2251,'2017-08-07'),(1214,575,2252,'2017-08-07'),(1215,576,2253,'2017-08-07'),(1216,576,2254,'2017-08-07'),(1217,577,2255,'2017-08-07'),(1218,577,2256,'2017-08-07'),(1219,578,2257,'2017-08-07'),(1220,578,2258,'2017-08-07'),(1221,579,2259,'2017-08-07'),(1222,579,2260,'2017-08-07'),(1223,580,2261,'2017-08-07'),(1224,580,2262,'2017-08-07'),(1225,581,2263,'2017-08-07'),(1226,581,2264,'2017-08-07'),(1227,582,2265,'2017-08-07'),(1228,582,2266,'2017-08-07'),(1229,583,2267,'2017-08-07'),(1230,583,2268,'2017-08-07'),(1231,584,2269,'2017-08-07'),(1232,584,2270,'2017-08-07'),(1233,585,2271,'2017-08-07'),(1234,585,2272,'2017-08-07'),(1235,586,2273,'2017-08-07'),(1236,586,2274,'2017-08-07'),(1237,587,2275,'2017-08-07'),(1238,587,2276,'2017-08-07'),(1239,588,2277,'2017-08-07'),(1240,588,2278,'2017-08-07'),(1241,589,2279,'2017-08-07'),(1242,589,2280,'2017-08-07'),(1243,590,2281,'2017-08-07'),(1244,590,2282,'2017-08-07'),(1245,591,2283,'2017-08-07'),(1246,591,2284,'2017-08-07'),(1247,592,2285,'2017-08-07'),(1248,592,2286,'2017-08-07'),(1249,593,2287,'2017-08-07'),(1250,593,2288,'2017-08-07'),(1251,594,2289,'2017-08-07'),(1252,594,2290,'2017-08-07'),(1253,595,2291,'2017-08-07'),(1254,595,2292,'2017-08-07'),(1255,596,2293,'2017-08-07'),(1256,596,2294,'2017-08-07'),(1257,597,2295,'2017-08-07'),(1258,597,2296,'2017-08-07'),(1259,598,2297,'2017-08-07'),(1260,598,2298,'2017-08-07'),(1261,599,2299,'2017-08-07'),(1262,599,2300,'2017-08-07'),(1263,600,2301,'2017-08-07'),(1264,600,2302,'2017-08-07'),(1265,601,2303,'2017-08-07'),(1266,601,2304,'2017-08-07'),(1267,602,2305,'2017-08-07'),(1268,602,2306,'2017-08-07'),(1269,603,2307,'2017-08-07'),(1270,603,2308,'2017-08-07'),(1271,604,2309,'2017-08-07'),(1272,604,2310,'2017-08-07'),(1273,605,2311,'2017-08-07'),(1274,605,2312,'2017-08-07'),(1275,606,2313,'2017-08-07'),(1276,606,2314,'2017-08-07'),(1277,607,2315,'2017-08-07'),(1278,607,2316,'2017-08-07'),(1279,608,2317,'2017-08-07'),(1280,608,2318,'2017-08-07'),(1281,609,2319,'2017-08-16'),(1282,609,2320,'2017-08-07'),(1283,610,2321,'2017-08-07'),(1284,610,2322,'2017-08-07'),(1285,611,2323,'2017-08-07'),(1286,611,2324,'2017-08-07'),(1287,612,2325,'2017-08-07'),(1288,612,2326,'2017-08-07'),(1289,613,2327,'2017-08-07'),(1290,613,2328,'2017-08-07'),(1291,614,2329,'2017-08-07'),(1292,614,2330,'2017-08-07'),(1293,615,2331,'2017-08-07'),(1294,615,2332,'2017-08-07'),(1295,616,2333,'2017-08-07'),(1296,616,2334,'2017-08-07'),(1297,617,2335,'2017-08-07'),(1298,617,2336,'2017-08-07'),(1299,618,2337,'2017-08-07'),(1300,618,2338,'2017-08-07'),(1301,619,2339,'2017-08-07'),(1302,619,2340,'2017-08-07'),(1303,620,2341,'2017-08-07'),(1304,620,2342,'2017-08-07'),(1305,621,2343,'2017-08-07'),(1306,621,2344,'2017-08-07'),(1307,622,2345,'2017-08-07'),(1308,622,2346,'2017-08-07'),(1309,623,2347,'2017-08-07'),(1310,623,2348,'2017-08-07'),(1311,624,2349,'2017-08-07'),(1312,624,2350,'2017-08-07'),(1313,625,2351,'2017-08-07'),(1314,625,2352,'2017-08-07'),(1315,626,2353,'2017-08-07'),(1316,626,2354,'2017-08-07'),(1317,627,2355,'2017-08-07'),(1318,627,2356,'2017-08-16'),(1319,628,2357,'2017-08-07'),(1320,628,2358,'2017-08-07'),(1321,629,2359,'2017-08-07'),(1322,629,2360,'2017-08-07'),(1323,630,2361,'2017-08-07'),(1324,630,2362,'2017-08-07'),(1325,631,2363,'2017-08-07'),(1326,631,2364,'2017-08-07'),(1327,632,2365,'2017-08-07'),(1328,632,2366,'2017-08-07'),(1329,633,2367,'2017-08-07'),(1330,633,2368,'2017-08-07'),(1331,634,2369,'2017-08-07'),(1332,634,2370,'2017-08-07'),(1333,635,2371,'2017-08-07'),(1334,635,2372,'2017-08-07'),(1335,636,2373,'2017-08-07'),(1336,636,2374,'2017-08-07'),(1337,637,2375,'2017-08-07'),(1338,637,2376,'2017-08-07'),(1339,638,2377,'2017-08-07'),(1340,638,2378,'2017-08-07'),(1341,639,2379,'2017-08-07'),(1342,639,2380,'2017-08-07'),(1343,640,2381,'2017-08-07'),(1344,640,2382,'2017-08-07'),(1345,641,2383,'2017-08-07'),(1346,641,2384,'2017-08-14'),(1347,642,2385,'2017-08-07'),(1348,642,2386,'2017-08-07'),(1349,643,2387,'2017-08-07'),(1350,643,2388,'2017-08-07'),(1351,644,2389,'2017-08-07'),(1352,644,2390,'2017-08-07'),(1353,645,2391,'2017-08-16'),(1354,986,2392,'2017-08-18'),(1355,646,2393,'2017-08-07'),(1356,646,2394,'2017-08-07'),(1357,647,2395,'2017-08-07'),(1358,647,2396,'2017-08-07'),(1359,648,2397,'2017-08-07'),(1360,648,2398,'2017-08-07'),(1361,649,2399,'2017-08-07'),(1362,649,2400,'2017-08-07'),(1363,650,2401,'2017-08-07'),(1364,650,2402,'2017-08-07'),(1365,651,2403,'2017-08-07'),(1366,651,2404,'2017-08-07'),(1367,652,2405,'2017-08-07'),(1368,652,2406,'2017-08-07'),(1369,653,2407,'2017-08-07'),(1370,653,2408,'2017-08-07'),(1371,654,2409,'2017-08-07'),(1372,654,2410,'2017-08-07'),(1373,655,2411,'2017-08-16'),(1374,655,2412,'2017-08-07'),(1375,656,2413,'2017-08-07'),(1376,656,2414,'2017-08-07'),(1377,657,2415,'2017-08-07'),(1378,657,2416,'2017-08-07'),(1379,658,2417,'2017-08-07'),(1380,658,2418,'2017-08-07'),(1381,659,2419,'2017-08-07'),(1382,659,2420,'2017-08-07'),(1383,660,2421,'2017-08-07'),(1384,660,2422,'2017-08-07'),(1385,661,2423,'2017-08-07'),(1386,661,2424,'2017-08-07'),(1387,662,2425,'2017-08-07'),(1388,662,2426,'2017-08-07'),(1389,663,2427,'2017-08-07'),(1390,663,2428,'2017-08-14'),(1391,664,2429,'2017-08-07'),(1392,664,2430,'2017-08-07'),(1393,665,2431,'2017-08-07'),(1394,665,2432,'2017-08-07'),(1395,666,2433,'2017-08-07'),(1396,666,2434,'2017-08-07'),(1397,667,2435,'2017-08-07'),(1398,667,2436,'2017-08-07'),(1399,668,2437,'2017-08-07'),(1400,668,2438,'2017-08-07'),(1401,669,2439,'2017-08-07'),(1402,669,2440,'2017-08-14'),(1403,670,2441,'2017-08-07'),(1404,670,2442,'2017-08-07'),(1405,671,2443,'2017-08-07'),(1406,671,2444,'2017-08-07'),(1407,672,2445,'2017-08-07'),(1408,672,2446,'2017-08-07'),(1409,673,2447,'2017-08-07'),(1410,673,2448,'2017-08-07'),(1411,674,2449,'2017-08-07'),(1412,674,2450,'2017-08-07'),(1413,675,2451,'2017-08-07'),(1414,675,2452,'2017-08-07'),(1415,676,2453,'2017-08-07'),(1416,676,2454,'2017-08-14'),(1417,677,2455,'2017-08-07'),(1418,677,2456,'2017-08-07'),(1419,678,2457,'2017-08-07'),(1420,678,2458,'2017-08-07'),(1421,679,2459,'2017-08-07'),(1422,679,2460,'2017-08-07'),(1423,680,2461,'2017-08-07'),(1424,680,2462,'2017-08-07'),(1425,681,2463,'2017-08-07'),(1426,681,2464,'2017-08-07'),(1427,682,2465,'2017-08-07'),(1428,682,2466,'2017-08-07'),(1429,683,2467,'2017-08-07'),(1430,683,2468,'2017-08-07'),(1431,684,2469,'2017-08-07'),(1432,684,2470,'2017-08-07'),(1433,685,2471,'2017-08-07'),(1434,685,2472,'2017-08-07'),(1435,686,2473,'2017-08-07'),(1436,686,2474,'2017-08-07'),(1437,687,2475,'2017-08-07'),(1438,687,2476,'2017-08-07'),(1439,688,2477,'2017-08-07'),(1440,688,2478,'2017-08-07'),(1441,689,2479,'2017-08-07'),(1442,689,2480,'2017-08-07'),(1443,690,2481,'2017-08-07'),(1444,690,2482,'2017-08-14'),(1445,691,2483,'2017-08-07'),(1446,691,2484,'2017-08-07'),(1447,692,2485,'2017-08-07'),(1448,692,2486,'2017-08-07'),(1449,693,2487,'2017-08-07'),(1450,693,2488,'2017-08-07'),(1451,694,2489,'2017-08-07'),(1452,694,2490,'2017-08-07'),(1453,695,2491,'2017-08-07'),(1454,695,2492,'2017-08-07'),(1455,696,2493,'2017-08-07'),(1456,696,2494,'2017-08-07'),(1457,697,2495,'2017-08-07'),(1458,697,2496,'2017-08-07'),(1459,698,2497,'2017-08-07'),(1460,698,2498,'2017-08-07'),(1461,699,2499,'2017-08-07'),(1462,699,2500,'2017-08-07'),(1463,700,2501,'2017-08-07'),(1464,700,2502,'2017-08-07'),(1465,701,2503,'2017-08-07'),(1466,701,2504,'2017-08-07'),(1467,702,2505,'2017-08-07'),(1468,702,2506,'2017-08-07'),(1469,703,2507,'2017-08-07'),(1470,703,2508,'2017-08-07'),(1471,704,2509,'2017-08-07'),(1472,704,2510,'2017-08-07'),(1473,705,2511,'2017-08-07'),(1474,705,2512,'2017-08-07'),(1475,706,2513,'2017-08-07'),(1476,706,2514,'2017-08-07'),(1477,707,2515,'2017-08-07'),(1478,707,2516,'2017-08-07'),(1479,708,2517,'2017-08-07'),(1480,708,2518,'2017-08-14'),(1481,709,2519,'2017-08-07'),(1482,709,2520,'2017-08-07'),(1483,710,2521,'2017-08-07'),(1484,710,2522,'2017-08-07'),(1485,711,2523,'2017-08-07'),(1486,711,2524,'2017-08-07'),(1487,712,2525,'2017-08-07'),(1488,712,2526,'2017-08-07'),(1489,713,2527,'2017-08-07'),(1490,713,2528,'2017-08-07'),(1491,714,2529,'2017-08-07'),(1492,714,2530,'2017-08-07'),(1493,715,2531,'2017-08-07'),(1494,715,2532,'2017-08-07'),(1495,716,2533,'2017-08-07'),(1496,716,2534,'2017-08-07'),(1497,717,2535,'2017-08-07'),(1498,717,2536,'2017-08-14'),(1499,718,2537,'2017-08-07'),(1500,718,2538,'2017-08-07'),(1501,719,2539,'2017-08-07'),(1502,719,2540,'2017-08-14'),(1503,720,2541,'2017-08-07'),(1504,720,2542,'2017-08-07'),(1505,721,2543,'2017-08-07'),(1506,721,2544,'2017-08-07'),(1507,722,2545,'2017-08-07'),(1508,722,2546,'2017-08-07'),(1509,723,2547,'2017-08-07'),(1510,723,2548,'2017-08-07'),(1511,724,2549,'2017-08-07'),(1512,724,2550,'2017-08-07'),(1513,725,2551,'2017-08-07'),(1514,725,2552,'2017-08-07'),(1515,726,2553,'2017-08-07'),(1516,726,2554,'2017-08-07'),(1517,727,2555,'2017-08-07'),(1518,727,2556,'2017-08-14'),(1519,728,2557,'2017-08-07'),(1520,728,2558,'2017-08-07'),(1521,729,2559,'2017-08-07'),(1522,729,2560,'2017-08-16'),(1523,730,2561,'2017-08-14'),(1524,730,2562,'2017-08-07'),(1525,731,2563,'2017-08-07'),(1526,731,2564,'2017-08-07'),(1527,732,2565,'2017-08-16'),(1528,732,2566,'2017-08-16'),(1529,733,2567,'2017-08-16'),(1530,733,2568,'2017-08-16'),(1531,734,2569,'2017-08-16'),(1532,734,2570,'2017-08-16'),(1533,735,2571,'2017-08-16'),(1534,735,2572,'2017-08-16'),(1535,736,2573,'2017-08-16'),(1536,736,2574,'2017-08-16'),(1537,742,2575,'2017-08-15'),(1538,742,2576,'2017-08-15'),(1539,743,2577,'2017-08-07'),(1540,743,2578,'2017-08-07'),(1541,744,2579,'2017-08-07'),(1542,744,2580,'2017-08-16'),(1543,745,2581,'2017-08-07'),(1544,745,2582,'2017-08-15'),(1545,746,2584,'2017-08-07'),(1546,747,2586,'2017-08-07'),(1547,944,2587,'2017-08-19'),(1548,748,2588,'2017-08-07'),(1549,749,2590,'2017-08-07'),(1550,750,2591,'2017-08-07'),(1551,750,2592,'2017-08-07'),(1552,751,2594,'2017-08-07'),(1553,960,2596,'2017-08-21'),(1554,986,2597,'2017-08-15'),(1555,983,2598,'2017-08-21'),(1556,271,2599,'2017-08-14'),(1557,986,2600,'2017-08-15'),(1558,986,2602,'2017-08-15'),(1559,963,2603,'2017-08-19'),(1560,986,2604,'2017-08-15'),(1561,757,2605,'2017-08-07'),(1562,757,2606,'2017-08-07'),(1563,38,2607,'2017-08-17'),(1564,986,2608,'2017-08-16'),(1565,986,2609,'2017-08-15'),(1566,986,2610,'2017-08-16'),(1567,986,2611,'2017-08-15'),(1568,957,2612,'2017-08-19'),(1569,958,2614,'2017-08-19'),(1570,959,2616,'2017-08-19'),(1571,764,2618,'2017-08-07'),(1572,765,2620,'2017-08-07'),(1573,766,2621,'2017-08-07'),(1574,766,2622,'2017-08-07'),(1575,767,2623,'2017-08-07'),(1576,767,2624,'2017-08-15'),(1577,768,2625,'2017-08-07'),(1578,770,2626,'2017-08-15'),(1579,769,2627,'2017-08-07'),(1580,769,2628,'2017-08-07'),(1581,770,2629,'2017-08-07'),(1582,768,2630,'2017-08-15'),(1583,771,2631,'2017-08-07'),(1584,771,2632,'2017-08-07'),(1585,737,2829,'2017-08-07'),(1586,737,2830,'2017-08-07'),(1587,737,2831,'2017-08-07'),(1588,738,2832,'2017-08-07'),(1589,738,2833,'2017-08-07'),(1590,738,2834,'2017-08-07'),(1591,739,2835,'2017-08-07'),(1592,739,2836,'2017-08-07'),(1593,739,2837,'2017-08-07'),(1594,740,2838,'2017-08-07'),(1595,740,2839,'2017-08-07'),(1596,740,2840,'2017-08-07'),(1597,741,2841,'2017-08-07'),(1598,741,2842,'2017-08-07'),(1599,741,2843,'2017-08-07'),(1600,982,2844,'2017-08-07'),(1601,982,2845,'2017-08-07'),(1602,982,2846,'2017-08-07'),(1603,834,2747,'2017-08-07'),(1604,834,2748,'2017-08-07'),(1605,835,2749,'2017-08-07'),(1606,835,2750,'2017-08-07'),(1607,836,2751,'2017-08-07'),(1608,836,2752,'2017-08-07'),(1609,837,2753,'2017-08-07'),(1610,837,2754,'2017-08-07'),(1611,838,2755,'2017-08-07'),(1612,838,2756,'2017-08-07'),(1613,839,2757,'2017-08-07'),(1614,839,2758,'2017-08-07'),(1615,840,2759,'2017-08-07'),(1616,840,2760,'2017-08-07'),(1617,841,2761,'2017-08-07'),(1618,841,2762,'2017-08-07'),(1619,842,2763,'2017-08-07'),(1620,842,2764,'2017-08-07'),(1621,477,2765,'2017-08-22'),(1622,843,2766,'2017-08-07'),(1623,844,2767,'2017-08-07'),(1624,844,2768,'2017-08-07'),(1625,845,2769,'2017-08-07'),(1626,845,2770,'2017-08-07'),(1627,846,2771,'2017-08-07'),(1628,846,2772,'2017-08-07'),(1629,847,2773,'2017-08-07'),(1630,847,2774,'2017-08-07'),(1631,848,2775,'2017-08-07'),(1632,848,2776,'2017-08-07'),(1633,849,2777,'2017-08-07'),(1634,849,2778,'2017-08-07'),(1635,850,2779,'2017-08-07'),(1636,850,2780,'2017-08-22'),(1637,858,2781,'2017-08-07'),(1638,858,2782,'2017-08-07'),(1639,859,2783,'2017-08-07'),(1640,859,2784,'2017-08-07'),(1641,860,2785,'2017-08-07'),(1642,860,2786,'2017-08-07'),(1643,861,2787,'2017-08-07'),(1644,861,2788,'2017-08-15'),(1645,862,2789,'2017-08-07'),(1646,862,2790,'2017-08-07'),(1647,863,2791,'2017-08-07'),(1648,863,2792,'2017-08-07'),(1649,804,2585,'2017-08-07'),(1650,800,2589,'2017-08-07'),(1651,986,2593,'2017-08-18'),(1652,938,2688,'2017-08-19'),(1653,800,2690,'2017-08-07'),(1654,801,2691,'2017-08-07'),(1655,801,2692,'2017-08-07'),(1656,802,2693,'2017-08-07'),(1657,802,2694,'2017-08-07'),(1658,803,2695,'2017-08-07'),(1659,803,2696,'2017-08-07'),(1660,804,2698,'2017-08-07'),(1661,805,2699,'2017-08-07'),(1662,805,2700,'2017-08-07'),(1663,946,2701,'2017-08-19'),(1664,941,2702,'2017-08-19'),(1665,986,2703,'2017-08-18'),(1666,943,2704,'2017-08-19'),(1667,942,2706,'2017-08-19'),(1668,986,2707,'2017-08-18'),(1669,928,2708,'2017-08-19'),(1670,986,2709,'2017-08-15'),(1671,986,2710,'2017-08-15'),(1672,986,2711,'2017-08-15'),(1673,986,2712,'2017-08-15'),(1674,986,2713,'2017-08-15'),(1675,986,2714,'2017-08-15'),(1676,814,2717,'2017-08-07'),(1677,814,2718,'2017-08-07'),(1678,935,2725,'2017-08-19'),(1679,944,2726,'2017-08-19'),(1680,986,2727,'2017-08-18'),(1681,939,2728,'2017-08-19'),(1682,942,2729,'2017-08-19'),(1683,937,2730,'2017-08-19'),(1684,821,2731,'2017-08-07'),(1685,821,2732,'2017-08-07'),(1686,822,2733,'2017-08-07'),(1687,822,2734,'2017-08-07'),(1688,823,2735,'2017-08-07'),(1689,823,2736,'2017-08-07'),(1690,824,2737,'2017-08-07'),(1691,824,2738,'2017-08-07'),(1692,825,2739,'2017-08-07'),(1693,825,2740,'2017-08-07'),(1694,826,2741,'2017-08-07'),(1695,826,2742,'2017-08-07'),(1696,827,2743,'2017-08-07'),(1697,827,2744,'2017-08-07'),(1698,828,2745,'2017-08-07'),(1699,828,2746,'2017-08-07'),(1700,938,3017,'2017-08-19'),(1701,986,2583,'2017-08-15'),(1702,787,2595,'2017-08-07'),(1703,928,2601,'2017-08-19'),(1704,939,2613,'2017-08-19'),(1705,986,2615,'2017-08-18'),(1706,986,2617,'2017-08-18'),(1707,986,2619,'2017-08-18'),(1708,986,2634,'2017-08-15'),(1709,777,2642,'2017-08-07'),(1710,777,2644,'2017-08-07'),(1711,749,2645,'2017-08-17'),(1712,778,2646,'2017-08-07'),(1713,986,2652,'2017-08-18'),(1714,935,2654,'2017-08-19'),(1715,940,2656,'2017-08-21'),(1716,946,2658,'2017-08-19'),(1717,986,2660,'2017-08-18'),(1718,786,2661,'2017-08-07'),(1719,786,2662,'2017-08-07'),(1720,787,2664,'2017-08-07'),(1721,789,2667,'2017-08-07'),(1722,789,2668,'2017-08-07'),(1723,790,2669,'2017-08-07'),(1724,790,2670,'2017-08-07'),(1725,791,2671,'2017-08-07'),(1726,791,2672,'2017-08-07'),(1727,788,2683,'2017-08-07'),(1728,788,2686,'2017-08-07'),(1729,988,1033,'2017-08-07'),(1730,988,1034,'2017-08-07'),(1731,988,1035,'2017-08-07'),(1732,986,1036,'2017-08-17'),(1733,988,1037,'2017-08-07'),(1734,988,1038,'2017-08-07'),(1735,967,2793,'2017-08-08'),(1736,967,2794,'2017-08-08'),(1737,968,2795,'2017-08-07'),(1738,968,2796,'2017-08-07'),(1739,968,2797,'2017-08-07'),(1740,969,2798,'2017-08-07'),(1741,969,2799,'2017-08-07'),(1742,969,2800,'2017-08-07'),(1743,970,2801,'2017-08-07'),(1744,970,2802,'2017-08-07'),(1745,971,2803,'2017-08-07'),(1746,971,2804,'2017-08-07'),(1747,971,2805,'2017-08-07'),(1748,972,2806,'2017-08-07'),(1749,972,2807,'2017-08-07'),(1750,972,2808,'2017-08-07'),(1751,973,2809,'2017-08-07'),(1752,973,2810,'2017-08-07'),(1753,973,2811,'2017-08-07'),(1754,976,2815,'2017-08-22'),(1755,978,2816,'2017-08-07'),(1756,978,2817,'2017-08-07'),(1757,979,2818,'2017-08-07'),(1758,979,2819,'2017-08-07'),(1759,979,2820,'2017-08-07'),(1760,980,2821,'2017-08-07'),(1761,980,2822,'2017-08-07'),(1762,981,2823,'2017-08-07'),(1763,981,2824,'2017-08-07'),(1764,14,1015,'2017-08-17'),(1765,14,1016,'2017-08-17'),(1766,975,2812,'2017-08-07'),(1767,975,2813,'2017-08-07'),(1768,975,2814,'2017-08-23'),(1769,984,2825,'2017-08-15'),(1770,984,2826,'2017-08-15'),(1771,986,1000,'2017-08-17'),(1772,18,1001,'2017-08-17'),(1773,18,1002,'2017-08-17'),(1774,17,1003,'2017-08-17'),(1775,17,1004,'2017-08-17'),(1776,16,1005,'2017-08-17'),(1777,16,1006,'2017-08-17'),(1778,985,2827,'2017-08-16'),(1779,985,2828,'2017-08-16'),(1780,865,2847,'2017-08-07'),(1781,866,2848,'2017-08-07'),(1782,866,2849,'2017-08-07'),(1783,867,2850,'2017-08-07'),(1784,867,2851,'2017-08-07'),(1785,868,2852,'2017-08-07'),(1786,868,2853,'2017-08-07'),(1787,869,2854,'2017-08-07'),(1788,869,2855,'2017-08-07'),(1789,870,2856,'2017-08-07'),(1790,870,2857,'2017-08-07'),(1791,872,2858,'2017-08-07'),(1792,872,2859,'2017-08-07'),(1793,873,2860,'2017-08-07'),(1794,873,2861,'2017-08-07'),(1795,874,2862,'2017-08-07'),(1796,874,2863,'2017-08-07'),(1797,875,2864,'2017-08-07'),(1798,875,2865,'2017-08-07'),(1799,876,2866,'2017-08-07'),(1800,876,2867,'2017-08-07'),(1801,877,2868,'2017-08-07'),(1802,877,2869,'2017-08-07'),(1803,878,2870,'2017-08-07'),(1804,878,2871,'2017-08-07'),(1805,879,2872,'2017-08-07'),(1806,881,2873,'2017-08-07'),(1807,881,2874,'2017-08-16'),(1808,882,2875,'2017-08-07'),(1809,882,2876,'2017-08-07'),(1810,883,2877,'2017-08-07'),(1811,883,2878,'2017-08-07'),(1812,884,2879,'2017-08-07'),(1813,884,2880,'2017-08-07'),(1814,885,2881,'2017-08-07'),(1815,885,2882,'2017-08-07'),(1816,887,2883,'2017-08-21'),(1817,887,2884,'2017-08-21'),(1818,888,2885,'2017-08-21'),(1819,888,2886,'2017-08-21'),(1820,889,2887,'2017-08-21'),(1821,889,2888,'2017-08-21'),(1822,894,2889,'2017-08-21'),(1823,894,2890,'2017-08-21'),(1824,893,2891,'2017-08-21'),(1825,893,2892,'2017-08-21'),(1826,892,2893,'2017-08-21'),(1827,892,2894,'2017-08-21'),(1828,891,2895,'2017-08-21'),(1829,891,2896,'2017-08-21'),(1830,896,2897,'2017-08-21'),(1831,896,2898,'2017-08-21'),(1832,897,2899,'2017-08-21'),(1833,897,2900,'2017-08-21'),(1834,898,2901,'2017-08-21'),(1835,898,2902,'2017-08-21'),(1836,895,2903,'2017-08-21'),(1837,895,2904,'2017-08-21'),(1838,903,2905,'2017-08-21'),(1839,903,2906,'2017-08-21'),(1840,902,2907,'2017-08-21'),(1841,902,2908,'2017-08-21'),(1842,901,2909,'2017-08-21'),(1843,901,2910,'2017-08-21'),(1844,899,2911,'2017-08-21'),(1845,899,2912,'2017-08-21'),(1846,904,2913,'2017-08-21'),(1847,904,2914,'2017-08-21'),(1848,996,2915,'2017-08-21'),(1849,996,2916,'2017-08-21'),(1850,997,2917,'2017-08-21'),(1851,997,2918,'2017-08-21'),(1852,999,2919,'2017-08-21'),(1853,936,2920,'2017-08-19'),(1854,905,2921,'2017-08-07'),(1855,905,2922,'2017-08-07'),(1856,906,2923,'2017-08-07'),(1857,907,2924,'2017-08-07'),(1858,907,2925,'2017-08-07'),(1859,908,2926,'2017-08-07'),(1860,909,2927,'2017-08-07'),(1861,909,2928,'2017-08-16'),(1862,910,2929,'2017-08-07'),(1863,911,2930,'2017-08-07'),(1864,911,2931,'2017-08-07'),(1865,912,2932,'2017-08-07'),(1866,913,2933,'2017-08-07'),(1867,914,2934,'2017-08-07'),(1868,916,2935,'2017-08-07'),(1869,916,2936,'2017-08-07'),(1870,918,2937,'2017-08-07'),(1871,919,2938,'2017-08-07'),(1872,920,2939,'2017-08-07'),(1873,921,2940,'2017-08-07'),(1874,922,2941,'2017-08-07'),(1875,923,2942,'2017-08-07'),(1876,924,2943,'2017-08-07'),(1877,925,2944,'2017-08-07'),(1878,926,2945,'2017-08-07'),(1879,926,2946,'2017-08-07'),(1880,927,2947,'2017-08-07'),(1881,927,2948,'2017-08-07'),(1882,929,2949,'2017-08-07'),(1883,929,2950,'2017-08-07'),(1884,930,2951,'2017-08-07'),(1885,930,2952,'2017-08-19'),(1886,934,2953,'2017-08-19'),(1887,934,2954,'2017-08-19'),(1888,933,2955,'2017-08-19'),(1889,933,2956,'2017-08-19'),(1890,932,2957,'2017-08-19'),(1891,932,2958,'2017-08-19'),(1892,931,2959,'2017-08-19'),(1893,931,2960,'2017-08-19'),(1894,886,2961,'2017-08-21'),(1895,900,2962,'2017-08-21'),(1896,986,2963,'2017-08-19'),(1897,999,2964,'2017-08-21'),(1898,937,2965,'2017-08-19'),(1899,890,2966,'2017-08-21'),(1900,890,2967,'2017-08-21'),(1901,900,2968,'2017-08-21'),(1902,998,2969,'2017-08-21'),(1903,886,2970,'2017-08-21'),(1904,986,2971,'2017-08-19'),(1905,998,2972,'2017-08-21'),(1906,943,2973,'2017-08-07'),(1907,947,2974,'2017-08-07'),(1908,947,2975,'2017-08-21'),(1909,949,2976,'2017-08-21'),(1910,949,2977,'2017-08-21'),(1911,948,2978,'2017-08-19'),(1912,948,2979,'2017-08-19'),(1913,950,2980,'2017-08-07'),(1914,950,2981,'2017-08-19'),(1915,951,2982,'2017-08-07'),(1916,951,2983,'2017-08-07'),(1917,952,2984,'2017-08-07'),(1918,952,2985,'2017-08-07'),(1919,953,2986,'2017-08-07'),(1920,953,2987,'2017-08-07'),(1921,954,2988,'2017-08-07'),(1922,954,2989,'2017-08-07'),(1923,955,2990,'2017-08-07'),(1924,955,2991,'2017-08-07'),(1925,956,2992,'2017-08-07'),(1926,956,2993,'2017-08-07'),(1927,761,2994,'2017-08-15'),(1928,761,2995,'2017-08-15'),(1929,762,2996,'2017-08-15'),(1930,762,2997,'2017-08-15'),(1931,959,2998,'2017-08-07'),(1932,763,2999,'2017-08-15'),(1933,752,3000,'2017-08-15'),(1934,752,3001,'2017-08-15'),(1935,760,3002,'2017-08-15'),(1936,760,3003,'2017-08-15'),(1937,962,3004,'2017-08-07'),(1938,962,3005,'2017-08-07'),(1939,759,3006,'2017-08-15'),(1940,759,3007,'2017-08-15'),(1941,756,3008,'2017-08-15'),(1942,756,3009,'2017-08-15'),(1943,755,3010,'2017-08-17'),(1944,755,3011,'2017-08-17'),(1945,754,3012,'2017-08-15'),(1946,754,3013,'2017-08-15'),(1947,753,3014,'2017-08-15'),(1948,753,3015,'2017-08-15'),(1949,746,2633,'2017-08-17'),(1950,747,2635,'2017-08-17'),(1951,37,2636,'2017-08-17'),(1952,965,2637,'2017-08-19'),(1953,965,2638,'2017-08-19'),(1954,964,2639,'2017-08-19'),(1955,986,2640,'2017-08-07'),(1956,964,2641,'2017-08-19'),(1957,748,2643,'2017-08-17'),(1958,751,2647,'2017-08-17'),(1959,986,2648,'2017-08-07'),(1960,960,2649,'2017-08-19'),(1961,986,2650,'2017-08-07'),(1962,983,2651,'2017-08-19'),(1963,986,2653,'2017-08-07'),(1964,986,2655,'2017-08-07'),(1965,986,2657,'2017-08-07'),(1966,986,2659,'2017-08-07'),(1967,957,2663,'2017-08-19'),(1968,986,2665,'2017-08-07'),(1969,986,2666,'2017-08-07'),(1970,986,2673,'2017-08-07'),(1971,986,2674,'2017-08-07'),(1972,986,2675,'2017-08-07'),(1973,986,2676,'2017-08-07'),(1974,986,2677,'2017-08-07'),(1975,986,2678,'2017-08-07'),(1976,89,2679,'2017-08-22'),(1977,261,2680,'2017-08-14'),(1978,986,2681,'2017-08-07'),(1979,986,2682,'2017-08-07'),(1980,986,2684,'2017-08-07'),(1981,986,2685,'2017-08-07'),(1982,763,2687,'2017-08-15'),(1983,765,2689,'2017-08-15'),(1984,764,2697,'2017-08-15'),(1985,941,2705,'2017-08-19'),(1986,15,2715,'2017-08-17'),(1987,15,2716,'2017-08-17'),(1988,986,2719,'2017-08-07'),(1989,986,2720,'2017-08-07'),(1990,986,2721,'2017-08-07'),(1991,986,2722,'2017-08-07'),(1992,986,2723,'2017-08-07'),(1993,986,2724,'2017-08-07'),(1994,5,1007,'2017-08-17'),(1995,5,1008,'2017-08-17'),(1996,6,1009,'2017-08-17'),(1997,6,1010,'2017-08-17'),(1998,4,1011,'2017-08-17'),(1999,4,1012,'2017-08-17'),(2000,758,1013,'2017-08-15'),(2001,758,1014,'2017-08-15'),(2002,986,1017,'2017-08-07'),(2003,986,1018,'2017-08-07'),(2004,986,1019,'2017-08-07'),(2005,986,1020,'2017-08-07'),(2006,986,1021,'2017-08-07'),(2007,945,1022,'2017-08-19'),(2008,986,1023,'2017-08-07'),(2009,986,1024,'2017-08-07'),(2010,986,1025,'2017-08-07'),(2011,986,1026,'2017-08-07'),(2012,986,1027,'2017-08-07'),(2013,986,1028,'2017-08-07'),(2014,266,1029,'2017-08-14'),(2015,986,1030,'2017-08-07'),(2016,13,1031,'2017-08-17'),(2017,986,1032,'2017-08-07'),(2018,986,3104,'2017-08-07'),(2019,986,3106,'2017-08-07'),(2048,986,3107,'2017-08-07'),(2049,986,3108,'2017-08-07'),(2050,13,3109,'2017-08-17'),(2051,986,3110,'2017-08-08'),(2052,958,3111,'2017-08-19'),(2053,936,3112,'2017-08-19'),(2054,940,3113,'2017-08-19'),(2055,945,3114,'2017-08-19'),(2056,961,3115,'2017-08-21'),(2057,966,3116,'2017-08-21'),(2058,966,3117,'2017-08-21'),(2059,757,3118,'2017-08-21'),(2060,16,3119,'2017-08-21'),(2061,17,3120,'2017-08-21'),(2062,778,3121,'2017-08-21'),(2063,851,3122,'2017-08-21'),(2064,851,3123,'2017-08-21'),(2065,990,3124,'2017-08-21'),(2066,813,3125,'2017-08-21'),(2067,977,3126,'2017-08-22'),(2068,969,3127,'2017-08-22'),(2069,976,3128,'2017-08-22'),(2070,376,3129,'2017-08-22'),(2071,986,3130,'2017-08-23'),(2072,37,3131,'2017-08-23'),(2073,37,3132,'2017-08-23'),(2074,38,3133,'2017-08-23');
/*!40000 ALTER TABLE `ocupacion` ENABLE KEYS */;
UNLOCK TABLES;

--
-- Table structure for table `puestos`
--

DROP TABLE IF EXISTS `puestos`;
/*!40101 SET @saved_cs_client     = @@character_set_client */;
/*!40101 SET character_set_client = utf8 */;
CREATE TABLE `puestos` (
  `id_puesto` int(11) NOT NULL AUTO_INCREMENT,
  `posicion` int(11) DEFAULT NULL,
  `fk_sede` int(11) NOT NULL,
  `fk_bodega` int(11) NOT NULL,
  `fk_campaign` int(11) NOT NULL,
  `fk_estado` int(11) NOT NULL,
  `fecha_puestos` date DEFAULT NULL,
  PRIMARY KEY (`id_puesto`),
  KEY `id_sede_idx` (`fk_sede`),
  KEY `id_bodega_idx` (`fk_bodega`),
  KEY `id_campaa_idx` (`fk_campaign`),
  KEY `id_estado_idx` (`fk_estado`),
  CONSTRAINT `fk_bodega_puesto` FOREIGN KEY (`fk_bodega`) REFERENCES `bodegas` (`id_bodega`) ON DELETE NO ACTION ON UPDATE NO ACTION,
  CONSTRAINT `fk_campaign_puesto` FOREIGN KEY (`fk_campaign`) REFERENCES `campaign` (`id_campaign`) ON DELETE NO ACTION ON UPDATE NO ACTION,
  CONSTRAINT `fk_estado_puesto` FOREIGN KEY (`fk_estado`) REFERENCES `estados` (`id_estados`) ON DELETE NO ACTION ON UPDATE NO ACTION,
  CONSTRAINT `fk_sede_puesto` FOREIGN KEY (`fk_sede`) REFERENCES `sedes` (`id_sede`) ON DELETE NO ACTION ON UPDATE NO ACTION
) ENGINE=InnoDB AUTO_INCREMENT=1014 DEFAULT CHARSET=utf8;
/*!40101 SET character_set_client = @saved_cs_client */;

--
-- Dumping data for table `puestos`
--

LOCK TABLES `puestos` WRITE;
/*!40000 ALTER TABLE `puestos` DISABLE KEYS */;
INSERT INTO `puestos` VALUES (1,1,1,7,13,1,'2017-08-08'),(2,2,1,7,13,1,'2017-08-08'),(3,3,1,7,13,1,'2017-08-08'),(4,4,1,7,15,1,'2017-08-17'),(5,5,1,7,15,1,'2017-08-17'),(6,6,1,7,15,1,'2017-08-17'),(7,7,1,7,15,1,'2017-08-08'),(8,8,1,7,12,1,'2017-08-08'),(9,9,1,7,7,1,'2017-08-08'),(10,10,1,7,7,1,'2017-08-08'),(11,11,1,7,7,1,'2017-08-08'),(12,12,1,7,7,1,'2017-08-08'),(13,13,1,7,16,1,'2017-08-17'),(14,14,1,7,12,1,'2017-08-17'),(15,15,1,7,13,1,'2017-08-17'),(16,16,1,7,13,1,'2017-08-17'),(17,17,1,7,13,1,'2017-08-17'),(18,18,1,7,13,1,'2017-08-17'),(19,19,1,7,7,1,'2017-08-08'),(20,20,1,7,7,1,'2017-08-08'),(21,21,1,7,7,1,'2017-08-08'),(22,22,1,7,7,1,'2017-08-08'),(23,23,1,7,7,1,'2017-08-08'),(24,24,1,7,7,1,'2017-08-08'),(25,25,1,7,7,1,'2017-08-08'),(26,26,1,7,7,1,'2017-08-08'),(27,27,1,7,7,1,'2017-08-08'),(28,28,1,7,14,1,'2017-08-08'),(29,29,1,7,14,1,'2017-08-08'),(30,30,1,7,14,1,'2017-08-08'),(31,31,1,7,14,1,'2017-08-08'),(32,32,1,7,14,1,'2017-08-08'),(33,33,1,7,14,1,'2017-08-08'),(34,34,1,7,14,1,'2017-08-08'),(35,35,1,7,14,1,'2017-08-08'),(36,36,1,7,7,1,'2017-08-08'),(37,37,1,1,1,1,'2017-08-17'),(38,38,1,1,1,1,'2017-08-23'),(39,39,1,1,1,1,'2017-08-08'),(40,40,1,1,1,1,'2017-08-08'),(41,41,1,1,1,1,'2017-08-08'),(42,42,1,1,1,1,'2017-08-08'),(43,43,1,1,1,1,'2017-08-08'),(44,44,1,1,1,1,'2017-08-08'),(45,45,1,1,1,1,'2017-08-08'),(46,46,1,1,1,2,'2017-08-08'),(47,47,1,1,1,1,'2017-08-08'),(48,48,1,1,1,1,'2017-08-08'),(49,49,1,1,1,1,'2017-08-08'),(50,50,1,1,1,1,'2017-08-16'),(51,51,1,1,1,1,'2017-08-14'),(52,52,1,1,1,1,'2017-08-08'),(53,53,1,1,1,1,'2017-08-14'),(54,54,1,1,1,1,'2017-08-16'),(55,55,1,1,1,1,'2017-08-08'),(56,56,1,1,1,1,'2017-08-08'),(57,57,1,1,1,1,'2017-08-08'),(58,58,1,1,1,1,'2017-08-08'),(59,59,1,1,1,1,'2017-08-08'),(60,60,1,1,1,1,'2017-08-08'),(61,61,1,1,1,1,'2017-08-16'),(62,62,1,1,1,1,'2017-08-08'),(63,63,1,1,1,1,'2017-08-08'),(64,64,1,1,1,1,'2017-08-08'),(65,65,1,1,1,1,'2017-08-14'),(66,66,1,1,1,2,'2017-08-15'),(67,67,1,1,1,1,'2017-08-08'),(68,68,1,1,1,1,'2017-08-08'),(69,69,1,1,1,1,'2017-08-08'),(70,70,1,1,1,1,'2017-08-08'),(71,71,1,1,1,1,'2017-08-08'),(72,72,1,1,1,1,'2017-08-08'),(73,73,1,1,1,1,'2017-08-08'),(74,74,1,1,1,1,'2017-08-08'),(75,75,1,1,1,1,'2017-08-08'),(76,76,1,1,1,1,'2017-08-08'),(77,77,1,1,1,1,'2017-08-08'),(78,78,1,1,1,1,'2017-08-08'),(79,79,1,1,1,1,'2017-08-14'),(80,80,1,1,1,1,'2017-08-08'),(81,81,1,1,1,1,'2017-08-08'),(82,82,1,1,1,1,'2017-08-08'),(83,83,1,1,1,1,'2017-08-08'),(84,84,1,1,1,1,'2017-08-08'),(85,85,1,1,1,1,'2017-08-08'),(86,86,1,1,1,1,'2017-08-08'),(87,87,1,1,1,1,'2017-08-08'),(88,88,1,1,1,1,'2017-08-08'),(89,89,1,1,1,1,'2017-08-22'),(90,90,1,1,1,1,'2017-08-08'),(91,91,1,1,1,1,'2017-08-14'),(92,92,1,1,1,1,'2017-08-08'),(93,93,1,1,1,1,'2017-08-08'),(94,94,1,1,1,1,'2017-08-08'),(95,95,1,1,1,1,'2017-08-08'),(96,96,1,1,1,1,'2017-08-08'),(97,97,1,1,1,1,'2017-08-08'),(98,98,1,1,1,1,'2017-08-08'),(99,99,1,1,1,1,'2017-08-08'),(100,100,1,1,1,1,'2017-08-08'),(101,101,1,1,1,1,'2017-08-08'),(102,102,1,1,1,1,'2017-08-08'),(103,103,1,1,1,1,'2017-08-08'),(104,104,1,1,1,1,'2017-08-08'),(105,105,1,1,1,1,'2017-08-08'),(106,106,1,1,1,1,'2017-08-08'),(107,107,1,1,1,1,'2017-08-08'),(108,108,1,1,1,1,'2017-08-08'),(109,109,1,1,1,1,'2017-08-15'),(110,110,1,1,1,1,'2017-08-08'),(111,111,1,1,1,1,'2017-08-08'),(112,112,1,1,1,1,'2017-08-08'),(113,113,1,1,1,1,'2017-08-14'),(114,114,1,1,1,1,'2017-08-08'),(115,115,1,1,1,1,'2017-08-08'),(116,116,1,1,1,1,'2017-08-08'),(117,117,1,1,1,1,'2017-08-08'),(118,118,1,1,1,1,'2017-08-08'),(119,119,1,1,1,1,'2017-08-08'),(120,120,1,1,1,1,'2017-08-08'),(121,121,1,1,1,1,'2017-08-08'),(122,122,1,1,1,1,'2017-08-08'),(123,123,1,1,1,1,'2017-08-08'),(124,124,1,1,1,1,'2017-08-08'),(125,125,1,1,1,1,'2017-08-08'),(126,126,1,1,1,1,'2017-08-08'),(127,127,1,1,1,1,'2017-08-08'),(128,128,1,1,1,1,'2017-08-08'),(129,129,1,1,1,1,'2017-08-08'),(130,130,1,1,1,1,'2017-08-08'),(131,131,1,1,1,1,'2017-08-08'),(132,132,1,1,1,1,'2017-08-08'),(133,133,1,1,1,1,'2017-08-08'),(134,134,1,1,1,1,'2017-08-08'),(135,135,1,1,1,1,'2017-08-08'),(136,136,1,1,1,1,'2017-08-08'),(137,137,1,1,1,1,'2017-08-08'),(138,138,1,1,1,1,'2017-08-08'),(139,139,1,1,1,1,'2017-08-08'),(140,140,1,1,1,1,'2017-08-08'),(141,141,1,1,1,1,'2017-08-08'),(142,142,1,1,1,1,'2017-08-08'),(143,143,1,1,1,1,'2017-08-08'),(144,144,1,1,1,1,'2017-08-08'),(145,145,1,1,2,1,'2017-08-08'),(146,146,1,1,2,1,'2017-08-08'),(147,147,1,1,2,1,'2017-08-08'),(148,148,1,1,2,1,'2017-08-08'),(149,149,1,1,2,1,'2017-08-08'),(150,150,1,1,1,1,'2017-08-08'),(151,151,1,1,1,1,'2017-08-08'),(152,152,1,1,1,1,'2017-08-08'),(153,153,1,1,1,1,'2017-08-08'),(154,154,1,1,1,1,'2017-08-08'),(155,155,1,1,1,1,'2017-08-08'),(156,156,1,1,1,1,'2017-08-08'),(157,157,1,1,1,1,'2017-08-08'),(158,158,1,1,1,1,'2017-08-08'),(159,159,1,1,1,1,'2017-08-08'),(160,160,1,1,1,1,'2017-08-08'),(161,161,1,1,1,1,'2017-08-08'),(162,162,1,1,1,1,'2017-08-08'),(163,163,1,1,1,1,'2017-08-08'),(164,164,1,1,1,1,'2017-08-08'),(165,165,1,1,1,1,'2017-08-08'),(166,166,1,1,1,1,'2017-08-08'),(167,167,1,1,1,1,'2017-08-08'),(168,168,1,1,1,1,'2017-08-08'),(169,169,1,1,1,1,'2017-08-08'),(170,170,1,1,1,1,'2017-08-08'),(171,171,1,1,1,1,'2017-08-08'),(172,172,1,1,1,1,'2017-08-08'),(173,173,1,1,1,1,'2017-08-08'),(174,174,1,1,1,1,'2017-08-08'),(175,175,1,1,1,1,'2017-08-15'),(176,176,1,1,1,1,'2017-08-14'),(177,177,1,1,1,1,'2017-08-08'),(178,178,1,1,1,1,'2017-08-08'),(179,179,1,1,1,1,'2017-08-15'),(180,180,1,1,1,1,'2017-08-08'),(181,181,1,1,1,1,'2017-08-08'),(182,182,1,1,1,1,'2017-08-08'),(183,183,1,1,1,1,'2017-08-08'),(184,184,1,1,1,1,'2017-08-08'),(185,185,1,1,1,1,'2017-08-08'),(186,186,1,1,1,1,'2017-08-08'),(187,187,1,1,1,1,'2017-08-08'),(188,188,1,1,1,1,'2017-08-08'),(189,189,1,1,1,1,'2017-08-08'),(190,190,1,1,1,1,'2017-08-08'),(191,191,1,1,1,1,'2017-08-08'),(192,192,1,1,1,1,'2017-08-16'),(193,193,1,1,1,1,'2017-08-08'),(194,194,1,1,1,1,'2017-08-08'),(195,195,1,1,1,1,'2017-08-08'),(196,196,1,1,1,1,'2017-08-08'),(197,197,1,1,1,1,'2017-08-08'),(198,198,1,1,1,1,'2017-08-08'),(199,199,1,1,1,1,'2017-08-08'),(200,200,1,1,1,1,'2017-08-16'),(201,201,1,1,1,1,'2017-08-08'),(202,202,1,1,1,1,'2017-08-08'),(203,203,1,1,1,1,'2017-08-08'),(204,204,1,1,1,1,'2017-08-08'),(205,205,1,1,1,1,'2017-08-08'),(206,206,1,1,1,1,'2017-08-14'),(207,207,1,1,1,1,'2017-08-08'),(208,208,1,1,1,1,'2017-08-08'),(209,209,1,1,1,1,'2017-08-08'),(210,210,1,1,1,1,'2017-08-08'),(211,211,1,1,1,1,'2017-08-08'),(212,212,1,1,1,1,'2017-08-08'),(213,213,1,1,1,1,'2017-08-08'),(214,214,1,1,1,1,'2017-08-08'),(215,215,1,1,1,1,'2017-08-08'),(216,216,1,1,1,1,'2017-08-08'),(217,217,1,1,1,1,'2017-08-08'),(218,218,1,1,1,1,'2017-08-08'),(219,219,1,1,1,1,'2017-08-08'),(220,220,1,1,1,1,'2017-08-08'),(221,221,1,1,1,1,'2017-08-08'),(222,222,1,1,1,1,'2017-08-08'),(223,223,1,1,1,1,'2017-08-08'),(224,224,1,1,1,1,'2017-08-08'),(225,225,1,1,1,1,'2017-08-08'),(226,226,1,1,1,1,'2017-08-08'),(227,227,1,1,1,1,'2017-08-08'),(228,228,1,1,1,1,'2017-08-08'),(229,229,1,1,1,1,'2017-08-08'),(230,230,1,1,1,1,'2017-08-08'),(231,231,1,1,1,1,'2017-08-08'),(232,232,1,1,1,1,'2017-08-08'),(233,233,1,1,1,1,'2017-08-08'),(234,234,1,1,1,1,'2017-08-08'),(235,235,1,1,2,1,'2017-08-08'),(236,236,1,1,2,1,'2017-08-08'),(237,237,1,1,2,1,'2017-08-08'),(238,238,1,1,2,1,'2017-08-08'),(239,239,1,1,2,1,'2017-08-08'),(240,240,1,1,2,1,'2017-08-08'),(241,241,1,1,2,1,'2017-08-08'),(242,242,1,1,2,1,'2017-08-08'),(243,243,1,1,2,1,'2017-08-08'),(244,244,1,1,2,1,'2017-08-08'),(245,245,1,1,2,1,'2017-08-08'),(246,246,1,1,2,1,'2017-08-08'),(247,247,1,1,2,1,'2017-08-14'),(248,248,1,1,2,1,'2017-08-08'),(249,249,1,1,2,1,'2017-08-08'),(250,250,1,1,2,1,'2017-08-14'),(251,251,1,1,2,1,'2017-08-08'),(252,252,1,1,2,1,'2017-08-08'),(253,253,1,1,2,1,'2017-08-08'),(254,254,1,1,2,1,'2017-08-08'),(255,255,1,1,2,1,'2017-08-08'),(256,256,1,1,2,1,'2017-08-14'),(257,257,1,1,2,1,'2017-08-08'),(258,258,1,1,2,1,'2017-08-08'),(259,259,1,1,2,1,'2017-08-08'),(260,260,1,1,2,1,'2017-08-08'),(261,261,1,1,2,1,'2017-08-14'),(262,262,1,1,2,1,'2017-08-08'),(263,263,1,1,2,1,'2017-08-08'),(264,264,1,1,2,1,'2017-08-08'),(265,265,1,1,2,1,'2017-08-08'),(266,266,1,1,2,1,'2017-08-14'),(267,267,1,1,2,1,'2017-08-08'),(268,268,1,1,2,1,'2017-08-08'),(269,269,1,1,2,1,'2017-08-08'),(270,270,1,1,2,1,'2017-08-08'),(271,271,1,1,2,1,'2017-08-14'),(272,272,1,1,2,1,'2017-08-08'),(273,273,1,1,2,1,'2017-08-14'),(274,274,1,1,2,1,'2017-08-08'),(275,275,1,1,2,1,'2017-08-08'),(276,276,1,1,2,1,'2017-08-08'),(277,277,1,1,2,1,'2017-08-08'),(278,278,1,1,2,1,'2017-08-08'),(279,279,1,1,2,1,'2017-08-08'),(280,280,1,1,2,1,'2017-08-08'),(281,281,1,1,2,1,'2017-08-08'),(282,282,1,1,2,1,'2017-08-16'),(283,283,1,1,2,1,'2017-08-08'),(284,284,1,1,2,1,'2017-08-08'),(285,285,1,1,2,1,'2017-08-08'),(286,286,1,1,2,1,'2017-08-08'),(287,287,1,1,2,1,'2017-08-08'),(288,288,1,1,2,1,'2017-08-08'),(289,289,1,1,2,1,'2017-08-08'),(290,290,1,1,2,1,'2017-08-08'),(291,291,1,1,2,1,'2017-08-08'),(292,292,1,1,2,1,'2017-08-08'),(293,293,1,1,2,1,'2017-08-08'),(294,294,1,1,2,1,'2017-08-08'),(295,295,1,1,2,1,'2017-08-08'),(296,296,1,1,2,1,'2017-08-08'),(297,297,1,1,2,1,'2017-08-08'),(298,298,1,1,2,1,'2017-08-08'),(299,299,1,1,2,1,'2017-08-08'),(300,300,1,1,2,1,'2017-08-08'),(301,301,1,1,2,1,'2017-08-08'),(302,302,1,1,2,1,'2017-08-08'),(303,303,1,1,2,1,'2017-08-08'),(304,304,1,1,2,1,'2017-08-08'),(305,305,1,1,2,1,'2017-08-08'),(306,306,1,1,2,1,'2017-08-08'),(307,307,1,1,2,1,'2017-08-08'),(308,308,1,1,2,1,'2017-08-08'),(309,309,1,1,2,1,'2017-08-08'),(310,310,1,1,2,1,'2017-08-08'),(311,311,1,1,2,1,'2017-08-08'),(312,312,1,1,2,1,'2017-08-08'),(313,313,1,1,2,1,'2017-08-08'),(314,314,1,1,2,1,'2017-08-08'),(315,315,1,1,2,1,'2017-08-08'),(316,316,1,1,2,1,'2017-08-08'),(317,317,1,1,2,1,'2017-08-08'),(318,318,1,1,2,1,'2017-08-08'),(319,1,1,2,3,1,'2017-08-08'),(320,2,1,2,3,1,'2017-08-08'),(321,3,1,2,3,1,'2017-08-16'),(322,4,1,2,3,1,'2017-08-08'),(323,5,1,2,3,1,'2017-08-08'),(324,6,1,2,3,1,'2017-08-08'),(325,7,1,2,3,1,'2017-08-08'),(326,8,1,2,3,1,'2017-08-08'),(327,9,1,2,3,1,'2017-08-08'),(328,10,1,2,3,1,'2017-08-08'),(329,11,1,2,3,1,'2017-08-08'),(330,12,1,2,3,1,'2017-08-08'),(331,13,1,2,3,1,'2017-08-08'),(332,14,1,2,3,1,'2017-08-08'),(333,15,1,2,3,1,'2017-08-08'),(334,16,1,2,3,1,'2017-08-08'),(335,17,1,2,3,1,'2017-08-08'),(336,18,1,2,3,1,'2017-08-08'),(337,19,1,2,3,1,'2017-08-08'),(338,20,1,2,3,1,'2017-08-08'),(339,21,1,2,3,1,'2017-08-08'),(340,22,1,2,3,1,'2017-08-08'),(341,23,1,2,3,1,'2017-08-08'),(342,24,1,2,3,1,'2017-08-08'),(343,25,1,2,3,1,'2017-08-08'),(344,26,1,2,3,1,'2017-08-22'),(345,27,1,2,3,1,'2017-08-08'),(346,28,1,2,3,1,'2017-08-08'),(347,29,1,2,3,1,'2017-08-08'),(348,30,1,2,3,1,'2017-08-08'),(349,31,1,2,3,1,'2017-08-08'),(350,32,1,2,3,1,'2017-08-08'),(351,33,1,2,3,1,'2017-08-22'),(352,34,1,2,3,1,'2017-08-08'),(353,35,1,2,3,1,'2017-08-22'),(354,36,1,2,3,1,'2017-08-08'),(355,37,1,2,3,1,'2017-08-22'),(356,38,1,2,3,1,'2017-08-22'),(357,39,1,2,3,1,'2017-08-22'),(358,40,1,2,3,1,'2017-08-08'),(359,41,1,2,3,1,'2017-08-08'),(360,42,1,2,3,1,'2017-08-08'),(361,43,1,2,3,1,'2017-08-22'),(362,44,1,2,3,1,'2017-08-08'),(363,45,1,2,3,1,'2017-08-08'),(364,46,1,2,3,1,'2017-08-08'),(365,47,1,2,3,1,'2017-08-08'),(366,48,1,2,3,1,'2017-08-08'),(367,49,1,2,3,1,'2017-08-08'),(368,50,1,2,3,1,'2017-08-08'),(369,51,1,2,3,1,'2017-08-22'),(370,52,1,2,3,1,'2017-08-08'),(371,53,1,2,3,1,'2017-08-08'),(372,54,1,2,3,1,'2017-08-08'),(373,55,1,2,3,1,'2017-08-08'),(374,56,1,2,3,1,'2017-08-22'),(375,57,1,2,3,1,'2017-08-08'),(376,58,1,2,3,1,'2017-08-08'),(377,59,1,2,3,1,'2017-08-22'),(378,60,1,2,3,1,'2017-08-08'),(379,61,1,2,3,1,'2017-08-22'),(380,62,1,2,3,1,'2017-08-08'),(381,63,1,2,3,1,'2017-08-08'),(382,64,1,2,3,1,'2017-08-08'),(383,65,1,2,3,1,'2017-08-08'),(384,66,1,2,3,1,'2017-08-08'),(385,67,1,2,3,1,'2017-08-22'),(386,68,1,2,3,1,'2017-08-08'),(387,69,1,2,3,1,'2017-08-22'),(388,70,1,2,3,1,'2017-08-14'),(389,71,1,2,3,1,'2017-08-08'),(390,72,1,2,3,1,'2017-08-08'),(391,73,1,2,3,1,'2017-08-08'),(392,74,1,2,3,1,'2017-08-08'),(393,75,1,2,3,1,'2017-08-08'),(394,76,1,2,3,1,'2017-08-08'),(395,77,1,2,3,1,'2017-08-08'),(396,78,1,2,3,1,'2017-08-08'),(397,79,1,2,3,1,'2017-08-08'),(398,80,1,2,3,1,'2017-08-08'),(399,81,1,2,3,1,'2017-08-08'),(400,82,1,2,3,1,'2017-08-08'),(401,83,1,2,3,1,'2017-08-08'),(402,84,1,2,3,1,'2017-08-08'),(403,85,1,2,3,1,'2017-08-08'),(404,86,1,2,3,1,'2017-08-08'),(405,87,1,2,3,1,'2017-08-08'),(406,88,1,2,3,1,'2017-08-08'),(407,89,1,2,3,1,'2017-08-08'),(408,90,1,2,3,1,'2017-08-22'),(409,91,1,2,3,1,'2017-08-08'),(410,92,1,2,3,1,'2017-08-08'),(411,93,1,2,3,1,'2017-08-08'),(412,94,1,2,3,1,'2017-08-08'),(413,95,1,2,3,1,'2017-08-08'),(414,96,1,2,3,1,'2017-08-08'),(415,97,1,2,3,1,'2017-08-08'),(416,98,1,2,3,1,'2017-08-08'),(417,99,1,2,3,1,'2017-08-08'),(418,100,1,2,3,1,'2017-08-08'),(419,101,1,2,3,1,'2017-08-08'),(420,102,1,2,3,1,'2017-08-22'),(421,103,1,2,3,1,'2017-08-08'),(422,104,1,2,3,1,'2017-08-08'),(423,105,1,2,3,1,'2017-08-08'),(424,106,1,2,3,1,'2017-08-22'),(425,107,1,2,3,1,'2017-08-08'),(426,108,1,2,3,1,'2017-08-08'),(427,109,1,2,3,1,'2017-08-22'),(428,110,1,2,3,1,'2017-08-08'),(429,111,1,2,3,1,'2017-08-08'),(430,112,1,2,3,1,'2017-08-22'),(431,113,1,2,3,1,'2017-08-08'),(432,114,1,2,3,1,'2017-08-08'),(433,115,1,2,3,1,'2017-08-08'),(434,116,1,2,3,1,'2017-08-08'),(435,117,1,2,3,1,'2017-08-08'),(436,118,1,2,3,1,'2017-08-08'),(437,119,1,2,3,1,'2017-08-08'),(438,120,1,2,3,1,'2017-08-08'),(439,121,1,2,3,1,'2017-08-08'),(440,122,1,2,3,1,'2017-08-08'),(441,123,1,2,3,1,'2017-08-22'),(442,124,1,2,3,1,'2017-08-08'),(443,125,1,2,3,1,'2017-08-08'),(444,126,1,2,3,1,'2017-08-22'),(445,127,1,2,3,1,'2017-08-08'),(446,128,1,2,3,1,'2017-08-08'),(447,129,1,2,3,1,'2017-08-08'),(448,130,1,2,3,1,'2017-08-08'),(449,131,1,2,3,1,'2017-08-08'),(450,132,1,2,3,1,'2017-08-08'),(451,133,1,2,3,1,'2017-08-08'),(452,134,1,2,3,1,'2017-08-08'),(453,135,1,2,3,1,'2017-08-08'),(454,136,1,2,3,1,'2017-08-22'),(455,137,1,2,3,1,'2017-08-08'),(456,138,1,2,3,1,'2017-08-08'),(457,139,1,2,3,1,'2017-08-08'),(458,140,1,2,3,1,'2017-08-08'),(459,141,1,2,3,1,'2017-08-08'),(460,142,1,2,3,1,'2017-08-22'),(461,143,1,2,3,1,'2017-08-08'),(462,144,1,2,3,1,'2017-08-22'),(463,145,1,2,3,1,'2017-08-22'),(464,146,1,2,3,1,'2017-08-22'),(465,147,1,2,3,1,'2017-08-08'),(466,148,1,2,3,1,'2017-08-08'),(467,149,1,2,3,1,'2017-08-16'),(468,150,1,2,3,1,'2017-08-08'),(469,151,1,2,3,1,'2017-08-08'),(470,152,1,2,3,1,'2017-08-08'),(471,153,1,2,3,1,'2017-08-22'),(472,154,1,2,3,1,'2017-08-22'),(473,155,1,2,3,1,'2017-08-15'),(474,156,1,2,3,1,'2017-08-15'),(475,157,1,2,3,1,'2017-08-08'),(476,158,1,2,3,1,'2017-08-22'),(477,159,1,2,3,1,'2017-08-22'),(478,160,1,2,3,1,'2017-08-14'),(479,161,1,2,3,1,'2017-08-22'),(480,162,1,2,3,1,'2017-08-08'),(481,163,1,2,3,1,'2017-08-08'),(482,164,1,2,3,1,'2017-08-08'),(483,165,1,2,3,1,'2017-08-22'),(484,166,1,2,3,1,'2017-08-08'),(485,167,1,2,3,1,'2017-08-08'),(486,168,1,2,3,1,'2017-08-22'),(487,169,1,2,3,1,'2017-08-22'),(488,170,1,2,3,1,'2017-08-14'),(489,171,1,2,3,1,'2017-08-08'),(490,172,1,2,3,1,'2017-08-08'),(491,173,1,2,3,1,'2017-08-08'),(492,174,1,2,3,1,'2017-08-08'),(493,175,1,2,3,1,'2017-08-08'),(494,176,1,2,3,1,'2017-08-08'),(495,177,1,2,3,1,'2017-08-22'),(496,178,1,2,3,1,'2017-08-08'),(497,179,1,2,3,1,'2017-08-08'),(498,180,1,2,3,1,'2017-08-08'),(499,181,1,2,3,1,'2017-08-08'),(500,182,1,2,3,1,'2017-08-08'),(501,183,1,2,3,1,'2017-08-08'),(502,184,1,2,3,1,'2017-08-08'),(503,185,1,2,3,1,'2017-08-08'),(504,186,1,2,3,1,'2017-08-08'),(505,187,1,2,3,1,'2017-08-08'),(506,188,1,2,3,1,'2017-08-08'),(507,189,1,2,3,1,'2017-08-22'),(508,190,1,2,3,1,'2017-08-08'),(509,191,1,2,3,1,'2017-08-08'),(510,192,1,2,3,1,'2017-08-08'),(511,193,1,2,3,1,'2017-08-08'),(512,194,1,2,3,1,'2017-08-08'),(513,195,1,2,3,1,'2017-08-08'),(514,196,1,2,3,1,'2017-08-08'),(515,197,1,2,3,1,'2017-08-08'),(516,198,1,2,3,1,'2017-08-16'),(517,199,1,2,3,1,'2017-08-08'),(518,200,1,2,3,1,'2017-08-16'),(519,201,1,2,3,1,'2017-08-08'),(520,202,1,2,3,1,'2017-08-16'),(521,1,1,3,4,1,'2017-08-08'),(522,2,1,3,4,1,'2017-08-08'),(523,3,1,3,4,1,'2017-08-08'),(524,4,1,3,4,1,'2017-08-08'),(525,5,1,3,4,1,'2017-08-08'),(526,6,1,3,4,1,'2017-08-08'),(527,7,1,3,4,1,'2017-08-08'),(528,8,1,3,4,1,'2017-08-08'),(529,9,1,3,4,1,'2017-08-08'),(530,10,1,3,4,1,'2017-08-08'),(531,11,1,3,4,1,'2017-08-08'),(532,12,1,3,4,1,'2017-08-08'),(533,13,1,3,4,1,'2017-08-08'),(534,14,1,3,4,1,'2017-08-08'),(535,15,1,3,4,1,'2017-08-08'),(536,16,1,3,4,1,'2017-08-08'),(537,17,1,3,4,1,'2017-08-08'),(538,18,1,3,4,1,'2017-08-08'),(539,19,1,3,4,1,'2017-08-08'),(540,20,1,3,4,1,'2017-08-08'),(541,21,1,3,4,1,'2017-08-08'),(542,22,1,3,4,1,'2017-08-08'),(543,23,1,3,4,1,'2017-08-08'),(544,24,1,3,4,1,'2017-08-08'),(545,25,1,3,4,1,'2017-08-08'),(546,26,1,3,4,1,'2017-08-08'),(547,27,1,3,4,1,'2017-08-08'),(548,28,1,3,4,1,'2017-08-08'),(549,29,1,3,4,1,'2017-08-08'),(550,30,1,3,4,1,'2017-08-08'),(551,31,1,3,4,1,'2017-08-08'),(552,32,1,3,4,1,'2017-08-08'),(553,33,1,3,4,1,'2017-08-08'),(554,34,1,3,4,1,'2017-08-08'),(555,35,1,3,4,1,'2017-08-08'),(556,36,1,3,4,1,'2017-08-08'),(557,37,1,3,4,1,'2017-08-08'),(558,38,1,3,4,1,'2017-08-08'),(559,39,1,3,4,1,'2017-08-08'),(560,40,1,3,4,1,'2017-08-08'),(561,41,1,3,4,1,'2017-08-08'),(562,42,1,3,4,1,'2017-08-08'),(563,43,1,3,4,1,'2017-08-08'),(564,44,1,3,4,1,'2017-08-16'),(565,45,1,3,4,1,'2017-08-08'),(566,46,1,3,4,1,'2017-08-08'),(567,47,1,3,4,1,'2017-08-08'),(568,48,1,3,4,1,'2017-08-08'),(569,49,1,3,4,1,'2017-08-08'),(570,50,1,3,4,1,'2017-08-08'),(571,51,1,3,4,1,'2017-08-08'),(572,52,1,3,4,1,'2017-08-08'),(573,53,1,3,4,1,'2017-08-08'),(574,54,1,3,4,1,'2017-08-08'),(575,55,1,3,4,1,'2017-08-08'),(576,56,1,3,4,1,'2017-08-08'),(577,57,1,3,4,1,'2017-08-08'),(578,58,1,3,4,1,'2017-08-08'),(579,59,1,3,4,1,'2017-08-08'),(580,60,1,3,4,1,'2017-08-08'),(581,61,1,3,4,1,'2017-08-08'),(582,62,1,3,4,1,'2017-08-08'),(583,63,1,3,4,1,'2017-08-08'),(584,64,1,3,4,1,'2017-08-08'),(585,65,1,3,4,1,'2017-08-08'),(586,66,1,3,4,1,'2017-08-08'),(587,67,1,3,4,1,'2017-08-08'),(588,68,1,3,4,1,'2017-08-08'),(589,69,1,3,4,1,'2017-08-08'),(590,70,1,3,4,1,'2017-08-08'),(591,71,1,3,4,1,'2017-08-08'),(592,72,1,3,4,1,'2017-08-08'),(593,73,1,3,4,1,'2017-08-08'),(594,74,1,3,4,1,'2017-08-08'),(595,75,1,3,4,1,'2017-08-08'),(596,76,1,3,4,1,'2017-08-08'),(597,77,1,3,4,1,'2017-08-08'),(598,78,1,3,4,1,'2017-08-08'),(599,79,1,3,4,1,'2017-08-08'),(600,80,1,3,4,1,'2017-08-08'),(601,81,1,3,4,1,'2017-08-08'),(602,82,1,3,4,1,'2017-08-08'),(603,83,1,3,4,1,'2017-08-08'),(604,84,1,3,4,1,'2017-08-08'),(605,85,1,3,4,1,'2017-08-08'),(606,86,1,3,4,1,'2017-08-08'),(607,87,1,3,4,1,'2017-08-08'),(608,88,1,3,4,1,'2017-08-08'),(609,89,1,3,4,1,'2017-08-16'),(610,90,1,3,4,1,'2017-08-08'),(611,91,1,3,4,1,'2017-08-08'),(612,92,1,3,4,1,'2017-08-08'),(613,93,1,3,4,1,'2017-08-08'),(614,94,1,3,4,1,'2017-08-08'),(615,95,1,3,4,1,'2017-08-08'),(616,96,1,3,4,1,'2017-08-08'),(617,97,1,3,4,1,'2017-08-08'),(618,98,1,3,4,1,'2017-08-08'),(619,99,1,3,4,1,'2017-08-08'),(620,100,1,3,4,1,'2017-08-08'),(621,101,1,3,4,1,'2017-08-08'),(622,102,1,3,4,1,'2017-08-08'),(623,103,1,3,4,1,'2017-08-08'),(624,104,1,3,4,1,'2017-08-08'),(625,105,1,3,4,1,'2017-08-08'),(626,106,1,3,4,1,'2017-08-08'),(627,107,1,3,4,1,'2017-08-16'),(628,108,1,3,4,1,'2017-08-08'),(629,109,1,3,4,1,'2017-08-08'),(630,110,1,3,4,1,'2017-08-08'),(631,111,1,3,4,1,'2017-08-08'),(632,112,1,3,4,1,'2017-08-08'),(633,113,1,3,4,1,'2017-08-08'),(634,114,1,3,4,1,'2017-08-08'),(635,115,1,3,4,1,'2017-08-08'),(636,116,1,3,4,1,'2017-08-08'),(637,117,1,3,4,1,'2017-08-08'),(638,118,1,3,4,1,'2017-08-08'),(639,119,1,3,4,1,'2017-08-08'),(640,120,1,3,4,1,'2017-08-08'),(641,121,1,3,4,1,'2017-08-14'),(642,122,1,3,4,1,'2017-08-08'),(643,123,1,3,4,1,'2017-08-08'),(644,124,1,3,4,1,'2017-08-08'),(645,125,1,3,4,1,'2017-08-16'),(646,126,1,3,4,1,'2017-08-08'),(647,127,1,3,4,1,'2017-08-08'),(648,128,1,3,4,1,'2017-08-08'),(649,129,1,3,4,1,'2017-08-08'),(650,130,1,3,4,1,'2017-08-08'),(651,131,1,3,4,1,'2017-08-08'),(652,132,1,3,4,1,'2017-08-08'),(653,133,1,3,4,1,'2017-08-08'),(654,134,1,3,4,1,'2017-08-08'),(655,135,1,3,4,1,'2017-08-16'),(656,136,1,3,4,1,'2017-08-08'),(657,137,1,3,4,1,'2017-08-08'),(658,138,1,3,4,1,'2017-08-08'),(659,139,1,3,4,1,'2017-08-08'),(660,140,1,3,4,1,'2017-08-08'),(661,141,1,3,4,1,'2017-08-08'),(662,142,1,3,4,1,'2017-08-08'),(663,143,1,3,4,1,'2017-08-14'),(664,144,1,3,4,1,'2017-08-08'),(665,145,1,3,4,1,'2017-08-08'),(666,146,1,3,4,1,'2017-08-08'),(667,147,1,3,4,1,'2017-08-08'),(668,148,1,3,4,1,'2017-08-08'),(669,149,1,3,4,1,'2017-08-14'),(670,150,1,3,4,1,'2017-08-08'),(671,151,1,3,4,1,'2017-08-08'),(672,152,1,3,4,1,'2017-08-08'),(673,153,1,3,4,1,'2017-08-08'),(674,154,1,3,4,1,'2017-08-08'),(675,155,1,3,4,1,'2017-08-08'),(676,156,1,3,4,1,'2017-08-14'),(677,157,1,3,4,1,'2017-08-08'),(678,158,1,3,4,1,'2017-08-08'),(679,159,1,3,4,1,'2017-08-08'),(680,160,1,3,4,1,'2017-08-08'),(681,161,1,3,4,1,'2017-08-08'),(682,162,1,3,4,1,'2017-08-08'),(683,163,1,3,4,1,'2017-08-08'),(684,164,1,3,4,1,'2017-08-08'),(685,165,1,3,4,1,'2017-08-08'),(686,166,1,3,4,1,'2017-08-08'),(687,167,1,3,4,1,'2017-08-08'),(688,168,1,3,4,1,'2017-08-08'),(689,169,1,3,4,1,'2017-08-08'),(690,170,1,3,4,1,'2017-08-14'),(691,171,1,3,4,1,'2017-08-08'),(692,172,1,3,4,1,'2017-08-08'),(693,173,1,3,4,1,'2017-08-08'),(694,174,1,3,4,1,'2017-08-08'),(695,175,1,3,4,1,'2017-08-08'),(696,176,1,3,4,1,'2017-08-08'),(697,177,1,3,4,1,'2017-08-08'),(698,178,1,3,4,1,'2017-08-08'),(699,179,1,3,4,1,'2017-08-08'),(700,180,1,3,4,1,'2017-08-08'),(701,181,1,3,4,1,'2017-08-08'),(702,182,1,3,4,1,'2017-08-08'),(703,183,1,3,4,1,'2017-08-08'),(704,184,1,3,4,1,'2017-08-08'),(705,185,1,3,4,1,'2017-08-08'),(706,186,1,3,4,1,'2017-08-08'),(707,187,1,3,4,1,'2017-08-08'),(708,188,1,3,4,1,'2017-08-14'),(709,189,1,3,4,1,'2017-08-08'),(710,190,1,3,4,1,'2017-08-08'),(711,191,1,3,4,1,'2017-08-08'),(712,192,1,3,4,1,'2017-08-08'),(713,193,1,3,4,1,'2017-08-08'),(714,194,1,3,4,1,'2017-08-08'),(715,195,1,3,4,1,'2017-08-08'),(716,196,1,3,4,1,'2017-08-08'),(717,197,1,3,4,1,'2017-08-14'),(718,198,1,3,4,1,'2017-08-08'),(719,199,1,3,4,1,'2017-08-14'),(720,200,1,3,4,1,'2017-08-08'),(721,201,1,3,4,1,'2017-08-08'),(722,202,1,3,4,1,'2017-08-08'),(723,203,1,3,4,1,'2017-08-08'),(724,204,1,3,4,1,'2017-08-08'),(725,205,1,3,4,1,'2017-08-08'),(726,206,1,3,4,1,'2017-08-08'),(727,207,1,3,4,1,'2017-08-14'),(728,208,1,3,4,1,'2017-08-08'),(729,209,1,3,4,1,'2017-08-16'),(730,210,1,3,4,1,'2017-08-14'),(731,211,1,3,4,1,'2017-08-08'),(732,212,1,3,4,1,'2017-08-16'),(733,213,1,3,4,1,'2017-08-16'),(734,214,1,3,4,1,'2017-08-16'),(735,215,1,3,4,1,'2017-08-16'),(736,216,1,3,4,1,'2017-08-16'),(737,1,1,8,4,1,'2017-08-08'),(738,2,1,8,4,1,'2017-08-08'),(739,3,1,8,4,1,'2017-08-08'),(740,4,1,8,4,1,'2017-08-08'),(741,5,1,8,4,1,'2017-08-08'),(742,1,1,4,4,1,'2017-08-15'),(743,2,1,4,4,1,'2017-08-08'),(744,3,1,4,4,1,'2017-08-16'),(745,4,1,4,4,1,'2017-08-15'),(746,5,1,4,4,1,'2017-08-17'),(747,6,1,4,4,1,'2017-08-17'),(748,7,1,4,4,1,'2017-08-17'),(749,8,1,4,4,1,'2017-08-17'),(750,9,1,4,4,1,'2017-08-08'),(751,10,1,4,4,1,'2017-08-17'),(752,11,1,4,4,1,'2017-08-15'),(753,12,1,4,4,1,'2017-08-15'),(754,13,1,4,4,1,'2017-08-15'),(755,14,1,4,4,1,'2017-08-17'),(756,15,1,4,4,1,'2017-08-15'),(757,16,1,4,4,1,'2017-08-08'),(758,17,1,4,15,1,'2017-08-15'),(759,18,1,4,4,1,'2017-08-15'),(760,19,1,4,4,1,'2017-08-15'),(761,20,1,4,4,1,'2017-08-15'),(762,21,1,4,4,1,'2017-08-15'),(763,22,1,4,4,1,'2017-08-15'),(764,23,1,4,4,1,'2017-08-15'),(765,24,1,4,4,1,'2017-08-15'),(766,25,1,4,4,1,'2017-08-08'),(767,26,1,4,4,1,'2017-08-15'),(768,27,1,4,4,1,'2017-08-15'),(769,28,1,4,4,1,'2017-08-08'),(770,29,1,4,4,1,'2017-08-15'),(771,30,1,4,4,1,'2017-08-08'),(772,31,1,4,7,1,'2017-08-08'),(773,32,1,4,6,1,'2017-08-08'),(774,33,1,4,6,1,'2017-08-08'),(775,34,1,4,6,1,'2017-08-08'),(776,35,1,4,6,1,'2017-08-08'),(777,36,1,4,7,1,'2017-08-08'),(778,37,1,4,7,1,'2017-08-08'),(779,38,1,4,6,1,'2017-08-08'),(780,39,1,4,8,1,'2017-08-08'),(781,40,1,4,7,1,'2017-08-08'),(782,41,1,4,7,1,'2017-08-08'),(783,42,1,4,7,1,'2017-08-08'),(784,43,1,4,7,1,'2017-08-08'),(785,44,1,4,7,1,'2017-08-08'),(786,45,1,4,7,1,'2017-08-08'),(787,46,1,4,7,1,'2017-08-08'),(788,47,1,4,7,1,'2017-08-08'),(789,48,1,4,7,1,'2017-08-08'),(790,49,1,4,7,1,'2017-08-08'),(791,50,1,4,7,1,'2017-08-08'),(792,51,1,4,6,1,'2017-08-08'),(793,52,1,4,6,1,'2017-08-08'),(794,53,1,4,6,1,'2017-08-08'),(795,54,1,4,6,1,'2017-08-08'),(796,55,1,4,6,1,'2017-08-08'),(797,56,1,4,6,1,'2017-08-08'),(798,57,1,4,6,1,'2017-08-08'),(799,58,1,4,6,1,'2017-08-08'),(800,59,1,4,6,1,'2017-08-08'),(801,60,1,4,6,1,'2017-08-08'),(802,61,1,4,6,1,'2017-08-08'),(803,62,1,4,6,1,'2017-08-08'),(804,63,1,4,6,1,'2017-08-08'),(805,64,1,4,6,1,'2017-08-08'),(806,65,1,4,6,1,'2017-08-08'),(807,66,1,4,6,1,'2017-08-08'),(808,67,1,4,6,1,'2017-08-08'),(809,68,1,4,6,1,'2017-08-08'),(810,69,1,4,6,1,'2017-08-08'),(811,70,1,4,6,1,'2017-08-08'),(812,71,1,4,6,1,'2017-08-08'),(813,72,1,4,6,1,'2017-08-08'),(814,73,1,4,6,1,'2017-08-08'),(815,74,1,4,6,1,'2017-08-08'),(816,75,1,4,6,1,'2017-08-08'),(817,76,1,4,6,1,'2017-08-08'),(818,77,1,4,6,1,'2017-08-08'),(819,78,1,4,6,1,'2017-08-08'),(820,79,1,4,6,1,'2017-08-08'),(821,80,1,4,6,1,'2017-08-08'),(822,81,1,4,6,1,'2017-08-08'),(823,82,1,4,6,1,'2017-08-08'),(824,83,1,4,6,1,'2017-08-08'),(825,84,1,4,6,1,'2017-08-08'),(826,85,1,4,6,1,'2017-08-08'),(827,86,1,4,6,1,'2017-08-08'),(828,87,1,4,6,1,'2017-08-08'),(829,88,1,9,14,2,'2017-08-08'),(830,89,1,9,14,2,'2017-08-08'),(831,90,1,9,14,2,'2017-08-08'),(832,91,1,9,14,2,'2017-08-08'),(833,92,1,9,14,2,'2017-08-08'),(834,93,1,9,5,2,'2017-08-08'),(835,94,1,9,5,1,'2017-08-08'),(836,95,1,9,5,1,'2017-08-08'),(837,96,1,9,5,1,'2017-08-08'),(838,97,1,9,5,1,'2017-08-08'),(839,98,1,9,5,1,'2017-08-08'),(840,99,1,9,5,1,'2017-08-08'),(841,100,1,9,5,1,'2017-08-08'),(842,101,1,9,5,1,'2017-08-08'),(843,102,1,9,5,1,'2017-08-08'),(844,103,1,9,5,1,'2017-08-08'),(845,104,1,9,5,1,'2017-08-08'),(846,105,1,9,5,1,'2017-08-08'),(847,106,1,9,5,1,'2017-08-08'),(848,107,1,9,5,1,'2017-08-08'),(849,108,1,9,5,1,'2017-08-08'),(850,109,1,9,5,1,'2017-08-22'),(851,110,1,9,5,2,'2017-08-21'),(852,111,1,9,14,2,'2017-08-08'),(853,112,1,9,14,2,'2017-08-08'),(854,113,1,9,14,2,'2017-08-08'),(855,114,1,9,14,2,'2017-08-08'),(856,115,1,9,14,2,'2017-08-08'),(857,116,1,9,14,2,'2017-08-08'),(858,117,1,9,5,1,'2017-08-08'),(859,118,1,9,5,1,'2017-08-08'),(860,119,1,9,5,1,'2017-08-08'),(861,120,1,9,5,1,'2017-08-15'),(862,121,1,9,5,1,'2017-08-08'),(863,122,1,9,5,1,'2017-08-08'),(864,123,1,9,5,1,'2017-08-08'),(865,1,1,10,13,1,'2017-08-08'),(866,2,1,10,13,1,'2017-08-08'),(867,3,1,10,13,1,'2017-08-08'),(868,4,1,10,13,1,'2017-08-08'),(869,5,1,10,13,1,'2017-08-08'),(870,6,1,10,13,1,'2017-08-08'),(871,7,1,10,13,1,'2017-08-08'),(872,8,1,10,13,1,'2017-08-08'),(873,9,1,10,13,1,'2017-08-08'),(874,10,1,10,13,1,'2017-08-08'),(875,11,1,10,13,1,'2017-08-08'),(876,12,1,10,13,1,'2017-08-08'),(877,13,1,10,13,1,'2017-08-08'),(878,14,1,10,13,1,'2017-08-08'),(879,15,1,10,13,1,'2017-08-08'),(880,16,1,10,13,1,'2017-08-08'),(881,17,1,10,13,1,'2017-08-16'),(882,18,1,10,13,1,'2017-08-08'),(883,19,1,10,13,1,'2017-08-08'),(884,20,1,10,13,1,'2017-08-08'),(885,1,1,11,13,1,'2017-08-08'),(886,2,1,11,13,1,'2017-08-21'),(887,3,1,11,13,1,'2017-08-21'),(888,4,1,11,13,1,'2017-08-21'),(889,5,1,11,13,1,'2017-08-21'),(890,6,1,11,13,1,'2017-08-21'),(891,7,1,11,13,1,'2017-08-21'),(892,8,1,11,13,1,'2017-08-21'),(893,9,1,11,13,1,'2017-08-21'),(894,10,1,11,13,1,'2017-08-21'),(895,11,1,11,13,1,'2017-08-21'),(896,12,1,11,13,1,'2017-08-21'),(897,13,1,11,13,1,'2017-08-21'),(898,14,1,11,13,1,'2017-08-21'),(899,15,1,11,13,1,'2017-08-21'),(900,16,1,11,13,1,'2017-08-21'),(901,17,1,11,13,1,'2017-08-21'),(902,18,1,11,13,1,'2017-08-21'),(903,19,1,11,13,1,'2017-08-21'),(904,20,1,11,13,1,'2017-08-21'),(905,1,1,12,13,1,'2017-08-08'),(906,2,1,12,13,1,'2017-08-08'),(907,3,1,12,13,1,'2017-08-08'),(908,4,1,12,13,1,'2017-08-08'),(909,5,1,12,13,1,'2017-08-16'),(910,6,1,12,13,1,'2017-08-08'),(911,7,1,12,13,1,'2017-08-08'),(912,8,1,12,13,1,'2017-08-08'),(913,9,1,12,13,1,'2017-08-08'),(914,10,1,12,13,1,'2017-08-08'),(915,11,1,12,13,1,'2017-08-08'),(916,12,1,12,13,1,'2017-08-08'),(917,13,1,12,13,1,'2017-08-08'),(918,14,1,12,13,1,'2017-08-08'),(919,15,1,12,13,1,'2017-08-08'),(920,16,1,12,13,1,'2017-08-08'),(921,17,1,12,13,1,'2017-08-08'),(922,18,1,12,13,1,'2017-08-08'),(923,19,1,12,13,1,'2017-08-08'),(924,20,1,12,13,1,'2017-08-08'),(925,21,1,12,13,1,'2017-08-08'),(926,1,1,13,13,1,'2017-08-08'),(927,2,1,13,13,1,'2017-08-08'),(928,3,1,13,13,1,'2017-08-19'),(929,4,1,13,13,1,'2017-08-08'),(930,5,1,13,13,1,'2017-08-19'),(931,6,1,13,13,1,'2017-08-19'),(932,7,1,13,13,1,'2017-08-19'),(933,8,1,13,13,1,'2017-08-19'),(934,9,1,13,13,1,'2017-08-19'),(935,10,1,13,13,1,'2017-08-19'),(936,11,1,13,13,1,'2017-08-19'),(937,12,1,13,13,1,'2017-08-19'),(938,13,1,13,13,1,'2017-08-19'),(939,14,1,13,13,1,'2017-08-19'),(940,15,1,13,13,1,'2017-08-21'),(941,16,1,13,13,1,'2017-08-19'),(942,17,1,13,13,1,'2017-08-19'),(943,18,1,13,13,1,'2017-08-19'),(944,19,1,13,13,1,'2017-08-19'),(945,20,1,13,13,1,'2017-08-19'),(946,21,1,13,13,1,'2017-08-19'),(947,1,1,14,13,1,'2017-08-21'),(948,2,1,14,13,1,'2017-08-19'),(949,3,1,14,13,1,'2017-08-21'),(950,4,1,14,13,1,'2017-08-19'),(951,5,1,14,13,1,'2017-08-08'),(952,6,1,14,13,1,'2017-08-08'),(953,7,1,14,13,1,'2017-08-08'),(954,8,1,14,13,1,'2017-08-08'),(955,9,1,14,13,1,'2017-08-08'),(956,10,1,14,13,1,'2017-08-08'),(957,11,1,14,13,1,'2017-08-19'),(958,12,1,14,13,1,'2017-08-19'),(959,13,1,14,13,1,'2017-08-19'),(960,14,1,14,13,1,'2017-08-21'),(961,15,1,14,13,1,'2017-08-19'),(962,16,1,14,13,1,'2017-08-08'),(963,17,1,14,13,1,'2017-08-19'),(964,18,1,14,13,1,'2017-08-19'),(965,19,1,14,13,1,'2017-08-19'),(966,20,1,14,13,1,'2017-08-08'),(967,1,1,5,9,1,'2017-08-08'),(968,2,1,5,9,1,'2017-08-08'),(969,3,1,5,9,1,'2017-08-08'),(970,4,1,5,10,1,'2017-08-08'),(971,5,1,5,10,1,'2017-08-08'),(972,6,1,5,10,1,'2017-08-08'),(973,7,1,5,10,1,'2017-08-08'),(974,8,1,5,10,1,'2017-08-08'),(975,9,1,5,12,1,'2017-08-23'),(976,10,1,5,12,1,'2017-08-22'),(977,1,1,6,11,1,'2017-08-08'),(978,2,1,6,11,1,'2017-08-08'),(979,3,1,6,11,1,'2017-08-08'),(980,4,1,6,11,1,'2017-08-08'),(981,5,1,6,11,1,'2017-08-08'),(982,6,1,8,4,1,'2017-08-08'),(983,21,1,14,13,1,'2017-08-21'),(984,1,1,15,13,1,'2017-08-15'),(985,1,1,16,13,1,'2017-08-16'),(986,99,1,17,14,1,'2017-08-23'),(987,1,1,18,9,1,'2017-08-17'),(988,1,1,19,9,1,'2017-08-17'),(989,1,1,20,9,1,'2017-08-17'),(990,1,1,21,9,1,'2017-08-17'),(991,21,1,10,13,1,'2017-08-19'),(992,22,1,10,13,1,'2017-08-19'),(993,23,1,10,13,1,'2017-08-19'),(994,24,1,10,13,1,'2017-08-19'),(995,25,1,10,13,1,'2017-08-19'),(996,21,1,11,13,1,'2017-08-21'),(997,22,1,11,13,1,'2017-08-21'),(998,23,1,11,13,1,'2017-08-21'),(999,24,1,11,13,1,'2017-08-21'),(1000,25,1,11,13,1,'2017-08-19'),(1001,22,1,12,13,1,'2017-08-19'),(1002,23,1,12,13,1,'2017-08-19'),(1003,24,1,12,13,1,'2017-08-19'),(1004,25,1,12,13,1,'2017-08-19'),(1005,22,1,13,13,1,'2017-08-19'),(1006,23,1,13,13,1,'2017-08-19'),(1008,24,1,13,13,1,'2017-08-19'),(1009,25,1,13,13,1,'2017-08-19'),(1010,22,1,14,13,1,'2017-08-19'),(1011,23,1,14,13,1,'2017-08-19'),(1012,24,1,14,13,1,'2017-08-19'),(1013,25,1,14,13,1,'2017-08-19');
/*!40000 ALTER TABLE `puestos` ENABLE KEYS */;
UNLOCK TABLES;

--
-- Table structure for table `sedes`
--

DROP TABLE IF EXISTS `sedes`;
/*!40101 SET @saved_cs_client     = @@character_set_client */;
/*!40101 SET character_set_client = utf8 */;
CREATE TABLE `sedes` (
  `id_sede` int(11) NOT NULL AUTO_INCREMENT,
  `nombre_sede` varchar(45) DEFAULT NULL,
  `ciudad_sede` varchar(45) DEFAULT NULL,
  PRIMARY KEY (`id_sede`)
) ENGINE=InnoDB AUTO_INCREMENT=10 DEFAULT CHARSET=utf8;
/*!40101 SET character_set_client = @saved_cs_client */;

--
-- Dumping data for table `sedes`
--

LOCK TABLES `sedes` WRITE;
/*!40000 ALTER TABLE `sedes` DISABLE KEYS */;
INSERT INTO `sedes` VALUES (1,'DXCO IBAGUE','IBAGUE'),(2,'DXCO ZONA FRANCA','BOGOTA'),(3,'DXCO OF. ADMINISTRATIVA','BOGOTA'),(4,'DXCO ARMENIA MOCAWA','ARMENIA'),(5,'DXCO MANIZALES LA PATRIA','MANIZALES'),(6,'DXCO MANIZALES VILLAMARIA','MANIZALES'),(7,'DXCO MANIZALES SAN ANTONIO','MANIZALES'),(8,'DXCO MANIZALES LAURELES','MANIZALES'),(9,'DXCO MANIZALES BOLIVAR','MANIZALES');
/*!40000 ALTER TABLE `sedes` ENABLE KEYS */;
UNLOCK TABLES;

--
-- Table structure for table `usuarios`
--

DROP TABLE IF EXISTS `usuarios`;
/*!40101 SET @saved_cs_client     = @@character_set_client */;
/*!40101 SET character_set_client = utf8 */;
CREATE TABLE `usuarios` (
  `id_usuario` int(11) NOT NULL AUTO_INCREMENT,
  `nombre_usuario` varchar(45) NOT NULL,
  `cargo_usuario` varchar(45) NOT NULL,
  `pass_usuario` varchar(255) NOT NULL,
  `fk_sede` int(11) NOT NULL,
  `fk_campaign` int(11) NOT NULL,
  `nombre_mostrar` varchar(255) NOT NULL,
  `perfil_usuario` int(11) NOT NULL,
  PRIMARY KEY (`id_usuario`),
  UNIQUE KEY `nombre_usuario_UNIQUE` (`nombre_usuario`),
  KEY `id_sede_idx` (`fk_sede`),
  KEY `id_campaa_idx` (`fk_campaign`),
  CONSTRAINT `id_campaign_user` FOREIGN KEY (`fk_campaign`) REFERENCES `campaign` (`id_campaign`) ON DELETE NO ACTION ON UPDATE NO ACTION,
  CONSTRAINT `id_sede_user` FOREIGN KEY (`fk_sede`) REFERENCES `sedes` (`id_sede`) ON DELETE NO ACTION ON UPDATE NO ACTION
) ENGINE=InnoDB AUTO_INCREMENT=4 DEFAULT CHARSET=utf8;
/*!40101 SET character_set_client = @saved_cs_client */;

--
-- Dumping data for table `usuarios`
--

LOCK TABLES `usuarios` WRITE;
/*!40000 ALTER TABLE `usuarios` DISABLE KEYS */;
INSERT INTO `usuarios` VALUES (1,'darod01','Administrador','$2a$10$PG1eFoFGTeqIn3fmfLqCpuRMnHqx3UdQgMNilbbURlWRc3pyIMMau',1,9,'Diego Rodriguez',1),(2,'Operador','Pruebas','$2a$10$LLRw7Es4kiZWxnjudD/NN.UQ3.fPlR2P9ThrWeRtAinTqhzwUAUZa',1,9,'Operador Prueba',2),(3,'sena01','Practicantes Sena','$2a$10$PG1eFoFGTeqIn3fmfLqCpuRMnHqx3UdQgMNilbbURlWRc3pyIMMau',1,9,'Practicantes Sena',2);
/*!40000 ALTER TABLE `usuarios` ENABLE KEYS */;
UNLOCK TABLES;
/*!40103 SET TIME_ZONE=@OLD_TIME_ZONE */;

/*!40101 SET SQL_MODE=@OLD_SQL_MODE */;
/*!40014 SET FOREIGN_KEY_CHECKS=@OLD_FOREIGN_KEY_CHECKS */;
/*!40014 SET UNIQUE_CHECKS=@OLD_UNIQUE_CHECKS */;
/*!40101 SET CHARACTER_SET_CLIENT=@OLD_CHARACTER_SET_CLIENT */;
/*!40101 SET CHARACTER_SET_RESULTS=@OLD_CHARACTER_SET_RESULTS */;
/*!40101 SET COLLATION_CONNECTION=@OLD_COLLATION_CONNECTION */;
/*!40111 SET SQL_NOTES=@OLD_SQL_NOTES */;

-- Dump completed on 2017-08-23 21:36:36
